,TRAVEL_LENGTH,visit_move_cnt,total_payment,total_payment_per_day,visit_move_cnt_per_day,actual,predicted,predicted_proba
4629,3,18,1.1906448610052116,1.2139080417956254,6.0,0,0,0.002705941
3176,3,15,-0.2936743143581093,-0.3553013397043122,5.0,0,0,0.015118654
5545,2,6,-0.1652236164901296,-0.0384417530552863,3.0,0,0,0.3059914
1097,3,8,-0.0196461589064193,-0.0656011461966314,2.6666666666666665,0,0,0.18495974
3935,3,8,0.5455369117126913,0.5319055029129601,2.6666666666666665,0,0,0.095005855
3768,2,8,-0.0795898179114765,0.0973552126514389,4.0,0,0,0.02512409
3196,3,12,0.2344007768769182,0.2029750748677809,4.0,0,0,0.0043879263
156,2,6,-0.0453362984800152,0.1516739989341291,3.0,0,0,0.07479954
1839,2,4,-0.410707172415602,-0.4277263880812324,2.0,0,0,0.18148167
3458,2,9,-0.4449606918470632,-0.4820451743639225,4.5,0,0,0.07045467
1055,3,8,-0.1823503762058603,-0.2376106360918169,2.6666666666666665,0,0,0.113214836
132,2,8,-0.3222189138843271,-0.2874028568509495,4.0,0,0,0.07030723
2224,3,6,-0.422125012226089,-0.4910983054110375,2.0,0,0,0.47898975
747,3,11,0.4570486531814164,0.4383564820927715,3.6666666666666665,0,0,0.032739058
4645,4,15,1.1021566024739369,0.6948618617610306,3.75,0,0,0.038248543
4680,2,8,-0.4164160923208455,-0.4367795191283474,4.0,0,0,0.013485171
1220,2,9,-0.2565663349740263,-0.1832918498091267,4.5,0,0,0.22545141
5585,2,5,-0.273693094689757,-0.2104512429504718,2.5,0,0,0.40008345
534,5,26,2.8890485328151656,1.573015573331188,5.2,0,0,0.046389975
501,5,11,6.996616404637893,4.178506688690892,2.2,0,0,0.34224516
655,3,10,-0.2908198544054876,-0.3522836293552739,3.333333333333333,0,0,0.17279136
4653,2,11,0.4056683740342245,0.866871351656216,5.5,0,0,0.0070009376
4756,2,6,-0.273693094689757,-0.2104512429504718,3.0,0,0,0.40711272
2759,3,10,-0.2308761954004304,-0.2889117120254686,3.333333333333333,0,0,0.2079846
2384,4,12,-0.1024254975324507,-0.2602434637096044,3.0,0,0,0.22657031
5331,2,9,-0.4649419115154156,-0.5137311330288251,4.5,0,0,0.023716351
3803,2,9,-0.3307822937421923,-0.300982553421622,4.5,0,0,0.16540062
3528,2,7,1.5331800553198245,2.6548647334614333,3.5,0,0,0.07983869
2388,3,7,3.4856306629131155,3.6401471624224513,2.333333333333333,0,0,0.08849066
4127,2,5,-0.4820686712311463,-0.5408905261701702,2.5,0,0,0.46669617
4683,3,25,1.6644852131404255,1.7148479597359898,8.333333333333334,0,0,0.004665375
3341,2,6,-0.3507635134105448,-0.3326685120865246,3.0,0,0,0.3812436
3686,3,9,0.7881660076855418,0.7884108825812192,3.0,0,0,0.069621146
1700,3,7,0.3856871543658721,0.362913723366813,2.333333333333333,0,0,0.11146871
1586,3,7,0.1145134588668038,0.0762312402081706,2.333333333333333,0,0,0.18224335
325,3,11,-0.1766414563006167,-0.2315752153937402,3.6666666666666665,0,0,0.118254766
4886,2,4,-0.410707172415602,-0.4277263880812324,2.0,0,0,0.18148167
1777,2,6,-0.3050921541685965,-0.2602434637096044,3.0,0,0,0.36706838
4943,2,6,-0.4335428520365761,-0.4639389122696925,3.0,0,0,0.48190007
4517,3,6,0.5455369117126913,0.5319055029129601,2.0,0,0,0.23092633
2083,3,6,0.2458186166874053,0.2150459162639343,2.0,0,0,0.121063836
1618,2,4,-0.422125012226089,-0.4458326501754625,2.0,0,0,0.42940065
1520,3,8,0.4656120330392817,0.4474096131398866,2.6666666666666665,0,0,0.10057995
2654,4,13,-0.4164160923208455,-0.5092045675052677,3.25,0,0,0.030440949
2803,3,9,0.3029078157398407,0.2754001232447011,3.0,0,0,0.14602722
346,2,7,-0.0824442778640983,0.0928286471278814,3.5,0,0,0.07242028
2218,3,7,0.3685603946501415,0.3448074612725829,2.333333333333333,0,0,0.0705235
3320,3,6,0.1259312986772909,0.0883020816043239,2.0,0,0,0.26327184
5317,2,7,-0.422125012226089,-0.4458326501754625,3.5,0,0,0.11029806
101,2,9,-0.410707172415602,-0.4277263880812324,4.5,0,0,0.024313042
932,4,14,0.3799782344606285,0.1222513230310052,3.5,0,0,0.04591347
5696,2,6,-0.4506696117523068,-0.4910983054110375,3.0,0,0,0.35636753
4409,3,14,-0.0082283190959322,-0.053530304800478,4.666666666666667,0,0,0.018431356
4420,3,20,0.1259312986772909,0.0883020816043239,6.666666666666667,0,0,0.012704196
2067,3,11,-0.2651297148318917,-0.3251242362139288,3.6666666666666665,0,0,0.06517907
4590,5,18,1.6045415541353685,0.7582337790908357,3.6,0,0,0.0606684
157,3,12,0.3514336349344109,0.3267011991783529,4.0,0,0,0.02391207
3286,3,14,0.2201284771138094,0.1878865231225892,4.666666666666667,0,0,0.0010133624
1467,2,3,-0.4192705522734672,-0.4413060846519049,1.5,0,0,0.25037935
3026,3,5,0.000335060761933,-0.044477173753363,1.6666666666666667,0,0,0.47817016
2655,2,8,-0.3935804126998714,-0.4005669949398873,4.0,0,0,0.39430323
167,2,6,-0.4335428520365761,-0.4639389122696925,3.0,0,0,0.48190007
4540,4,14,0.648297470007075,0.3349999026382083,3.5,0,0,0.05824233
1831,3,8,-0.4049982525103584,-0.4729920433168075,2.6666666666666665,0,0,0.10748065
1335,2,8,-0.385017032842006,-0.3869872983692148,4.0,0,0,0.44987997
1163,2,5,-0.410707172415602,-0.4277263880812324,2.5,0,0,0.1296365
5239,2,8,-0.2794020145950005,-0.2195043739975868,4.0,0,0,0.088743374
1870,3,5,0.1487669782982651,0.1124437643966307,1.6666666666666667,0,0,0.30983412
3885,3,16,0.9280345453640086,0.9362786896840978,5.333333333333333,0,0,0.0064678914
3691,2,6,-0.5020498908994987,-0.5725764848350728,3.0,0,0,0.21786195
4076,3,7,-0.1937682160163474,-0.2496814774879703,2.333333333333333,0,0,0.06361112
2688,2,6,-0.4563785316575503,-0.5001514364581526,3.0,0,0,0.3696137
80,3,7,-0.3050921541685965,-0.3673721811004655,2.333333333333333,0,0,0.13375065
4695,4,12,1.670194133045669,1.145255131355003,3.0,0,0,0.04827816
1745,2,2,-0.5077588108047422,-0.5816296158821878,1.0,0,0,0.44634682
3831,3,18,-0.1366790169639119,-0.1893272705072034,6.0,0,0,0.006828694
3710,2,9,-0.4649419115154156,-0.5137311330288251,4.5,0,0,0.023716351
5014,2,4,-0.0767353579588547,0.1018817781749965,2.0,0,0,0.26405367
465,3,8,-0.459232991610172,-0.530328539948536,2.6666666666666665,0,0,0.1031921
2574,3,13,-0.3250733738369488,-0.388496153543734,4.333333333333333,0,0,0.013321193
3664,3,13,-0.0681719781009894,-0.1169022221302832,4.333333333333333,0,0,0.0059257383
3578,3,8,-0.1224067172008031,-0.1742387187620117,2.6666666666666665,0,0,0.48342717
3135,2,8,-0.5020498908994987,-0.5725764848350728,4.0,0,0,0.03850187
2157,3,9,-0.0424818385273935,-0.0897428289889381,3.0,0,0,0.16224486
5473,2,7,-0.3165099939790835,-0.2783497258038345,3.5,0,0,0.17099556
2807,2,5,0.711095588964754,1.3512138626768695,2.5,0,0,0.20654514
1912,2,4,-0.0453362984800152,0.1516739989341291,2.0,0,0,0.20054218
5351,2,12,-0.1138433373429378,0.0430364263687488,6.0,0,0,0.012907381
2284,3,3,0.3257434953608149,0.2995418060370078,1.0,0,0,0.48607847
2119,4,11,3.00893585082528,2.20673474662924,2.75,0,0,0.14531474
4694,3,15,0.4684664929919034,0.4504273234889249,5.0,0,0,0.0019970206
2447,2,8,-0.3307822937421923,-0.300982553421622,4.0,0,0,0.0900336
1371,3,7,0.0916777792458297,0.0520895574158638,2.333333333333333,0,0,0.2666102
4866,2,5,-0.2908198544054876,-0.2376106360918169,2.5,0,0,0.33705887
1073,3,6,2.232522743712158,2.31537231919462,2.0,0,0,0.022632644
2370,2,7,-0.4991954309468769,-0.5680499193115153,3.5,0,0,0.30503616
4155,3,11,0.6825509894385363,0.6767555996668005,3.6666666666666665,0,0,0.056217507
2291,3,11,-0.285110934500244,-0.3462482086571972,3.6666666666666665,0,0,0.08725466
4833,2,7,-0.273693094689757,-0.2104512429504718,3.5,0,0,0.28128198
239,2,6,-0.2908198544054876,-0.2376106360918169,3.0,0,0,0.3774128
3154,4,7,0.411377293939468,0.1471474334105716,1.75,0,0,0.25722644
1033,3,11,-0.4934865110416333,-0.5665410641369961,3.6666666666666665,0,0,0.043588452
5605,2,11,-0.1423879368691555,-0.0022292288668262,5.5,0,0,0.013530488
1817,2,5,-0.3193644539317053,-0.282876291327392,2.5,0,0,0.22468305
14,3,9,0.2172740171611876,0.1848688127735509,3.0,0,0,0.07010002
5533,2,8,-0.3165099939790835,-0.2783497258038345,4.0,0,0,0.0645047
2778,3,6,0.4028139140816027,0.381019985461043,2.0,0,0,0.27861488
4781,2,16,-0.0681719781009894,0.115461474745669,8.0,0,0,0.011259213
3254,3,7,0.2172740171611876,0.1848688127735509,2.333333333333333,0,0,0.038508985
4049,3,5,-0.2993832342633529,-0.3613367604023889,1.6666666666666667,0,0,0.47044078
2948,2,7,-0.2679841747845134,-0.2013981119033568,3.5,0,0,0.27549833
2579,3,7,0.1658937380139957,0.1305500264908607,2.333333333333333,0,0,0.28064469
1025,4,11,0.4456308133709293,0.1743068265519166,2.75,0,0,0.045767743
4643,2,6,-0.4677963714680374,-0.5182576985523827,3.0,0,0,0.16849464
3454,5,20,1.870006329729193,0.9266220165671752,4.0,0,0,0.027048152
3504,4,13,0.8566730465484643,0.5002195442480576,3.25,0,0,0.053675972
2519,2,7,-0.3793081129367625,-0.3779341673220998,3.5,0,0,0.49739614
4104,2,5,-0.2651297148318917,-0.1968715463797992,2.5,0,0,0.36599493
2607,3,6,-0.3935804126998714,-0.4609212019206541,2.0,0,0,0.36792102
889,2,5,-0.1823503762058603,-0.0656011461966314,2.5,0,0,0.28396112
1400,4,20,0.200147257445457,-0.0203354909610563,5.0,0,0,0.026804933
1770,3,7,0.2030017173980787,0.1697802610283591,2.333333333333333,0,0,0.038508985
2195,2,5,-0.3279278337895706,-0.2964559878980645,2.5,0,0,0.41731253
4810,2,6,-0.3307822937421923,-0.300982553421622,3.0,0,0,0.4521527
5431,2,10,-0.4677963714680374,-0.5182576985523827,5.0,0,0,0.013300343
1330,4,12,-0.5077588108047422,-0.5816296158821878,3.0,0,0,0.035774894
712,3,12,0.3143256555503278,0.2874709646408545,4.0,0,0,0.011791715
4037,3,6,0.3628514747448979,0.3387720405745063,2.0,0,0,0.22394359
1883,2,2,-0.4078527124629802,-0.4231998225576749,1.0,0,0,0.07582858
4126,3,10,1.2934054192995952,1.3225456143610057,3.333333333333333,0,0,0.02835611
544,2,6,-0.4278339321313326,-0.4548857812225775,3.0,0,0,0.25249398
3297,4,14,0.0031895207145548,-0.1765020015237905,3.5,0,0,0.05102877
2093,2,1,-0.4192705522734672,-0.4413060846519049,0.5,0,0,0.09395455
3047,4,12,0.6054805707177485,0.301050661211527,3.0,0,0,0.119103305
5227,2,9,-0.2537118750214046,-0.1787652842855692,4.5,0,0,0.22050226
1499,4,14,2.007020407455038,1.4123224972448962,3.5,0,0,0.01627472
181,2,5,-0.4877775911363898,-0.5499436572172852,2.5,0,0,0.45510092
408,2,5,-0.2936743143581093,-0.2421372016153744,2.5,0,0,0.49660683
3532,2,9,-0.2879653944528658,-0.2330840705682594,4.5,0,0,0.118195064
1611,2,8,-0.3764536529841407,-0.3734076017985422,4.0,0,0,0.12873493
4209,2,8,-0.3593268932684101,-0.3462482086571972,4.0,0,0,0.094787806
2763,2,6,-0.1166977972955595,0.0385098608451913,3.0,0,0,0.31576023
5120,2,8,-0.3079466141212182,-0.2647700292331619,4.0,0,0,0.3576076
1652,3,8,-0.4792142112785245,-0.5514525123918044,2.6666666666666665,0,0,0.17434224
5436,2,5,-0.1652236164901296,-0.0384417530552863,2.5,0,0,0.38699496
23,3,10,0.0402975000986378,-0.0022292288668262,3.333333333333333,0,0,0.10507357
1874,2,5,0.2058561773507005,0.5500117650071902,2.5,0,0,0.23503716
1740,3,23,0.4827387927550123,0.4655158752341166,7.666666666666667,0,0,0.00698502
2191,2,6,-0.2194583555899433,-0.1244464980028791,3.0,0,0,0.42414817
1268,4,17,0.3571425548396544,0.1041450609367752,4.25,0,0,0.048666574
2986,2,3,-0.410707172415602,-0.4277263880812324,1.5,0,0,0.20610052
2795,2,5,-0.3536179733631666,-0.3371950776100821,2.5,0,0,0.46761858
2916,2,6,-0.4278339321313326,-0.4548857812225775,3.0,0,0,0.25249398
2410,2,5,-0.4649419115154156,-0.5137311330288251,2.5,0,0,0.24414787
1397,2,6,-0.1252611771534248,0.0249301642745187,3.0,0,0,0.4104691
787,2,6,-0.2908198544054876,-0.2376106360918169,3.0,0,0,0.3774128
2924,2,8,-0.4392517719418197,-0.4729920433168075,4.0,0,0,0.045048483
3169,2,13,-0.1994771359215909,-0.0927605393379765,6.5,0,0,0.0065043652
599,4,15,0.6083350306703702,0.3033139439733057,3.75,0,0,0.022256792
5412,2,4,0.399959454128981,0.857818220609101,2.0,0,0,0.45751855
4241,3,13,0.8680908863589514,0.8729067723542926,4.333333333333333,0,0,0.0031394346
2821,3,12,-0.3250733738369488,-0.388496153543734,4.0,0,0,0.029487902
2481,2,5,-0.0795898179114765,0.0973552126514389,2.5,0,0,0.15203556
2121,2,3,-0.0025193991906887,0.2195724817874918,1.5,0,0,0.43761167
1002,2,4,-0.4135616323682237,-0.4322529536047899,2.0,0,0,0.18148167
4152,2,8,-0.3079466141212182,-0.2647700292331619,4.0,0,0,0.3576076
2569,2,5,-0.2965287743107311,-0.2466637671389319,2.5,0,0,0.29097998
2077,3,6,0.3485791749817891,0.3236834888293146,2.0,0,0,0.4517662
3799,3,11,0.9765603645585788,0.9875797656177496,3.6666666666666665,0,0,0.11555129
2298,4,10,0.1801660377771046,-0.0361784702935076,2.5,0,0,0.2638916
1533,2,6,-0.0196461589064193,0.1924130886461467,3.0,0,0,0.1793607
65,3,11,0.6796965294859145,0.6737378893177621,3.6666666666666665,0,0,0.056217507
877,4,16,-0.185204836158482,-0.3258786638011884,4.0,0,0,0.04901805
1965,4,38,-0.1338245570112902,-0.2851395740891708,9.5,0,0,0.30186906
439,3,13,1.2762786595838649,1.3044393522667757,4.333333333333333,0,0,0.00235373
319,2,2,-0.422125012226089,-0.4458326501754625,1.0,0,0,0.21782622
3471,3,19,1.247734060057647,1.2742622487763922,6.333333333333333,0,0,0.002859661
5027,2,7,-0.4820686712311463,-0.5408905261701702,3.5,0,0,0.1442086
4747,3,10,0.5912082709546396,0.5801888684975737,3.333333333333333,0,0,0.051372167
4770,3,12,0.3200345754555714,0.2935063853389312,4.0,0,0,0.03903332
1786,2,11,-0.3593268932684101,-0.3462482086571972,5.5,0,0,0.026437368
221,3,13,0.2229829370664311,0.1909042334716275,4.333333333333333,0,0,0.0015733751
3816,3,13,1.0051049640847964,1.017756869108133,4.333333333333333,0,0,0.0075841653
5422,2,6,-0.0053738591433105,0.2150459162639343,3.0,0,0,0.32071248
2273,3,8,-0.4021437925577367,-0.4699743329677691,2.6666666666666665,0,0,0.21578737
3813,3,11,0.2344007768769182,0.2029750748677809,3.6666666666666665,0,0,0.020346291
3889,2,8,0.4256495937025769,0.8985573103211186,4.0,0,0,0.047688205
1128,2,7,-0.3050921541685965,-0.2602434637096044,3.5,0,0,0.26101667
3707,3,11,0.2829265960714883,0.2542761508014327,3.6666666666666665,0,0,0.0255424
3793,2,11,-0.3079466141212182,-0.2647700292331619,5.5,0,0,0.1797854
3897,3,7,0.4313585136078204,0.4111970889514265,2.333333333333333,0,0,0.08077826
8,3,8,-0.3821625728893842,-0.4488503605245008,2.6666666666666665,0,0,0.05617177
4096,3,15,0.3457247150291673,0.3206657784802763,5.0,0,0,0.00632447
3617,2,8,-0.2765475546423787,-0.2149778084740293,4.0,0,0,0.07595141
4513,4,9,0.1915838775875916,-0.0271253392463926,2.25,0,0,0.36023983
2699,2,5,-0.3564724333157883,-0.3417216431336397,2.5,0,0,0.46761858
230,2,7,-0.3793081129367625,-0.3779341673220998,3.5,0,0,0.49739614
2229,2,5,-0.3222189138843271,-0.2874028568509495,2.5,0,0,0.3860508
2521,4,22,-0.1909137560637256,-0.3304052293247459,5.5,0,0,0.015799183
2642,2,7,-0.4677963714680374,-0.5182576985523827,3.5,0,0,0.059068754
373,2,6,-0.447815151799685,-0.48657173988748,3.0,0,0,0.322481
426,2,4,-0.4278339321313326,-0.4548857812225775,2.0,0,0,0.37476927
3883,3,10,-0.2537118750214046,-0.3130533948177754,3.333333333333333,0,0,0.24882333
5277,2,6,-0.1766414563006167,-0.0565480151495164,3.0,0,0,0.4500556
5203,2,7,-0.0910076577219636,0.0792489505572089,3.5,0,0,0.39978725
4836,2,5,-0.4677963714680374,-0.5182576985523827,2.5,0,0,0.268686
2988,3,8,1.3676213780677613,1.4010060834360023,2.6666666666666665,0,0,0.113453776
4477,2,5,-0.1709325363953732,-0.0474948841024014,2.5,0,0,0.34330118
3554,4,11,-0.2651297148318917,-0.3892505811309935,2.75,0,0,0.1783383
2944,3,8,0.1145134588668038,0.0762312402081706,2.6666666666666665,0,0,0.31600863
3931,3,11,0.2657998363557577,0.2361698887072026,3.6666666666666665,0,0,0.034778524
3527,4,9,0.1658937380139957,-0.0474948841024014,2.25,0,0,0.40254632
5319,2,9,-0.2223128155425651,-0.1289730635264366,4.5,0,0,0.23350869
4256,2,6,-0.2223128155425651,-0.1289730635264366,3.0,0,0,0.4899969
4287,3,13,-0.1224067172008031,-0.1742387187620117,4.333333333333333,0,0,0.037180528
2418,3,3,0.6625697697701839,0.6556316272235321,1.0,0,0,0.1859336
584,2,4,1.5246166754619588,2.641285036890761,2.0,0,0,0.063198656
964,4,16,0.0317341202407725,-0.1538691739060029,4.0,0,0,0.078922406
1632,3,4,0.2201284771138094,0.1878865231225892,1.3333333333333333,0,0,0.28894332
1488,2,3,0.933743465269252,1.7042859735143556,1.5,0,0,0.254334
4473,2,8,-0.3307822937421923,-0.300982553421622,4.0,0,0,0.0900336
1235,2,6,-0.4820686712311463,-0.5408905261701702,3.0,0,0,0.29651284
4112,3,5,1.4389828768833055,1.476448842161961,1.6666666666666667,0,0,0.046689447
3619,3,15,0.1773115778244828,0.142620867887014,5.0,0,0,0.0036048687
764,2,2,-0.447815151799685,-0.48657173988748,1.0,0,0,0.4842724
622,2,11,-0.2565663349740263,-0.1832918498091267,5.5,0,0,0.03727409
1606,3,10,1.033649563611014,1.0479339725985164,3.333333333333333,0,0,0.038216263
1595,2,5,0.2971988958345972,0.6948618617610306,2.5,0,0,0.30471477
3856,3,15,0.936597925221874,0.9453318207312128,5.0,0,0,0.008616684
5568,2,7,-0.2251672754951868,-0.1334996290499941,3.5,0,0,0.3338556
1501,4,22,2.8747762330520565,2.100360456825638,5.5,0,0,0.01857161
1983,3,4,0.6425885501018315,0.6345076547802638,1.3333333333333333,0,0,0.44679728
3551,2,8,-0.1309700970586684,0.0158770332274037,4.0,0,0,0.07858288
3539,2,6,-0.3422001335526795,-0.3190888155158521,3.0,0,0,0.45089328
2892,2,9,-0.3735991930315189,-0.3688810362749847,4.5,0,0,0.22014414
2577,3,4,-0.3793081129367625,-0.4458326501754625,1.3333333333333333,0,0,0.42636353
5714,2,3,0.7681847880171894,1.44174517314802,1.5,0,0,0.43445954
5394,2,8,-0.3079466141212182,-0.2647700292331619,4.0,0,0,0.3576076
3333,2,5,-0.3279278337895706,-0.2964559878980645,2.5,0,0,0.41731253
5634,2,5,-0.2594207949266481,-0.1878184153326842,2.5,0,0,0.2823821
4010,2,5,-0.0624630581957459,0.124514605792784,2.5,0,0,0.20147191
3519,5,28,0.9822692844638222,0.3635172654366207,5.6,0,0,0.15014336
1562,4,23,-0.1623691565375079,-0.3077724017069583,5.75,0,0,0.05682126
3139,3,11,-0.3507635134105448,-0.4156555466850791,3.6666666666666665,0,0,0.010219849
3573,3,6,-0.3678902731262754,-0.4337618087793091,2.0,0,0,0.07287074
3830,2,7,-0.1024254975324507,0.0611426884629788,3.5,0,0,0.282245
2114,3,15,0.2600909164505142,0.230134468009126,5.0,0,0,0.0019174143
4478,3,17,-0.2993832342633529,-0.3613367604023889,5.666666666666667,0,0,0.011579207
5205,2,9,-0.3678902731262754,-0.3598279052278697,4.5,0,0,0.13013786
1168,3,9,-0.3079466141212182,-0.3703898914495039,3.0,0,0,0.30132195
5669,2,9,-0.0253550788116629,0.1833599575990317,4.5,0,0,0.16866958
240,2,1,0.6454430100544533,1.247102855635047,0.5,0,0,0.20459597
2908,4,11,0.074551019530099,-0.1199199324793215,2.75,0,0,0.16148509
2522,3,10,1.7786636112452965,1.835556373697524,3.333333333333333,0,0,0.030397281
1557,5,16,-0.2308761954004304,-0.4059988735681563,3.2,0,0,0.3076749
3008,2,7,-0.3621813532210319,-0.3507747741807547,3.5,0,0,0.22746946
4482,2,7,-0.2537118750214046,-0.1787652842855692,3.5,0,0,0.3977279
5011,2,5,3.2715461664664827,5.411543137307958,2.5,0,0,0.42909086
2594,3,7,0.6054805707177485,0.5952774202427653,2.333333333333333,0,0,0.0790499
1902,2,9,-0.2308761954004304,-0.1425527600971091,4.5,0,0,0.30771762
911,3,11,0.1116589989141821,0.0732135298591322,3.6666666666666665,0,0,0.20749907
2348,3,6,0.2258373970190529,0.1939219438206659,2.0,0,0,0.121063836
2099,3,9,0.1059500790089385,0.0671781091610556,3.0,0,0,0.46979675
333,4,12,2.729198775468346,1.984933035974921,3.0,0,0,0.12369951
2970,3,11,0.0602787197669902,0.018894743576442,3.6666666666666665,0,0,0.09209968
751,4,20,3.842438156990837,2.8676133130686363,5.0,0,0,0.028606966
553,4,12,-0.4449606918470632,-0.5318373951230552,3.0,0,0,0.045657728
5391,2,8,-0.4049982525103584,-0.4186732570341174,4.0,0,0,0.010725182
3226,3,14,0.2258373970190529,0.1939219438206659,4.666666666666667,0,0,0.0010133624
2225,3,6,0.2829265960714883,0.2542761508014327,2.0,0,0,0.15405573
3133,4,7,-0.0795898179114765,-0.2421372016153744,1.75,0,0,0.10235152
1109,3,12,-0.1794959162532385,-0.2345929257427785,4.0,0,0,0.017678903
4490,2,6,-0.3650358131736536,-0.3553013397043122,3.0,0,0,0.44429317
5115,2,5,0.1088045389615603,0.3961085372062348,2.5,0,0,0.49980783
5110,2,14,-0.2337306553530521,-0.1470793256206666,7.0,0,0,0.023939518
2780,2,4,-0.0653175181483677,0.1199880402692265,2.0,0,0,0.26405367
4348,3,9,0.7710392479698112,0.7703046204869892,3.0,0,0,0.14445251
2167,3,7,-0.0653175181483677,-0.1138845117812449,2.333333333333333,0,0,0.053090002
4245,2,10,-0.1423879368691555,-0.0022292288668262,5.0,0,0,0.06062818
4384,2,5,-0.5077588108047422,-0.5816296158821878,2.5,0,0,0.30810767
2592,4,15,0.1088045389615603,-0.0927605393379765,3.75,0,0,0.017608473
5383,2,8,-0.3964348726524931,-0.4050935604634448,4.0,0,0,0.36408827
926,4,12,1.8043537508188925,1.2516294211586043,3.0,0,0,0.033401277
3168,3,12,0.0945322391984514,0.0551072677649021,4.0,0,0,0.043632813
1281,3,8,-0.4649419115154156,-0.5363639606466127,2.6666666666666665,0,0,0.035218403
1186,3,10,0.274363216213623,0.2452230197543176,3.333333333333333,0,0,0.06386779
561,3,17,0.1344946785351562,0.0973552126514389,5.666666666666667,0,0,0.007327539
5715,2,5,-0.3707447330788971,-0.3643544707514272,2.5,0,0,0.3813855
149,3,10,0.6397340901492097,0.6314899444312254,3.333333333333333,0,0,0.060981534
4716,2,6,-0.2622752548792699,-0.1923449808562418,3.0,0,0,0.28727904
576,3,8,1.359057998209896,1.3919529523888874,2.6666666666666665,0,0,0.113453776
290,4,16,3.2972363060400784,2.435326305568894,4.0,0,0,0.09962721
5701,2,10,-0.2051860558268344,-0.1018136703850915,5.0,0,0,0.07907606
5133,2,5,-0.4649419115154156,-0.5137311330288251,2.5,0,0,0.24414787
296,2,8,-0.3821625728893842,-0.3824607328456573,4.0,0,0,0.43961132
4198,3,8,-0.1138433373429378,-0.1651855877148967,2.6666666666666665,0,0,0.4168129
2619,5,11,-0.5077588108047422,-0.5816296158821878,2.2,0,0,0.04579328
5130,2,10,0.0973866991510732,0.3780022751120047,5.0,0,0,0.098970145
3085,3,15,-0.1252611771534248,-0.1772564291110501,5.0,0,0,0.014290475
865,2,7,0.4513397332761728,0.9392964000331362,3.5,0,0,0.37795568
1835,4,11,0.6397340901492097,0.3282100543528721,2.75,0,0,0.13146049
3433,3,12,-0.1195522572481813,-0.1712210084129733,4.0,0,0,0.075052425
3896,3,11,0.3885416143184939,0.3659314337158514,3.6666666666666665,0,0,0.051923927
2259,3,10,0.3257434953608149,0.2995418060370078,3.333333333333333,0,0,0.17443947
1756,2,5,-0.4677963714680374,-0.5182576985523827,2.5,0,0,0.268686
5022,2,7,-0.3793081129367625,-0.3779341673220998,3.5,0,0,0.49739614
808,3,11,0.2458186166874053,0.2150459162639343,3.6666666666666665,0,0,0.020346291
2932,2,5,-0.4449606918470632,-0.4820451743639225,2.5,0,0,0.4644892
755,3,6,-0.2679841747845134,-0.3281419465629671,2.0,0,0,0.3324546
3785,3,9,0.3428702550765455,0.3176480681312378,3.0,0,0,0.2952904
5158,2,7,-0.4677963714680374,-0.5182576985523827,3.5,0,0,0.059068754
3646,2,6,-0.3136555340264618,-0.273823160280277,3.0,0,0,0.26874545
5476,2,6,-0.1423879368691555,-0.0022292288668262,3.0,0,0,0.25027338
3221,3,7,-0.3935804126998714,-0.4609212019206541,2.333333333333333,0,0,0.100251935
530,2,10,-0.3165099939790835,-0.2783497258038345,5.0,0,0,0.09563903
4144,2,6,-0.4620874515627938,-0.5092045675052677,3.0,0,0,0.32613918
4878,2,10,-0.3364912136474359,-0.3100356844687371,5.0,0,0,0.15693846
4768,2,6,-0.1595146965848861,-0.0293886220081713,3.0,0,0,0.2472456
506,3,12,3.0117903107779016,3.139207244482087,4.0,0,0,0.011280689
4154,3,9,0.2344007768769182,0.2029750748677809,3.0,0,0,0.07010002
381,4,16,0.0288796602881507,-0.1561324566677817,4.0,0,0,0.078922406
3165,3,13,0.4713209529445252,0.4534450338379632,4.333333333333333,0,0,0.0024877624
3934,3,7,0.337161335171302,0.3116126474331612,2.333333333333333,0,0,0.19060324
1044,4,15,2.6007480776003664,1.8830853116948771,3.75,0,0,0.023457834
422,4,18,-0.3907259527472496,-0.4888350226492588,4.5,0,0,0.027678994
3792,3,10,-0.1680780764427514,-0.2225220843466252,3.333333333333333,0,0,0.27641705
4011,3,14,0.0659876396722337,0.0249301642745187,4.666666666666667,0,0,0.0076384135
1351,2,5,-0.4164160923208455,-0.4367795191283474,2.5,0,0,0.17709415
4967,2,9,0.711095588964754,1.3512138626768695,4.5,0,0,0.21966308
2146,5,14,-0.2565663349740263,-0.4222945094529634,2.8,0,0,0.011744684
2409,3,5,0.4085228339868463,0.3870554061591197,1.6666666666666667,0,0,0.3265131
3955,2,8,-0.1652236164901296,-0.0384417530552863,4.0,0,0,0.057234768
2025,3,18,0.1887294176349699,0.1546917092831674,6.0,0,0,0.0073718876
102,3,5,0.1915838775875916,0.1577094196322058,1.6666666666666667,0,0,0.394517
676,2,6,-0.4991954309468769,-0.5680499193115153,3.0,0,0,0.36468303
5690,2,11,-0.0596085982431241,0.1290411713163415,5.5,0,0,0.01142877
5727,2,9,-0.4249794721787108,-0.45035921569902,4.5,0,0,0.0464493
1020,4,11,0.3599970147922762,0.106408343698554,2.75,0,0,0.11096758
3263,4,10,0.2286918569716747,0.0022973366567312,2.5,0,0,0.11215285
4567,3,10,0.2572364564978924,0.2271167576600876,3.333333333333333,0,0,0.050884143
4141,3,11,0.1173679188194256,0.0792489505572089,3.6666666666666665,0,0,0.11481944
626,2,5,-0.4506696117523068,-0.4910983054110375,2.5,0,0,0.48182932
135,2,8,-0.3821625728893842,-0.3824607328456573,4.0,0,0,0.43961132
810,4,17,-0.273693094689757,-0.3960404294163298,4.25,0,0,0.034729708
3997,2,10,-0.2651297148318917,-0.1968715463797992,5.0,0,0,0.12599099
2118,2,5,-0.0795898179114765,0.0973552126514389,2.5,0,0,0.15203556
1223,3,14,-0.2394395752582957,-0.2979648430725837,4.666666666666667,0,0,0.005675104
1609,3,23,-0.1081344174376942,-0.15915016701682,7.666666666666667,0,0,0.087086774
4746,4,19,1.1421190418106415,0.7265478204259331,4.75,0,0,0.027175106
1694,2,5,-0.2622752548792699,-0.1923449808562418,2.5,0,0,0.2823821
3439,3,7,-0.2822564745476222,-0.3432304983081589,2.333333333333333,0,0,0.18601544
4794,2,9,-0.1823503762058603,-0.0656011461966314,4.5,0,0,0.10965416
3007,2,6,-0.447815151799685,-0.48657173988748,3.0,0,0,0.322481
1869,3,10,0.0146073605250418,-0.0293886220081713,3.333333333333333,0,0,0.1777417
2063,2,9,-0.1595146965848861,-0.0293886220081713,4.5,0,0,0.11679927
538,3,4,0.6168984105282356,0.6073482616389188,1.3333333333333333,0,0,0.48567688
4906,2,7,-0.1680780764427514,-0.0429683185788438,3.5,0,0,0.20784703
5093,2,5,0.2800721361188666,0.6677024686196855,2.5,0,0,0.30471477
2495,4,7,-0.1880592961111038,-0.3281419465629671,1.75,0,0,0.4219899
3014,3,28,-0.1966226759689691,-0.2526991878370085,9.333333333333334,0,0,0.07654032
453,2,17,0.1402035984403998,0.4459007579653674,8.5,0,0,0.011232215
5458,2,5,0.2886355159767319,0.681282165190358,2.5,0,0,0.30471477
3383,3,10,0.2087106373033223,0.1758156817264358,3.333333333333333,0,0,0.03671493
1209,2,2,0.1116589989141821,0.4006351027297923,1.0,0,0,0.46116653
1261,3,13,-0.0824442778640983,-0.1319907738754749,4.333333333333333,0,0,0.0077156858
3699,2,10,-0.459232991610172,-0.5046780019817101,5.0,0,0,0.047341906
969,2,8,0.0231707403829072,0.2603115714995094,4.0,0,0,0.09678876
2210,4,18,0.137349138487778,-0.0701277117201889,4.5,0,0,0.017196272
4536,4,17,0.3428702550765455,0.0928286471278814,4.25,0,0,0.09641223
4078,3,22,-0.0510452183852588,-0.0987959600360531,7.333333333333333,0,0,0.019808093
5487,2,13,-0.285110934500244,-0.2285575050447018,6.5,0,0,0.007126697
1194,3,9,-0.0710264380536112,-0.1199199324793215,3.0,0,0,0.11582608
5283,2,7,-0.459232991610172,-0.5046780019817101,3.5,0,0,0.2023054
121,2,10,-0.3735991930315189,-0.3688810362749847,5.0,0,0,0.13647276
705,4,11,-0.011082779048554,-0.1878184153326842,2.75,0,0,0.06659491
3438,3,6,0.2172740171611876,0.1848688127735509,2.0,0,0,0.121063836
3259,2,6,-0.3165099939790835,-0.2783497258038345,3.0,0,0,0.2761238
1094,2,5,-0.484923131183768,-0.5454170916937278,2.5,0,0,0.43258765
5712,2,5,-0.3022376942159747,-0.2557168981860469,2.5,0,0,0.33659708
418,4,8,0.1344946785351562,-0.0723909944819677,2.0,0,0,0.14357868
3520,2,8,-0.2508574150687828,-0.1742387187620117,4.0,0,0,0.1538423
1087,3,7,0.2600909164505142,0.230134468009126,2.333333333333333,0,0,0.05333223
2034,2,6,-0.484923131183768,-0.5454170916937278,3.0,0,0,0.26857823
5449,2,7,-0.2794020145950005,-0.2195043739975868,3.5,0,0,0.3370313
5302,2,6,-0.4706508314206591,-0.5227842640759401,3.0,0,0,0.16849464
248,2,7,-0.3022376942159747,-0.2557168981860469,3.5,0,0,0.26101667
1543,5,21,0.0031895207145548,-0.25752752439547,4.2,0,0,0.035200182
4102,3,15,1.3704758380203832,1.4040237937850408,5.0,0,0,0.0022766048
447,3,8,0.2429641567347835,0.212028205914896,2.6666666666666665,0,0,0.07381139
763,3,14,-0.1966226759689691,-0.2526991878370085,4.666666666666667,0,0,0.0056966622
2680,4,9,-0.4506696117523068,-0.5363639606466127,2.25,0,0,0.094946735
3912,3,13,-0.0196461589064193,-0.0656011461966314,4.333333333333333,0,0,0.011569465
4020,3,5,0.0088984406197983,-0.035424042706248,1.6666666666666667,0,0,0.49283108
2647,2,10,-0.1252611771534248,0.0249301642745187,5.0,0,0,0.12962331
414,3,13,-0.0396273785747717,-0.0867251186398998,4.333333333333333,0,0,0.00892792
2820,2,7,-0.4792142112785245,-0.5363639606466127,3.5,0,0,0.12206938
2432,3,7,0.4142317538920898,0.3930908268571965,2.333333333333333,0,0,0.07490464
1599,4,11,8.655057637111142,6.683508049427618,2.75,0,0,0.3852699
3114,2,2,-0.5020498908994987,-0.5725764848350728,1.0,0,0,0.44634682
5008,2,9,-0.4906320510890116,-0.5544702227408428,4.5,0,0,0.31307
3181,2,13,-0.2794020145950005,-0.2195043739975868,6.5,0,0,0.010986637
1807,3,9,-0.1395334769165337,-0.1923449808562418,3.0,0,0,0.19121681
3961,3,16,0.474175412897147,0.4564627441870016,5.333333333333333,0,0,0.0039706384
4379,2,5,0.5940627309072614,1.1656246762110118,2.5,0,0,0.22012232
4316,3,9,-0.3650358131736536,-0.4307440984302707,3.0,0,0,0.025423486
3650,3,15,-0.148096856774399,-0.2013981119033568,5.0,0,0,0.0064479983
4247,2,6,-0.0139372390011758,0.2014662196932617,3.0,0,0,0.1793607
1666,3,9,0.5912082709546396,0.5801888684975737,3.0,0,0,0.09535993
2318,2,4,-0.422125012226089,-0.4458326501754625,2.0,0,0,0.42940065
425,2,4,-0.4278339321313326,-0.4548857812225775,2.0,0,0,0.37476927
2951,2,5,-0.1966226759689691,-0.088233973814419,2.5,0,0,0.3217242
1374,3,9,0.4998655524707429,0.4836221373283467,3.0,0,0,0.081633896
5062,2,8,-0.3735991930315189,-0.3688810362749847,4.0,0,0,0.11877058
2937,2,7,-0.4049982525103584,-0.4186732570341174,3.5,0,0,0.040801633
3977,2,8,-0.4164160923208455,-0.4367795191283474,4.0,0,0,0.013485171
3739,2,5,-0.4934865110416333,-0.5589967882644002,2.5,0,0,0.32095602
5091,2,6,-0.2765475546423787,-0.2149778084740293,3.0,0,0,0.42337504
3875,2,7,0.2229829370664311,0.5771711581485353,3.5,0,0,0.11437391
437,2,5,-0.4506696117523068,-0.4910983054110375,2.5,0,0,0.48182932
107,2,5,-0.4164160923208455,-0.4367795191283474,2.5,0,0,0.17709415
29,3,13,-0.0995710375798289,-0.150097035969705,4.333333333333333,0,0,0.024385046
5350,2,7,-0.4392517719418197,-0.4729920433168075,3.5,0,0,0.20793764
5272,2,8,-0.4021437925577367,-0.4141466915105599,4.0,0,0,0.1654519
1172,2,4,-0.4164160923208455,-0.4367795191283474,2.0,0,0,0.23302895
1181,3,8,0.3086167356450843,0.2814355439427777,2.6666666666666665,0,0,0.15021376
4523,4,16,0.2258373970190529,3.4053894952471656e-05,4.0,0,0,0.024150204
3034,4,14,-0.1538057766796426,-0.300982553421622,3.5,0,0,0.16284408
2653,4,10,-0.3079466141212182,-0.4231998225576749,2.5,0,0,0.0272762
5186,2,5,-0.4877775911363898,-0.5499436572172852,2.5,0,0,0.45510092
1448,2,4,-0.4049982525103584,-0.4186732570341174,2.0,0,0,0.18148167
3770,3,10,0.3685603946501415,0.3448074612725829,3.333333333333333,0,0,0.063899
4093,3,11,0.4399218934656858,0.4202502199985415,3.6666666666666665,0,0,0.032739058
589,4,13,1.2191894605314293,0.7876564549939595,3.25,0,0,0.04243235
1084,3,8,1.9670579681183331,2.034725256734054,2.6666666666666665,0,0,0.11044763
2940,2,14,-0.2565663349740263,-0.1832918498091267,7.0,0,0,0.014314932
881,3,10,0.9451613050797392,0.9543849517783278,3.333333333333333,0,0,0.15929231
2463,2,6,-0.5077588108047422,-0.5816296158821878,3.0,0,0,0.21786195
1892,3,6,-0.3364912136474359,-0.4005669949398873,2.0,0,0,0.41358146
696,3,11,1.2106260806735638,1.2350320142388935,3.6666666666666665,0,0,0.020442743
2513,2,6,-0.1566602366322643,-0.0248620564846138,3.0,0,0,0.26098174
90,2,5,-0.3336367536948141,-0.3055091189451795,2.5,0,0,0.47127542
5555,2,7,0.3542880948870326,0.7853931722321807,3.5,0,0,0.14105617
4923,2,5,-0.2879653944528658,-0.2330840705682594,2.5,0,0,0.30258164
4733,3,7,0.1287857586299127,0.0913197919533622,2.333333333333333,0,0,0.097703375
1224,2,4,-0.0596085982431241,0.1290411713163415,2.0,0,0,0.33550274
69,4,10,0.0174618204776636,-0.1651855877148967,2.5,0,0,0.3418451
4239,3,6,0.7139500489173758,0.7099504135062221,2.0,0,0,0.20796873
5615,2,8,-0.1423879368691555,-0.0022292288668262,4.0,0,0,0.044394054
4032,3,5,1.1478279617158849,1.1686423865600502,1.6666666666666667,0,0,0.06545528
1193,4,8,-0.2251672754951868,-0.357564622466091,2.0,0,0,0.26517954
1769,3,14,1.01081388399004,1.0237922898062095,4.666666666666667,0,0,0.004330279
5440,2,6,-0.3678902731262754,-0.3598279052278697,3.0,0,0,0.39560345
3274,3,20,0.0488608799565031,0.0068239021802887,6.666666666666667,0,0,0.01174945
577,2,9,2.3095931624329458,3.886090555869077,4.5,0,0,0.17476387
4995,2,5,-0.1423879368691555,-0.0022292288668262,2.5,0,0,0.32340038
245,3,12,-0.1024254975324507,-0.1531147463187433,4.0,0,0,0.06659821
1730,3,9,-0.4135616323682237,-0.4820451743639225,3.0,0,0,0.070771925
1362,2,5,-0.4820686712311463,-0.5408905261701702,2.5,0,0,0.46669617
3326,2,5,-0.4706508314206591,-0.5227842640759401,2.5,0,0,0.268686
4668,2,9,0.3799782344606285,0.8261322619441984,4.5,0,0,0.117760815
3494,2,6,-0.0053738591433105,0.2150459162639343,3.0,0,0,0.32071248
555,3,10,1.2677152797259994,1.2953862212196603,3.333333333333333,0,0,0.02835611
3167,3,13,-0.1680780764427514,-0.2225220843466252,4.333333333333333,0,0,0.010152057
654,2,10,-0.4335428520365761,-0.4639389122696925,5.0,0,0,0.050493933
2328,2,7,-0.3422001335526795,-0.3190888155158521,3.5,0,0,0.25416583
2133,3,7,-0.273693094689757,-0.3341773672610438,2.333333333333333,0,0,0.1362205
1662,2,6,-0.1595146965848861,-0.0293886220081713,3.0,0,0,0.2472456
5750,2,8,-0.0881531977693418,0.0837755160807664,4.0,0,0,0.08227687
1451,2,9,-0.4620874515627938,-0.5092045675052677,4.5,0,0,0.05680266
5359,2,7,-0.1937682160163474,-0.0837074082908615,3.5,0,0,0.23261504
3346,3,11,0.2058561773507005,0.1727979713773974,3.6666666666666665,0,0,0.020346291
1782,2,5,-0.5077588108047422,-0.5816296158821878,2.5,0,0,0.30810767
4655,2,12,-0.3136555340264618,-0.273823160280277,6.0,0,0,0.015646145
1926,2,7,-0.2166038956373215,-0.1199199324793215,3.5,0,0,0.2805585
3406,4,16,1.273424199631243,0.8306588274677559,4.0,0,0,0.13946371
4664,3,10,0.0888233192932079,0.0490718470668255,3.333333333333333,0,0,0.23988496
1090,4,10,1.6416495335194514,1.1226223037372154,2.5,0,0,0.1604976
2233,2,6,-0.484923131183768,-0.5454170916937278,3.0,0,0,0.26857823
5078,2,6,-0.1966226759689691,-0.088233973814419,3.0,0,0,0.2921228
4204,3,6,-0.1566602366322643,-0.2104512429504718,2.0,0,0,0.3497451
1315,2,5,-0.4164160923208455,-0.4367795191283474,2.5,0,0,0.17709415
5245,2,28,-0.1224067172008031,0.0294567297980763,14.0,0,0,0.12634812
471,2,5,-0.4877775911363898,-0.5499436572172852,2.5,0,0,0.45510092
4556,4,18,0.2172740171611876,-0.0067557943903837,4.5,0,0,0.010428987
3437,3,13,0.1145134588668038,0.0762312402081706,4.333333333333333,0,0,0.009750716
251,2,5,-0.4963409709942551,-0.5635233537879578,2.5,0,0,0.36038938
185,2,9,-0.5077588108047422,-0.5816296158821878,4.5,0,0,0.07690726
1951,2,7,-0.5077588108047422,-0.5816296158821878,3.5,0,0,0.19096969
1287,3,5,1.0650486230898537,1.0811287864379382,1.6666666666666667,0,0,0.10746954
227,3,9,0.1344946785351562,0.0973552126514389,3.0,0,0,0.17040788
5103,2,11,0.4513397332761728,0.9392964000331362,5.5,0,0,0.019853452
2232,4,8,-0.1052799574850724,-0.2625067464713832,2.0,0,0,0.39214143
2819,2,2,-0.4449606918470632,-0.4820451743639225,1.0,0,0,0.42975333
5044,2,6,-0.422125012226089,-0.4458326501754625,3.0,0,0,0.3048919
3541,2,6,-0.3564724333157883,-0.3417216431336397,3.0,0,0,0.43630156
5002,2,9,-0.1538057766796426,-0.0203354909610563,4.5,0,0,0.120586395
5297,2,5,1.073612002947719,1.9260876841686736,2.5,0,0,0.114830896
1319,3,7,0.0716965595774773,0.0309655849725955,2.333333333333333,0,0,0.33204255
5037,2,8,-0.1966226759689691,-0.088233973814419,4.0,0,0,0.062426683
5160,2,8,-0.2679841747845134,-0.2013981119033568,4.0,0,0,0.07029524
3978,3,9,0.6226073304334792,0.6133836823369954,3.0,0,0,0.10216845
4030,3,7,2.423771560537817,2.5175589125801885,2.333333333333333,0,0,0.05480718
1345,2,5,-0.4792142112785245,-0.5363639606466127,2.5,0,0,0.41567886
1328,3,9,-0.1880592961111038,-0.2436460567898935,3.0,0,0,0.10850423
5455,2,6,-0.2993832342633529,-0.2511903326624894,3.0,0,0,0.38783816
3865,2,5,-0.5077588108047422,-0.5816296158821878,2.5,0,0,0.30810767
5369,2,10,-0.0881531977693418,0.0837755160807664,5.0,0,0,0.1410975
4763,3,15,0.7567669482067023,0.7552160687417973,5.0,0,0,0.0055087125
4573,2,6,0.4570486531814164,0.9483495310802512,3.0,0,0,0.3183056
2209,2,8,-0.4421062318944415,-0.477518608840365,4.0,0,0,0.06109504
5434,2,7,-0.0852987378167201,0.0883020816043239,3.5,0,0,0.07242028
2057,4,13,0.1059500790089385,-0.0950238220997552,3.25,0,0,0.05771534
613,3,7,-0.1709325363953732,-0.2255397946956635,2.333333333333333,0,0,0.08052683
5407,2,10,-0.3621813532210319,-0.3507747741807547,5.0,0,0,0.08681804
4872,2,13,-0.2936743143581093,-0.2421372016153744,6.5,0,0,0.017089643
5034,2,6,-0.2908198544054876,-0.2376106360918169,3.0,0,0,0.3774128
1755,5,22,0.51128339228123,0.0647639408818249,4.4,0,0,0.11097891
3734,3,9,0.3029078157398407,0.2754001232447011,3.0,0,0,0.14602722
505,3,16,-0.31080107407384,-0.3734076017985422,5.333333333333333,0,0,0.039714202
3919,2,12,-0.2422940352109175,-0.1606590221913392,6.0,0,0,0.03739782
4065,3,9,0.8281284470222466,0.8306588274677559,3.0,0,0,0.069621146
4259,3,8,-0.1195522572481813,-0.1712210084129733,2.6666666666666665,0,0,0.38152814
3892,3,16,0.1059500790089385,0.0671781091610556,5.333333333333333,0,0,0.028368266
4445,3,7,0.2543819965452706,0.2240990473110493,2.333333333333333,0,0,0.038508985
1039,4,20,2.2153959839964275,1.5775421388547457,5.0,0,0,0.017019268
3536,3,12,1.2934054192995952,1.3225456143610057,4.0,0,0,0.0074698008
3311,2,10,0.2201284771138094,0.5726445926249777,5.0,0,0,0.033511605
106,2,4,-0.0767353579588547,0.1018817781749965,2.0,0,0,0.26405367
1420,2,7,-0.422125012226089,-0.4458326501754625,3.5,0,0,0.11029806
915,3,4,0.2572364564978924,0.2271167576600876,1.3333333333333333,0,0,0.3754691
1988,3,9,-0.4792142112785245,-0.5514525123918044,3.0,0,0,0.139318
3836,2,5,-0.3165099939790835,-0.2783497258038345,2.5,0,0,0.26874954
3648,2,6,0.2429641567347835,0.6088571168134378,3.0,0,0,0.14331341
1393,2,6,-0.4164160923208455,-0.4367795191283474,3.0,0,0,0.16624318
4371,2,11,-0.2051860558268344,-0.1018136703850915,5.5,0,0,0.0176234
2228,3,8,0.0716965595774773,0.0309655849725955,2.6666666666666665,0,0,0.44171053
3886,2,6,-0.4192705522734672,-0.4413060846519049,3.0,0,0,0.15768667
2550,3,10,-0.0196461589064193,-0.0656011461966314,3.333333333333333,0,0,0.2141537
3903,3,10,0.6454430100544533,0.637525365129302,3.333333333333333,0,0,0.060981534
800,2,8,-0.4306883920839544,-0.459412346746135,4.0,0,0,0.054822683
691,3,5,-0.4934865110416333,-0.5665410641369961,1.6666666666666667,0,0,0.35453048
5749,3,14,0.0688420996248555,0.027947874623557,4.666666666666667,0,0,0.0076384135
564,3,12,0.6083350306703702,0.5982951305918037,4.0,0,0,0.014270352
478,4,28,-0.1966226759689691,-0.3349317948483034,7.0,0,0,0.03745688
2860,4,12,0.274363216213623,0.0385098608451913,3.0,0,0,0.06582498
179,2,5,-0.422125012226089,-0.4458326501754625,2.5,0,0,0.35627937
3473,4,18,0.6654242297228057,0.3485795992088809,4.5,0,0,0.07855441
5751,2,6,-0.2622752548792699,-0.1923449808562418,3.0,0,0,0.28727904
2741,3,7,0.2458186166874053,0.2150459162639343,2.333333333333333,0,0,0.038508985
5490,2,5,-0.3593268932684101,-0.3462482086571972,2.5,0,0,0.4966385
5346,2,9,-0.3393456736000577,-0.3145622499922946,4.5,0,0,0.18267637
605,2,6,-0.3279278337895706,-0.2964559878980645,3.0,0,0,0.3825518
1302,2,7,-0.4706508314206591,-0.5227842640759401,3.5,0,0,0.059068754
4149,3,14,0.2943444358819754,0.2663469921975861,4.666666666666667,0,0,0.001278604
2847,2,2,-0.5077588108047422,-0.5816296158821878,1.0,0,0,0.44634682
3328,3,5,-0.2251672754951868,-0.282876291327392,1.6666666666666667,0,0,0.40620282
4399,3,8,0.4913021726128776,0.4745690062812316,2.6666666666666665,0,0,0.08955873
1370,3,13,0.4884477126602559,0.4715512959321932,4.333333333333333,0,0,0.0022665155
1905,4,8,0.5655181313810437,0.2693647025466244,2.0,0,0,0.15304086
4355,2,5,-0.2993832342633529,-0.2511903326624894,2.5,0,0,0.35661423
472,2,7,-0.2622752548792699,-0.1923449808562418,3.5,0,0,0.2335878
3163,3,4,2.980391251299062,3.106012430642665,1.3333333333333333,0,0,0.42754608
4236,2,6,-0.4392517719418197,-0.4729920433168075,3.0,0,0,0.4840174
2024,4,18,0.2058561773507005,-0.0158089254374988,4.5,0,0,0.010428987
2264,3,9,0.0117529005724201,-0.0324063323572097,3.0,0,0,0.26600996
4575,3,10,0.2543819965452706,0.2240990473110493,3.333333333333333,0,0,0.03671493
5005,2,6,-0.3022376942159747,-0.2557168981860469,3.0,0,0,0.36706838
3632,3,8,0.1487669782982651,0.1124437643966307,2.6666666666666665,0,0,0.17776124
272,3,7,-0.0025193991906887,-0.0474948841024014,2.333333333333333,0,0,0.19101466
1566,4,10,0.3086167356450843,0.0656692539865363,2.5,0,0,0.31579614
336,2,5,-0.5077588108047422,-0.5816296158821878,2.5,0,0,0.30810767
1665,3,11,0.5683725913336655,0.5560471857052669,3.6666666666666665,0,0,0.037554428
3917,3,11,0.374269314555385,0.3508428819706596,3.6666666666666665,0,0,0.067536615
1471,3,10,-0.2051860558268344,-0.2617523188841236,3.333333333333333,0,0,0.2059243
5573,2,7,-0.2565663349740263,-0.1832918498091267,3.5,0,0,0.4045902
879,4,8,-0.4421062318944415,-0.5295741123612764,2.0,0,0,0.13668843
3732,2,5,-0.4563785316575503,-0.5001514364581526,2.5,0,0,0.49614412
4340,2,6,-0.1966226759689691,-0.088233973814419,3.0,0,0,0.2921228
5540,2,14,-0.2622752548792699,-0.1923449808562418,7.0,0,0,0.0077615427
2617,4,11,0.3514336349344109,0.0996184954132177,2.75,0,0,0.21595113
765,2,8,-0.0167916989537975,0.1969396541697042,4.0,0,0,0.047682438
286,2,6,-0.3450545935053012,-0.3236153810394096,3.0,0,0,0.3812436
4730,2,6,-0.2993832342633529,-0.2511903326624894,3.0,0,0,0.38783816
4498,3,11,-0.1509513167270208,-0.2044158222523951,3.6666666666666665,0,0,0.115855485
3957,3,14,0.5683725913336655,0.5560471857052669,4.666666666666667,0,0,0.0018541975
3413,4,19,-0.0596085982431241,-0.2262942222829231,4.75,0,0,0.005477204
254,4,10,0.4170862138447116,0.1516739989341291,2.5,0,0,0.09766901
4025,2,3,-0.0167916989537975,0.1969396541697042,1.5,0,0,0.2838585
4797,2,6,-0.484923131183768,-0.5454170916937278,3.0,0,0,0.26857823
5329,2,7,0.3343068752186802,0.7537072135672782,3.5,0,0,0.4243155
3418,3,9,-0.1766414563006167,-0.2315752153937402,3.0,0,0,0.26332036
5338,2,11,-0.2879653944528658,-0.2330840705682594,5.5,0,0,0.020674016
4767,3,10,0.6540063899123186,0.646578496176417,3.333333333333333,0,0,0.15276891
1057,2,8,-0.0767353579588547,0.1018817781749965,4.0,0,0,0.02512409
1075,2,10,0.0888233192932079,0.3644225785413322,5.0,0,0,0.18211946
711,3,6,-0.0824442778640983,-0.1319907738754749,2.0,0,0,0.13796757
2644,2,8,-0.3593268932684101,-0.3462482086571972,4.0,0,0,0.094787806
2523,2,9,-0.2451484951635392,-0.1651855877148967,4.5,0,0,0.34717888
2441,2,3,-0.4049982525103584,-0.4186732570341174,1.5,0,0,0.20610052
4743,2,3,-0.0881531977693418,0.0837755160807664,1.5,0,0,0.42820448
737,3,9,0.7082411290121322,0.7039149928081456,3.0,0,0,0.13248779
1864,3,9,-0.2166038956373215,-0.273823160280277,3.0,0,0,0.3927993
4147,3,16,0.3913960742711156,0.3689491440648897,5.333333333333333,0,0,0.006952043
4837,2,6,0.3942505342237374,0.8487650895619859,3.0,0,0,0.122033864
3784,2,6,-0.4677963714680374,-0.5182576985523827,3.0,0,0,0.16849464
5345,2,11,-0.0310639987169064,0.1743068265519166,5.5,0,0,0.013655743
3944,3,7,-0.4677963714680374,-0.539381670995651,2.333333333333333,0,0,0.04471756
5421,2,11,-0.1195522572481813,0.0339832953216338,5.5,0,0,0.022499911
2323,3,10,-0.1338245570112902,-0.1863095601581651,3.333333333333333,0,0,0.17364629
5639,2,7,-0.3678902731262754,-0.3598279052278697,3.5,0,0,0.21556707
1888,2,6,-0.3022376942159747,-0.2557168981860469,3.0,0,0,0.36706838
3754,3,8,-0.0225006188590411,-0.0686188565456698,2.6666666666666665,0,0,0.18495974
996,2,7,-0.4392517719418197,-0.4729920433168075,3.5,0,0,0.20793764
4072,3,11,0.4142317538920898,0.3930908268571965,3.6666666666666665,0,0,0.04184051
4274,3,9,0.0288796602881507,-0.0143000702629796,3.0,0,0,0.22972395
228,2,10,-0.4792142112785245,-0.5363639606466127,5.0,0,0,0.0276469
5671,2,9,-0.2794020145950005,-0.2195043739975868,4.5,0,0,0.1776748
5370,2,7,-0.3250733738369488,-0.291929422374507,3.5,0,0,0.17242612
3315,2,8,-0.5077588108047422,-0.5816296158821878,4.0,0,0,0.03850187
5071,2,8,0.8395462868327337,1.554909311236958,4.0,0,0,0.1739685
3921,3,16,0.2772176761662448,0.2482407301033561,5.333333333333333,0,0,0.0036559987
4714,2,7,0.2971988958345972,0.6948618617610306,3.5,0,0,0.17361909
3649,2,5,-0.4820686712311463,-0.5408905261701702,2.5,0,0,0.46669617
2685,3,9,0.4085228339868463,0.3870554061591197,3.0,0,0,0.11862173
896,3,6,0.1344946785351562,0.0973552126514389,2.0,0,0,0.26327184
4986,2,7,-0.1052799574850724,0.0566161229394213,3.5,0,0,0.282245
1894,3,9,-0.3307822937421923,-0.3945315742418106,3.0,0,0,0.21193345
443,2,4,-0.422125012226089,-0.4458326501754625,2.0,0,0,0.42940065
2646,3,6,-0.1994771359215909,-0.2557168981860469,2.0,0,0,0.18961605
2714,2,6,0.1773115778244828,0.504746109771615,3.0,0,0,0.28385198
3989,3,12,0.6511519299596968,0.6435607858273789,4.0,0,0,0.03582346
2292,2,13,-0.2308761954004304,-0.1425527600971091,6.5,0,0,0.02026658
2115,3,12,-0.2765475546423787,-0.3371950776100821,4.0,0,0,0.02149706
2728,2,6,-0.459232991610172,-0.5046780019817101,3.0,0,0,0.45013863
4356,2,5,-0.285110934500244,-0.2285575050447018,2.5,0,0,0.30258164
730,3,11,0.0345885801933942,-0.0082646495649029,3.6666666666666665,0,0,0.07488317
4350,3,7,1.4646730164569015,1.503608235303306,2.333333333333333,0,0,0.038485985
2095,4,12,0.1773115778244828,-0.0384417530552863,3.0,0,0,0.11712643
3612,3,12,-0.1937682160163474,-0.2496814774879703,4.0,0,0,0.015954113
1957,3,6,0.973705904605957,0.9845620552687112,2.0,0,0,0.32776028
3001,3,8,-0.0852987378167201,-0.1350084842245132,2.6666666666666665,0,0,0.11918082
3615,2,5,-0.0681719781009894,0.115461474745669,2.5,0,0,0.15203556
4457,3,18,0.2172740171611876,0.1848688127735509,6.0,0,0,0.002808948
2341,3,13,-0.3136555340264618,-0.3764253121475805,4.333333333333333,0,0,0.009719022
88,3,5,-0.1423879368691555,-0.1953626912052801,1.6666666666666667,0,0,0.27130768
776,4,14,-0.3992893326051149,-0.495624870934595,3.5,0,0,0.06389069
5448,2,10,-0.3935804126998714,-0.4005669949398873,5.0,0,0,0.4266512
1964,3,14,0.3029078157398407,0.2754001232447011,4.666666666666667,0,0,0.0021338013
3782,3,16,-0.1880592961111038,-0.2436460567898935,5.333333333333333,0,0,0.0036126887
3159,2,11,-0.2080405157794562,-0.106340235908649,5.5,0,0,0.0176234
4352,3,9,0.0146073605250418,-0.0293886220081713,3.0,0,0,0.26600996
734,4,21,-0.2451484951635392,-0.3734076017985422,5.25,0,0,0.023162035
1728,2,5,-0.2879653944528658,-0.2330840705682594,2.5,0,0,0.30258164
144,3,5,0.2572364564978924,0.2271167576600876,1.6666666666666667,0,0,0.22112484
2638,2,7,-0.447815151799685,-0.48657173988748,3.5,0,0,0.12850635
2045,4,12,-0.0310639987169064,-0.2036613946651355,3.0,0,0,0.08411352
2559,2,6,-0.484923131183768,-0.5454170916937278,3.0,0,0,0.26857823
2462,3,13,0.1173679188194256,0.0792489505572089,4.333333333333333,0,0,0.009750716
485,2,7,-0.1595146965848861,-0.0293886220081713,3.5,0,0,0.18457101
3708,2,7,0.1173679188194256,0.4096882337769073,3.5,0,0,0.20497991
452,2,9,-0.2337306553530521,-0.1470793256206666,4.5,0,0,0.32328796
4369,3,15,-0.1423879368691555,-0.1953626912052801,5.0,0,0,0.0047876043
4521,3,7,1.7329922520033485,1.7872730081129102,2.333333333333333,0,0,0.02211876
4640,3,8,0.5027200124233647,0.486639847677385,2.6666666666666665,0,0,0.08955873
30,4,19,-0.0196461589064193,-0.1946082636180205,4.75,0,0,0.0058955024
5566,2,8,0.1773115778244828,0.504746109771615,4.0,0,0,0.077291094
4622,3,16,0.3828326944132503,0.3598960130177747,5.333333333333333,0,0,0.009173258
2589,3,14,0.399959454128981,0.3780022751120047,4.666666666666667,0,0,0.0023990555
1292,3,8,0.3514336349344109,0.3267011991783529,2.6666666666666665,0,0,0.30224183
1554,2,9,-0.4192705522734672,-0.4413060846519049,4.5,0,0,0.030461974
3807,3,9,0.2800721361188666,0.2512584404523943,3.0,0,0,0.08687549
2098,3,16,-0.0538996783378806,-0.1018136703850915,5.333333333333333,0,0,0.007406214
3074,2,10,-0.3593268932684101,-0.3462482086571972,5.0,0,0,0.105144
2881,3,7,-0.31080107407384,-0.3734076017985422,2.333333333333333,0,0,0.25991094
4663,3,7,-0.1595146965848861,-0.2134689532995101,2.333333333333333,0,0,0.11997028
1436,4,14,0.0688420996248555,-0.1244464980028791,3.5,0,0,0.060580935
3308,4,10,0.9080533256956562,0.5409586339600752,2.5,0,0,0.35378286
2254,2,5,-0.4877775911363898,-0.5499436572172852,2.5,0,0,0.45510092
4211,2,9,-0.1652236164901296,-0.0384417530552863,4.5,0,0,0.1507581
1176,2,2,-0.1823503762058603,-0.0656011461966314,1.0,0,0,0.45724317
3102,2,3,-0.410707172415602,-0.4277263880812324,1.5,0,0,0.20610052
5710,2,7,-0.1823503762058603,-0.0656011461966314,3.5,0,0,0.21410552
4039,3,11,0.4541941932287946,0.4353387717437331,3.6666666666666665,0,0,0.032739058
4593,3,11,0.9879782043690658,0.999650607013903,3.6666666666666665,0,0,0.11555129
903,3,10,0.2486730766400271,0.2180636266129726,3.333333333333333,0,0,0.03671493
1729,4,21,0.4427763534183075,0.1720435437901379,5.25,0,0,0.007517345
109,4,12,-0.3022376942159747,-0.4186732570341174,3.0,0,0,0.019783448
4397,3,7,0.1944383375402134,0.1607271299812441,2.333333333333333,0,0,0.10479732
2704,3,7,0.0088984406197983,-0.035424042706248,2.333333333333333,0,0,0.17886673
4596,2,8,-0.3764536529841407,-0.3734076017985422,4.0,0,0,0.12873493
1942,3,5,-0.0681719781009894,-0.1169022221302832,1.6666666666666667,0,0,0.156035
4831,2,9,-0.0510452183852588,0.142620867887014,4.5,0,0,0.082225874
1032,2,5,-0.3593268932684101,-0.3462482086571972,2.5,0,0,0.4966385
2548,4,21,0.2857810560241101,0.0475629918923063,5.25,0,0,0.013586361
3662,2,9,-0.1909137560637256,-0.0791808427673039,4.5,0,0,0.10965416
3043,3,11,-0.4792142112785245,-0.5514525123918044,3.6666666666666665,0,0,0.09043682
3555,2,6,-0.3593268932684101,-0.3462482086571972,3.0,0,0,0.4704262
3253,4,9,-0.4421062318944415,-0.5295741123612764,2.25,0,0,0.14687088
5622,2,10,-0.3992893326051149,-0.4096201259870023,5.0,0,0,0.48271534
5518,2,6,-0.1709325363953732,-0.0474948841024014,3.0,0,0,0.27575275
3414,2,6,-0.273693094689757,-0.2104512429504718,3.0,0,0,0.40711272
2275,3,7,0.5940627309072614,0.5832065788466119,2.333333333333333,0,0,0.06143334
1643,2,6,-0.4563785316575503,-0.5001514364581526,3.0,0,0,0.3696137
5411,2,10,-0.0339184586695282,0.1697802610283591,5.0,0,0,0.0663872
3586,3,7,-0.0852987378167201,-0.1350084842245132,2.333333333333333,0,0,0.06428208
4373,3,11,1.1934993209578333,1.2169257521446637,3.6666666666666665,0,0,0.020442743
3049,2,5,-0.2794020145950005,-0.2195043739975868,2.5,0,0,0.4672275
4516,2,7,-0.1680780764427514,-0.0429683185788438,3.5,0,0,0.20784703
1504,3,7,0.1230768387246692,0.0852843712552856,2.333333333333333,0,0,0.097703375
2571,2,6,-0.3250733738369488,-0.291929422374507,3.0,0,0,0.31871414
809,3,5,0.548391371665313,0.5349232132619984,1.6666666666666667,0,0,0.30789888
63,3,12,-0.2508574150687828,-0.3100356844687371,4.0,0,0,0.036845244
1779,2,9,-0.4278339321313326,-0.4548857812225775,4.5,0,0,0.0464493
1411,2,6,-0.3621813532210319,-0.3507747741807547,3.0,0,0,0.4122226
742,3,10,-0.0510452183852588,-0.0987959600360531,3.333333333333333,0,0,0.15696627
5666,2,9,-0.2051860558268344,-0.1018136703850915,4.5,0,0,0.123193
3982,2,7,-0.1994771359215909,-0.0927605393379765,3.5,0,0,0.25497228
3966,2,8,-0.3992893326051149,-0.4096201259870023,4.0,0,0,0.45806697
2996,2,4,-0.0310639987169064,0.1743068265519166,2.0,0,0,0.3840062
4406,2,5,-0.3279278337895706,-0.2964559878980645,2.5,0,0,0.41731253
5426,2,5,-0.2908198544054876,-0.2376106360918169,2.5,0,0,0.33705887
1046,2,11,-0.4335428520365761,-0.4639389122696925,5.5,0,0,0.014926269
2094,5,30,2.112635425702044,1.0805252443681306,6.0,0,0,0.026729167
2487,2,6,-0.347909053457923,-0.3281419465629671,3.0,0,0,0.3812436
1536,4,14,0.5055744723759865,0.2218357645492705,3.5,0,0,0.017517598
2369,2,5,-0.3422001335526795,-0.3190888155158521,2.5,0,0,0.4899823
4813,2,8,-0.3050921541685965,-0.2602434637096044,4.0,0,0,0.15371075
2765,3,10,0.5426824517600696,0.5288877925639218,3.333333333333333,0,0,0.046470705
1505,3,15,0.6425885501018315,0.6345076547802638,5.0,0,0,0.0033637243
5107,2,13,-0.3050921541685965,-0.2602434637096044,6.5,0,0,0.053254593
1421,2,8,-0.3707447330788971,-0.3643544707514272,4.0,0,0,0.069639
3954,2,10,-0.3136555340264618,-0.273823160280277,5.0,0,0,0.09736092
5402,2,10,-0.3678902731262754,-0.3598279052278697,5.0,0,0,0.08149875
5625,2,9,-0.110988877390316,0.0475629918923063,4.5,0,0,0.21857211
5036,2,9,-0.410707172415602,-0.4277263880812324,4.5,0,0,0.024313042
3203,4,14,1.673048592998291,1.1475184141167818,3.5,0,0,0.022933874
44,2,6,-0.1623691565375079,-0.0339151875317288,3.0,0,0,0.26864094
1840,2,6,-0.4049982525103584,-0.4186732570341174,3.0,0,0,0.124946706
746,3,5,0.3971049941763592,0.3749845647629664,1.6666666666666667,0,0,0.3405172
4506,2,9,-0.1081344174376942,0.0520895574158638,4.5,0,0,0.22760223
438,4,18,0.3114711955977061,0.0679325367483151,4.5,0,0,0.057520006
5273,2,5,-0.3621813532210319,-0.3507747741807547,2.5,0,0,0.4378733
2276,2,6,-0.4877775911363898,-0.5499436572172852,3.0,0,0,0.33305174
4994,2,11,-0.2993832342633529,-0.2511903326624894,5.5,0,0,0.03763923
3571,2,7,0.4285040536551986,0.903083875844676,3.5,0,0,0.14105617
3995,3,10,0.5512458316179348,0.5379409236110368,3.333333333333333,0,0,0.046470705
2968,4,12,-0.2679841747845134,-0.3915138638927723,3.0,0,0,0.17717479
944,2,9,-0.4278339321313326,-0.4548857812225775,4.5,0,0,0.0464493
4577,2,7,-0.1566602366322643,-0.0248620564846138,3.5,0,0,0.19573057
3279,5,17,0.2201284771138094,-0.1199199324793215,3.4,0,0,0.14241771
12,4,11,4.955677538513328,3.750293590162351,2.75,0,0,0.15581092
4182,2,5,-0.2908198544054876,-0.2376106360918169,2.5,0,0,0.33705887
642,2,5,-0.2137494356846997,-0.115393366955764,2.5,0,0,0.35140342
3624,2,8,-0.011082779048554,0.2059927852168192,4.0,0,0,0.047682438
1074,3,5,-0.2051860558268344,-0.2617523188841236,1.6666666666666667,0,0,0.38271576
1095,2,3,0.2914899759293536,0.6858087307139156,1.5,0,0,0.43431237
2091,3,6,0.4770298728497688,0.4594804545360399,2.0,0,0,0.21240957
653,2,6,-0.4649419115154156,-0.5137311330288251,3.0,0,0,0.15121466
429,2,5,-0.3250733738369488,-0.291929422374507,2.5,0,0,0.35097146
3653,2,11,-0.3193644539317053,-0.282876291327392,5.5,0,0,0.012332324
1477,2,6,-0.4677963714680374,-0.5182576985523827,3.0,0,0,0.16849464
1183,4,9,-0.3222189138843271,-0.4345162363665686,2.25,0,0,0.0201129
838,3,13,-0.2594207949266481,-0.3190888155158521,4.333333333333333,0,0,0.011258438
2694,3,9,0.0203162804302854,-0.0233532013100946,3.0,0,0,0.23932403
4824,2,8,-0.484923131183768,-0.5454170916937278,4.0,0,0,0.024735179
5365,2,5,-0.3422001335526795,-0.3190888155158521,2.5,0,0,0.4899823
3879,2,7,-0.3707447330788971,-0.3643544707514272,3.5,0,0,0.20642897
856,2,7,-0.5077588108047422,-0.5816296158821878,3.5,0,0,0.19096969
2154,2,5,-0.4991954309468769,-0.5680499193115153,2.5,0,0,0.47853634
1487,3,8,0.0402975000986378,-0.0022292288668262,2.6666666666666665,0,0,0.18106003
3837,3,9,0.3971049941763592,0.3749845647629664,3.0,0,0,0.14442004
693,2,9,-0.2622752548792699,-0.1923449808562418,4.5,0,0,0.11816766
2456,3,9,0.5683725913336655,0.5560471857052669,3.0,0,0,0.10120155
3559,2,5,-0.5020498908994987,-0.5725764848350728,2.5,0,0,0.30810767
3148,3,10,-0.3564724333157883,-0.4216909673831557,3.333333333333333,0,0,0.015232005
1498,3,10,-0.2993832342633529,-0.3613367604023889,3.333333333333333,0,0,0.15886481
2850,2,3,-0.4192705522734672,-0.4413060846519049,1.5,0,0,0.25037935
3395,4,20,0.0688420996248555,-0.1244464980028791,5.0,0,0,0.029819872
2153,3,6,1.713011032334996,1.7661490356696414,2.0,0,0,0.023989601
1859,2,6,-0.3022376942159747,-0.2557168981860469,3.0,0,0,0.36706838
210,4,9,0.1601848181087522,-0.0520214496259589,2.25,0,0,0.26679885
2857,2,5,-0.4278339321313326,-0.4548857812225775,2.5,0,0,0.2997479
4412,3,8,-0.3593268932684101,-0.4247086777321941,2.6666666666666665,0,0,0.027128944
1117,3,13,-0.4363973119891979,-0.5061868571562292,4.333333333333333,0,0,0.007718819
3932,3,11,-0.273693094689757,-0.3341773672610438,3.6666666666666665,0,0,0.07581809
3606,3,18,0.2857810560241101,0.2572938611504711,6.0,0,0,0.0034343954
3258,3,14,0.274363216213623,0.2452230197543176,4.666666666666667,0,0,0.0018124881
4966,2,5,-0.2965287743107311,-0.2466637671389319,2.5,0,0,0.29097998
2406,4,23,0.8937810259325474,0.5296422201511813,5.75,0,0,0.03436998
1813,3,6,0.1145134588668038,0.0762312402081706,2.0,0,0,0.42378718
3048,3,7,0.0117529005724201,-0.0324063323572097,2.333333333333333,0,0,0.17886673
4024,3,14,0.0203162804302854,-0.0233532013100946,4.666666666666667,0,0,0.0037793505
5627,2,10,0.0602787197669902,0.319156923305757,5.0,0,0,0.06938881
3290,2,6,-0.4192705522734672,-0.4413060846519049,3.0,0,0,0.15768667
3459,4,7,1.5246166754619588,1.0298277105042863,1.75,0,0,0.37430096
4882,2,7,-0.3678902731262754,-0.3598279052278697,3.5,0,0,0.21556707
4081,2,9,0.1573303581561304,0.4730601511067124,4.5,0,0,0.12058361
3945,3,18,0.2657998363557577,0.2361698887072026,6.0,0,0,0.0048631737
1558,2,11,-0.3878714927946278,-0.3915138638927723,5.5,0,0,0.3296099
1580,2,5,-0.2080405157794562,-0.106340235908649,2.5,0,0,0.31493807
5718,2,6,-0.0624630581957459,0.124514605792784,3.0,0,0,0.12900774
1544,2,7,-0.4735052913732809,-0.5273108295994977,3.5,0,0,0.16773964
4687,3,8,0.6511519299596968,0.6435607858273789,2.6666666666666665,0,0,0.25667495
2244,2,5,-0.2651297148318917,-0.1968715463797992,2.5,0,0,0.36599493
5606,2,3,0.3029078157398407,0.7039149928081456,1.5,0,0,0.43431237
3262,4,5,-0.0196461589064193,-0.1946082636180205,1.25,0,0,0.22708753
252,3,10,1.4275650370728186,1.4643780007658076,3.333333333333333,0,0,0.11728563
350,3,14,1.6587762932351822,1.7088125390379132,4.666666666666667,0,0,0.0010870979
4568,2,13,-0.0082283190959322,0.2105193507403767,6.5,0,0,0.008630161
457,2,9,-0.4763597513259027,-0.5318373951230552,4.5,0,0,0.12548739
479,4,17,0.8595275065010861,0.5024828270098363,4.25,0,0,0.068186715
1934,3,9,1.3990204375466009,1.434200897275424,3.0,0,0,0.20805663
798,2,6,-0.1309700970586684,0.0158770332274037,3.0,0,0,0.36131847
26,4,13,-0.5077588108047422,-0.5816296158821878,3.25,0,0,0.017311772
2874,2,6,-0.4620874515627938,-0.5092045675052677,3.0,0,0,0.32613918
4605,2,13,0.0060439806671765,0.2331521783581643,6.5,0,0,0.010178805
4879,2,5,-0.5077588108047422,-0.5816296158821878,2.5,0,0,0.30810767
2412,3,9,-0.31080107407384,-0.3734076017985422,3.0,0,0,0.3972026
4908,2,6,-0.3621813532210319,-0.3507747741807547,3.0,0,0,0.4122226
3737,3,20,0.374269314555385,0.3508428819706596,6.666666666666667,0,0,0.014565362
3309,2,5,-0.3593268932684101,-0.3462482086571972,2.5,0,0,0.4966385
1654,3,6,-0.4991954309468769,-0.5725764848350728,2.0,0,0,0.26647153
1514,2,10,-0.3821625728893842,-0.3824607328456573,5.0,0,0,0.4989537
5515,2,9,-0.3165099939790835,-0.2783497258038345,4.5,0,0,0.11943786
607,4,11,0.0945322391984514,-0.1040769531468703,2.75,0,0,0.23023406
5707,2,8,-0.4535240717049285,-0.495624870934595,4.0,0,0,0.033730213
4688,2,11,-0.2223128155425651,-0.1289730635264366,5.5,0,0,0.037465658
3142,5,16,0.6882599093437798,0.1770227658660511,3.2,0,0,0.2954626
4796,2,12,-0.2794020145950005,-0.2195043739975868,6.0,0,0,0.018496908
3639,3,7,0.2486730766400271,0.2180636266129726,2.333333333333333,0,0,0.038508985
4657,3,15,0.1915838775875916,0.1577094196322058,5.0,0,0,0.0033285758
5652,2,8,-0.3536179733631666,-0.3371950776100821,4.0,0,0,0.08552228
4775,3,15,0.8309829069748684,0.8336765378167943,5.0,0,0,0.002797392
203,2,8,-0.2794020145950005,-0.2195043739975868,4.0,0,0,0.088743374
339,2,3,-0.4164160923208455,-0.4367795191283474,1.5,0,0,0.26239872
4381,3,7,0.5198467721390954,0.504746109771615,2.333333333333333,0,0,0.053852
387,3,12,0.174457117871861,0.1396031575379758,4.0,0,0,0.012408489
5477,2,9,-0.1281156371060466,0.0204035987509612,4.5,0,0,0.2411025
2373,2,8,-0.2251672754951868,-0.1334996290499941,4.0,0,0,0.09145353
2330,3,11,0.2486730766400271,0.2180636266129726,3.6666666666666665,0,0,0.020346291
2117,2,3,-0.422125012226089,-0.4458326501754625,1.5,0,0,0.46840504
3164,2,5,-0.4677963714680374,-0.5182576985523827,2.5,0,0,0.268686
2263,2,7,-0.4421062318944415,-0.477518608840365,3.5,0,0,0.26585352
4847,2,11,-0.3279278337895706,-0.2964559878980645,5.5,0,0,0.03065165
2801,2,5,-0.3707447330788971,-0.3643544707514272,2.5,0,0,0.3813855
4731,2,5,-0.3022376942159747,-0.2557168981860469,2.5,0,0,0.33659708
677,2,13,-0.1366790169639119,0.0068239021802887,6.5,0,0,0.005043234
3915,2,5,0.0574242598143684,0.3146303577821995,2.5,0,0,0.44046897
3742,2,6,-0.4449606918470632,-0.4820451743639225,3.0,0,0,0.38314396
2531,2,1,-0.5077588108047422,-0.5816296158821878,0.5,0,0,0.44193804
61,2,2,-0.4164160923208455,-0.4367795191283474,1.0,0,0,0.10107221
3857,3,16,-0.1423879368691555,-0.1953626912052801,5.333333333333333,0,0,0.0053110966
1253,4,13,0.2600909164505142,0.0271934470362975,3.25,0,0,0.027679456
5681,2,7,-0.273693094689757,-0.2104512429504718,3.5,0,0,0.28128198
1703,3,8,-0.3536179733631666,-0.4186732570341174,2.6666666666666665,0,0,0.027279178
4769,2,15,-0.1566602366322643,-0.0248620564846138,7.5,0,0,0.0057346467
2004,2,8,-0.0167916989537975,0.1969396541697042,4.0,0,0,0.047682438
4215,3,16,0.0174618204776636,-0.0263709116591329,5.333333333333333,0,0,0.009048109
2809,2,5,-0.4249794721787108,-0.45035921569902,2.5,0,0,0.2997479
3692,2,6,-0.1224067172008031,0.0294567297980763,3.0,0,0,0.4227251
3288,4,8,-0.0567541382905023,-0.2240309395211443,2.0,0,0,0.07701678
733,2,6,-0.3536179733631666,-0.3371950776100821,3.0,0,0,0.43630156
3404,5,17,-0.1509513167270208,-0.3553013397043122,3.4,0,0,0.4195838
4885,2,11,-0.3735991930315189,-0.3688810362749847,5.5,0,0,0.037019815
2543,4,14,3.7082785392176136,2.7612390232650346,3.5,0,0,0.054364253
527,2,3,0.1487669782982651,0.4594804545360399,1.5,0,0,0.4339176
2611,2,4,-0.410707172415602,-0.4277263880812324,2.0,0,0,0.18148167
5075,2,11,-0.4991954309468769,-0.5680499193115153,5.5,0,0,0.02138099
803,3,6,0.0060439806671765,-0.0384417530552863,2.0,0,0,0.44456542
857,2,6,0.1202223787720474,0.4142147993004648,3.0,0,0,0.26452515
3250,2,10,3.7939123377962662,6.239904628118982,5.0,0,0,0.18904391
2535,4,10,0.7424946484435935,0.4096882337769073,2.5,0,0,0.3383611
5628,2,5,-0.484923131183768,-0.5454170916937278,2.5,0,0,0.43258765
1295,2,4,0.2172740171611876,0.5681180271014202,2.0,0,0,0.45659265
219,3,16,0.100241159103695,0.0611426884629788,5.333333333333333,0,0,0.018166175
2552,4,15,0.5084289323286083,0.2240990473110493,3.75,0,0,0.0059213047
1115,2,5,-0.422125012226089,-0.4458326501754625,2.5,0,0,0.35627937
582,2,8,-0.2365851153056739,-0.1516058911442241,4.0,0,0,0.18954952
2913,2,5,0.7367857285383499,1.3919529523888874,2.5,0,0,0.18946657
43,2,5,-0.347909053457923,-0.3281419465629671,2.5,0,0,0.41149342
2181,4,20,-0.1452423968217772,-0.2941927051362858,5.0,0,0,0.055986933
1071,3,13,0.6283162503387226,0.619419103035072,4.333333333333333,0,0,0.004001401
4174,3,10,0.0431519600512596,0.000788481482212,3.333333333333333,0,0,0.11284905
5599,2,8,-0.1994771359215909,-0.0927605393379765,4.0,0,0,0.06367972
3593,5,29,-0.048190758432637,-0.290118796165084,5.8,0,0,0.028552337
3849,3,12,2.7406166152788334,2.852524761323445,4.0,0,0,0.008218348
5522,2,9,-0.3450545935053012,-0.3236153810394096,4.5,0,0,0.12662138
2662,4,19,1.0136683439426617,0.6247000961458892,4.75,0,0,0.07779824
897,2,5,-0.4620874515627938,-0.5092045675052677,2.5,0,0,0.4483724
95,4,5,-0.011082779048554,-0.1878184153326842,1.25,0,0,0.22708753
2022,3,10,0.4884477126602559,0.4715512959321932,3.333333333333333,0,0,0.043672036
5720,2,6,-0.1509513167270208,-0.0158089254374988,3.0,0,0,0.23562017
842,2,8,-0.3650358131736536,-0.3553013397043122,4.0,0,0,0.08808152
1507,2,6,-0.5077588108047422,-0.5816296158821878,3.0,0,0,0.21786195
4638,2,5,-0.3707447330788971,-0.3643544707514272,2.5,0,0,0.3813855
4774,2,7,-0.0995710375798289,0.0656692539865363,3.5,0,0,0.4021817
3819,3,12,0.4770298728497688,0.4594804545360399,4.0,0,0,0.0064998097
1323,2,6,0.1259312986772909,0.4232679303475798,3.0,0,0,0.17543083
4383,3,18,0.3771237745080068,0.3538605923196979,6.0,0,0,0.008250092
322,4,12,0.0545697998617466,-0.1357629118117728,3.0,0,0,0.08845943
2954,2,5,-0.2708386347371352,-0.2059246774269143,2.5,0,0,0.41378424
2903,2,6,-0.2965287743107311,-0.2466637671389319,3.0,0,0,0.3285512
334,2,5,-0.4792142112785245,-0.5363639606466127,2.5,0,0,0.41567886
2845,3,12,-0.3707447330788971,-0.4367795191283474,4.0,0,0,0.0027789606
332,4,19,0.0716965595774773,-0.1221832152411003,4.75,0,0,0.014906384
3881,2,6,-0.459232991610172,-0.5046780019817101,3.0,0,0,0.45013863
5224,2,6,-0.4192705522734672,-0.4413060846519049,3.0,0,0,0.15768667
2422,3,6,0.3628514747448979,0.3387720405745063,2.0,0,0,0.22394359
3796,3,19,0.5712270512862873,0.5590648960543052,6.333333333333333,0,0,0.004457173
1937,4,15,0.9223256254587652,0.552275047768969,3.75,0,0,0.0364824
731,2,5,-0.5077588108047422,-0.5816296158821878,2.5,0,0,0.30810767
291,4,13,0.0402975000986378,-0.1470793256206666,3.25,0,0,0.05272149
184,2,5,-0.4877775911363898,-0.5499436572172852,2.5,0,0,0.45510092
1820,4,12,0.8281284470222466,0.4775867166302699,3.0,0,0,0.12199877
3616,2,5,2.523677658879578,4.22558297013589,2.5,0,0,0.3676959
3038,4,7,0.5198467721390954,0.2331521783581643,1.75,0,0,0.33684424
4405,3,16,-0.2223128155425651,-0.2798585809783536,5.333333333333333,0,0,0.028502638
4750,3,5,0.1430580583930215,0.106408343698554,1.6666666666666667,0,0,0.30983412
657,4,7,-0.3422001335526795,-0.45035921569902,1.75,0,0,0.07998938
2303,2,6,-0.0225006188590411,0.1878865231225892,3.0,0,0,0.1793607
2287,3,14,-0.2337306553530521,-0.291929422374507,4.666666666666667,0,0,0.004625995
898,2,11,-0.3165099939790835,-0.2783497258038345,5.5,0,0,0.022742607
428,2,7,-0.1452423968217772,-0.0067557943903837,3.5,0,0,0.18864551
4396,3,8,1.0679030830424754,1.0841464967869765,2.6666666666666665,0,0,0.092633694
4214,2,6,-0.2908198544054876,-0.2376106360918169,3.0,0,0,0.3774128
1410,4,10,0.2600909164505142,0.0271934470362975,2.5,0,0,0.17076962
4953,2,5,-0.1395334769165337,0.0022973366567312,2.5,0,0,0.36706975
3113,3,14,0.3771237745080068,0.3538605923196979,4.666666666666667,0,0,0.0031702106
1780,3,8,-0.3279278337895706,-0.3915138638927723,2.6666666666666665,0,0,0.25015306
4546,4,13,-0.1937682160163474,-0.3326685120865246,3.25,0,0,0.07399519
2603,3,11,0.5912082709546396,0.5801888684975737,3.6666666666666665,0,0,0.03658263
3209,3,13,0.2087106373033223,0.1758156817264358,4.333333333333333,0,0,0.0015733751
4848,2,12,-0.3507635134105448,-0.3326685120865246,6.0,0,0,0.016866574
4755,2,6,-0.3307822937421923,-0.300982553421622,3.0,0,0,0.4521527
3842,3,6,-0.3992893326051149,-0.4669566226187309,2.0,0,0,0.41439566
4161,2,5,-0.2280217354478086,-0.1380261945735516,2.5,0,0,0.39512455
4713,2,8,-0.4306883920839544,-0.459412346746135,4.0,0,0,0.054822683
4028,2,8,-0.385017032842006,-0.3869872983692148,4.0,0,0,0.44987997
2503,2,10,0.3228890354081931,0.7356009514730482,5.0,0,0,0.124902174
1550,3,6,-0.3536179733631666,-0.4186732570341174,2.0,0,0,0.08597735
4552,3,9,1.5702880347039072,1.6152635182177246,3.0,0,0,0.04839243
3858,2,11,-0.3022376942159747,-0.2557168981860469,5.5,0,0,0.14827827
70,4,10,-0.210894975732078,-0.3462482086571972,2.5,0,0,0.29925245
1612,3,17,-0.2508574150687828,-0.3100356844687371,5.666666666666667,0,0,0.013751313
4031,3,13,2.00987486740766,2.079990911969629,4.333333333333333,0,0,0.0013623169
2746,2,14,-0.3165099939790835,-0.2783497258038345,7.0,0,0,0.01063007
4724,3,9,0.7053866690595104,0.7008972824591071,3.0,0,0,0.13248779
831,4,11,2.238231663617402,1.5956484009489755,2.75,0,0,0.06684117
5284,2,5,-0.3678902731262754,-0.3598279052278697,2.5,0,0,0.39441925
1545,2,6,-0.2679841747845134,-0.2013981119033568,3.0,0,0,0.40018243
4734,2,5,-0.4792142112785245,-0.5363639606466127,2.5,0,0,0.41567886
238,3,12,0.5426824517600696,0.5288877925639218,4.0,0,0,0.0069336165
3607,4,13,1.359057998209896,0.8985573103211186,3.25,0,0,0.060337864
1321,2,5,-0.5077588108047422,-0.5816296158821878,2.5,0,0,0.30810767
4961,2,5,-0.3022376942159747,-0.2557168981860469,2.5,0,0,0.33659708
1001,2,9,-0.4278339321313326,-0.4548857812225775,4.5,0,0,0.0464493
1732,4,21,0.7910204676381636,0.4481640407271461,5.25,0,0,0.02620425
4508,2,6,-0.1595146965848861,-0.0293886220081713,3.0,0,0,0.2472456
2104,2,9,-0.248002955116161,-0.1697121532384542,4.5,0,0,0.27643612
957,4,8,0.0574242598143684,-0.1334996290499941,2.0,0,0,0.1391806
4884,2,8,-0.3193644539317053,-0.282876291327392,4.0,0,0,0.034312177
3939,3,14,0.2144195572085658,0.1818511024245125,4.666666666666667,0,0,0.0010133624
3631,2,5,-0.3250733738369488,-0.291929422374507,2.5,0,0,0.35097146
3240,2,9,-0.4735052913732809,-0.5273108295994977,4.5,0,0,0.06963301
411,2,9,-0.4706508314206591,-0.5227842640759401,4.5,0,0,0.026888065
1945,3,11,-0.2822564745476222,-0.3432304983081589,3.6666666666666665,0,0,0.09610949
3265,4,6,0.0460064200038813,-0.1425527600971091,1.5,0,0,0.42049384
3543,2,5,0.3885416143184939,0.8397119585148709,2.5,0,0,0.19752385
2457,4,16,3.020353690635767,2.2157878776763544,4.0,0,0,0.09962721
1034,3,13,-0.0339184586695282,-0.0806896979418231,4.333333333333333,0,0,0.01250152
4601,4,18,0.4513397332761728,0.1788333920754742,4.5,0,0,0.013175638
931,4,11,0.1858749576823481,-0.0316519047699501,2.75,0,0,0.13460116
633,2,5,-0.1766414563006167,-0.0565480151495164,2.5,0,0,0.49170217
2316,2,4,-0.4249794721787108,-0.45035921569902,2.0,0,0,0.37476927
498,4,17,-0.2965287743107311,-0.4141466915105599,4.25,0,0,0.015586479
4391,3,11,-0.0624630581957459,-0.1108668014322065,3.6666666666666665,0,0,0.114539936
3323,4,11,0.0088984406197983,-0.171975436000233,2.75,0,0,0.22727762
3023,3,14,-0.1309700970586684,-0.1832918498091267,4.666666666666667,0,0,0.0075604822
1456,2,6,-0.0167916989537975,0.1969396541697042,3.0,0,0,0.1793607
2464,3,10,0.3485791749817891,0.3236834888293146,3.333333333333333,0,0,0.1748208
757,2,5,-0.3564724333157883,-0.3417216431336397,2.5,0,0,0.46761858
1818,3,17,-0.2879653944528658,-0.3492659190062355,5.666666666666667,0,0,0.009411736
2029,3,5,0.536973531854826,0.5228523718658451,1.6666666666666667,0,0,0.30789888
3535,2,6,-0.210894975732078,-0.1108668014322065,3.0,0,0,0.49055946
2858,3,4,0.6168984105282356,0.6073482616389188,1.3333333333333333,0,0,0.48567688
596,2,5,-0.3507635134105448,-0.3326685120865246,2.5,0,0,0.41149342
1962,2,6,-0.4620874515627938,-0.5092045675052677,3.0,0,0,0.32613918
1068,3,9,-0.1766414563006167,-0.2315752153937402,3.0,0,0,0.26332036
4822,2,6,-0.3393456736000577,-0.3145622499922946,3.0,0,0,0.4711797
4435,3,15,0.0631331797196119,0.0219124539254804,5.0,0,0,0.008947252
4614,3,13,0.6796965294859145,0.6737378893177621,4.333333333333333,0,0,0.004298486
1539,4,10,-0.5077588108047422,-0.5816296158821878,2.5,0,0,0.047214564
5570,2,5,-0.2993832342633529,-0.2511903326624894,2.5,0,0,0.35661423
75,3,6,-0.3678902731262754,-0.4337618087793091,2.0,0,0,0.07287074
3382,2,8,1.122137822142289,2.003039298069152,4.0,0,0,0.123414546
3319,3,11,-0.2965287743107311,-0.3583190500533505,3.6666666666666665,0,0,0.074226014
4060,3,15,0.51128339228123,0.4956929787245,5.0,0,0,0.0018193361
3590,4,12,1.184935941099968,0.7604970618526145,3.0,0,0,0.13399519
3565,4,22,0.948015765032361,0.5726445926249777,5.5,0,0,0.057374895
2826,2,4,-0.4278339321313326,-0.4548857812225775,2.0,0,0,0.37476927
2138,2,5,-0.3536179733631666,-0.3371950776100821,2.5,0,0,0.46761858
2910,2,6,-0.5077588108047422,-0.5816296158821878,3.0,0,0,0.21786195
2417,2,3,-0.4164160923208455,-0.4367795191283474,1.5,0,0,0.26239872
1010,3,7,-0.2822564745476222,-0.3432304983081589,2.333333333333333,0,0,0.18601544
1029,2,5,-0.4135616323682237,-0.4322529536047899,2.5,0,0,0.1296365
2127,2,5,-0.4563785316575503,-0.5001514364581526,2.5,0,0,0.49614412
828,3,6,-0.2965287743107311,-0.3583190500533505,2.0,0,0,0.36946446
5363,2,7,-0.3422001335526795,-0.3190888155158521,3.5,0,0,0.25416583
4690,2,8,-0.3821625728893842,-0.3824607328456573,4.0,0,0,0.43961132
96,2,6,-0.2993832342633529,-0.2511903326624894,3.0,0,0,0.38783816
5409,2,6,1.5902692543722596,2.7453960439325837,3.0,0,0,0.03358788
4411,2,7,-0.1452423968217772,-0.0067557943903837,3.5,0,0,0.18864551
3153,4,9,-0.0681719781009894,-0.2330840705682594,2.25,0,0,0.08264726
1200,3,14,0.0460064200038813,0.0038061918312504,4.666666666666667,0,0,0.0028944362
566,2,4,-0.410707172415602,-0.4277263880812324,2.0,0,0,0.18148167
1334,3,5,-0.1538057766796426,-0.2074335326014334,1.6666666666666667,0,0,0.46747616
51,3,8,0.1088045389615603,0.0701958195100939,2.6666666666666665,0,0,0.49146894
2312,3,10,-0.4249794721787108,-0.4941160157600759,3.333333333333333,0,0,0.059679598
4130,3,7,0.0460064200038813,0.0038061918312504,2.333333333333333,0,0,0.12278682
4936,2,5,-0.1709325363953732,-0.0474948841024014,2.5,0,0,0.34330118
3204,3,8,1.359057998209896,1.3919529523888874,2.6666666666666665,0,0,0.113453776
3487,4,9,-0.347909053457923,-0.4548857812225775,2.25,0,0,0.026111897
802,2,5,0.4456308133709293,0.9302432689860212,2.5,0,0,0.22352631
3926,3,5,0.1202223787720474,0.0822666609062472,1.6666666666666667,0,0,0.30983412
2173,3,3,0.9023444057904126,0.9091192965427528,1.0,0,0,0.1164007
3871,2,5,-0.3593268932684101,-0.3462482086571972,2.5,0,0,0.4966385
5323,2,8,-0.073880898006233,0.106408343698554,4.0,0,0,0.02512409
3815,3,14,0.4285040536551986,0.408179378602388,4.666666666666667,0,0,0.0020766705
3126,2,5,-0.5077588108047422,-0.5816296158821878,2.5,0,0,0.30810767
2002,3,10,0.1887294176349699,0.1546917092831674,3.333333333333333,0,0,0.09638855
644,2,6,-0.4192705522734672,-0.4413060846519049,3.0,0,0,0.15768667
5553,2,6,-0.410707172415602,-0.4277263880812324,3.0,0,0,0.124946706
5650,2,6,-0.3193644539317053,-0.282876291327392,3.0,0,0,0.20044793
3901,2,6,-0.3564724333157883,-0.3417216431336397,3.0,0,0,0.43630156
120,3,5,-0.4735052913732809,-0.5454170916937278,1.6666666666666667,0,0,0.4829449
4671,2,7,-0.3336367536948141,-0.3055091189451795,3.5,0,0,0.23964411
5686,2,7,-0.4078527124629802,-0.4231998225576749,3.5,0,0,0.040801633
3790,3,21,0.536973531854826,0.5228523718658451,7.0,0,0,0.00632623
5716,2,6,-0.3222189138843271,-0.2874028568509495,3.0,0,0,0.35231957
5064,2,18,-0.3279278337895706,-0.2964559878980645,9.0,0,0,0.08843128
2980,2,7,-0.2651297148318917,-0.1968715463797992,3.5,0,0,0.31668076
3217,2,9,-0.1766414563006167,-0.0565480151495164,4.5,0,0,0.2406062
2240,4,15,1.1906448610052116,0.765023627376172,3.75,0,0,0.038248543
511,3,8,-0.0681719781009894,-0.1169022221302832,2.6666666666666665,0,0,0.09799944
62,3,8,0.300053355787219,0.2723824128956627,2.6666666666666665,0,0,0.089544185
5006,2,8,-0.1909137560637256,-0.0791808427673039,4.0,0,0,0.05275729
5506,2,10,-0.3678902731262754,-0.3598279052278697,5.0,0,0,0.08149875
5235,2,8,-0.3307822937421923,-0.300982553421622,4.0,0,0,0.0900336
3400,3,10,0.3685603946501415,0.3448074612725829,3.333333333333333,0,0,0.063899
1211,3,15,-0.422125012226089,-0.4910983054110375,5.0,0,0,0.007638786
122,3,7,-0.0339184586695282,-0.0806896979418231,2.333333333333333,0,0,0.11753791
3960,3,17,-0.0310639987169064,-0.0776719875927848,5.666666666666667,0,0,0.010594648
3210,3,16,0.0345885801933942,-0.0082646495649029,5.333333333333333,0,0,0.005503143
2926,2,11,-0.2565663349740263,-0.1832918498091267,5.5,0,0,0.03727409
1210,3,10,1.159245801526372,1.1807132279562034,3.333333333333333,0,0,0.02686877
548,4,13,-0.0339184586695282,-0.2059246774269143,3.25,0,0,0.03233098
864,3,9,0.9508702249849827,0.9604203724764048,3.0,0,0,0.23857863
4353,3,9,0.3086167356450843,0.2814355439427777,3.0,0,0,0.14602722
1392,4,16,0.6625697697701839,0.3463163164471021,4.0,0,0,0.116460696
4314,3,8,0.0260252003355289,-0.0173177806120179,2.6666666666666665,0,0,0.24486515
2124,2,6,-0.4563785316575503,-0.5001514364581526,3.0,0,0,0.3696137
4550,4,16,0.4085228339868463,0.1448841506487928,4.0,0,0,0.029724738
1526,2,8,-0.4735052913732809,-0.5273108295994977,4.0,0,0,0.03301581
3540,3,9,0.5455369117126913,0.5319055029129601,3.0,0,0,0.086644895
690,3,9,0.3457247150291673,0.3206657784802763,3.0,0,0,0.2952904
602,3,7,0.8509641266432207,0.8548005102600625,2.333333333333333,0,0,0.045254525
2609,3,7,-0.0510452183852588,-0.0987959600360531,2.333333333333333,0,0,0.074412905
4783,2,9,-0.3165099939790835,-0.2783497258038345,4.5,0,0,0.11943786
5114,2,6,-0.3650358131736536,-0.3553013397043122,3.0,0,0,0.44429317
3269,2,3,-0.4164160923208455,-0.4367795191283474,1.5,0,0,0.26239872
4317,3,14,0.1173679188194256,0.0792489505572089,4.666666666666667,0,0,0.006532453
2815,2,4,-0.4049982525103584,-0.4186732570341174,2.0,0,0,0.18148167
5070,2,7,-0.2251672754951868,-0.1334996290499941,3.5,0,0,0.3338556
1361,3,7,-0.2137494356846997,-0.2708054499312386,2.333333333333333,0,0,0.1945271
4633,2,7,-0.4049982525103584,-0.4186732570341174,3.5,0,0,0.040801633
2767,3,20,1.1249922820949108,1.1445007037677433,6.666666666666667,0,0,0.006655403
2640,2,3,-0.410707172415602,-0.4277263880812324,1.5,0,0,0.20610052
3576,4,16,0.2772176761662448,0.04077314360697,4.0,0,0,0.04206676
2862,3,10,0.0146073605250418,-0.0293886220081713,3.333333333333333,0,0,0.1777417
945,4,13,1.3019687991574609,0.8532916550855435,3.25,0,0,0.044741612
295,3,7,-0.3821625728893842,-0.4488503605245008,2.333333333333333,0,0,0.038542014
1992,3,6,-0.2422940352109175,-0.300982553421622,2.0,0,0,0.49260697
1978,5,21,0.9765603645585788,0.3598960130177747,4.2,0,0,0.16768798
298,2,2,-0.5077588108047422,-0.5816296158821878,1.0,0,0,0.44634682
68,2,2,-0.5077588108047422,-0.5816296158821878,1.0,0,0,0.44634682
736,3,7,0.4913021726128776,0.4745690062812316,2.333333333333333,0,0,0.053852
5483,2,9,-0.3735991930315189,-0.3688810362749847,4.5,0,0,0.22014414
3505,4,10,-0.2594207949266481,-0.384724015607436,2.5,0,0,0.1824143
3362,4,6,0.4684664929919034,0.1924130886461467,1.5,0,0,0.38075387
4599,3,5,0.5084289323286083,0.4926752683754617,1.6666666666666667,0,0,0.28550136
150,2,5,-0.447815151799685,-0.48657173988748,2.5,0,0,0.41310298
1720,2,9,-0.248002955116161,-0.1697121532384542,4.5,0,0,0.27643612
4248,3,10,0.7282223486804846,0.7250389652514141,3.333333333333333,0,0,0.07657946
4554,3,8,0.9993960441795527,1.0117214484100563,2.6666666666666665,0,0,0.18856382
5032,2,7,-0.4877775911363898,-0.5499436572172852,3.5,0,0,0.19060038
376,3,5,-0.410707172415602,-0.4790274640148841,1.6666666666666667,0,0,0.46867466
1718,4,11,0.1287857586299127,-0.0769175600055252,2.75,0,0,0.09596299
859,3,5,-0.347909053457923,-0.4126378363360407,1.6666666666666667,0,0,0.31723464
4871,2,7,-0.2166038956373215,-0.1199199324793215,3.5,0,0,0.2805585
4597,3,7,0.6226073304334792,0.6133836823369954,2.333333333333333,0,0,0.070845485
1294,2,7,-0.3650358131736536,-0.3553013397043122,3.5,0,0,0.25131217
2488,3,6,0.411377293939468,0.390073116508158,2.0,0,0,0.24654469
3949,2,5,-0.3422001335526795,-0.3190888155158521,2.5,0,0,0.4899823
1717,2,7,-0.3764536529841407,-0.3734076017985422,3.5,0,0,0.33419928
2977,2,8,-0.0225006188590411,0.1878865231225892,4.0,0,0,0.047682438
4394,2,7,-0.148096856774399,-0.0112823599139413,3.5,0,0,0.17674989
3270,3,13,0.3971049941763592,0.3749845647629664,4.333333333333333,0,0,0.0040192376
4762,3,12,0.4056683740342245,0.3840376958100814,4.0,0,0,0.009181423
1189,3,6,0.8595275065010861,0.8638536413071776,2.0,0,0,0.102205105
175,4,28,-0.0967165776272071,-0.2557168981860469,7.0,0,0,0.08094833
1741,4,13,-0.2051860558268344,-0.3417216431336397,3.25,0,0,0.09254269
927,3,11,0.0831143993879643,0.0430364263687488,3.6666666666666665,0,0,0.18458705
1260,2,5,-0.4049982525103584,-0.4186732570341174,2.5,0,0,0.1296365
1096,3,17,-0.3307822937421923,-0.3945315742418106,5.666666666666667,0,0,0.017243601
3781,2,8,1.1934993209578333,2.1162034361580893,4.0,0,0,0.08872748
2700,2,2,0.5198467721390954,1.0479339725985164,1.0,0,0,0.33405527
4889,2,4,-0.048190758432637,0.1471474334105716,2.0,0,0,0.20054218
4808,2,8,-0.148096856774399,-0.0112823599139413,4.0,0,0,0.041133493
1030,2,5,-0.2223128155425651,-0.1289730635264366,2.5,0,0,0.47028074
5654,2,6,-0.048190758432637,0.1471474334105716,3.0,0,0,0.07479954
4053,3,19,0.1059500790089385,0.0671781091610556,6.333333333333333,0,0,0.030006722
3199,2,5,-0.5077588108047422,-0.5816296158821878,2.5,0,0,0.30810767
4058,3,12,0.2971988958345972,0.2693647025466244,4.0,0,0,0.005531546
5548,2,9,-0.1766414563006167,-0.0565480151495164,4.5,0,0,0.2406062
4959,2,9,-0.3222189138843271,-0.2874028568509495,4.5,0,0,0.12949778
4564,2,6,-0.3678902731262754,-0.3598279052278697,3.0,0,0,0.39560345
3089,3,14,-0.1423879368691555,-0.1953626912052801,4.666666666666667,0,0,0.0030380331
3012,2,7,-0.3621813532210319,-0.3507747741807547,3.5,0,0,0.22746946
3552,3,10,-0.1566602366322643,-0.2104512429504718,3.333333333333333,0,0,0.25314617
2702,3,16,-0.2965287743107311,-0.3583190500533505,5.333333333333333,0,0,0.010006256
4905,2,6,-0.3050921541685965,-0.2602434637096044,3.0,0,0,0.36706838
2144,3,11,-0.1766414563006167,-0.2315752153937402,3.6666666666666665,0,0,0.118254766
2402,2,9,-0.4049982525103584,-0.4186732570341174,4.5,0,0,0.024313042
2902,2,9,-0.2337306553530521,-0.1470793256206666,4.5,0,0,0.32328796
3968,3,7,0.1030956190563168,0.0641603988120171,2.333333333333333,0,0,0.3290526
5243,2,7,0.1630392780613739,0.4821132821538275,3.5,0,0,0.22126506
507,2,5,-0.3422001335526795,-0.3190888155158521,2.5,0,0,0.4899823
4077,3,11,0.1887294176349699,0.1546917092831674,3.6666666666666665,0,0,0.05493291
2722,3,22,0.6654242297228057,0.6586493375725705,7.333333333333333,0,0,0.015412217
744,2,5,-0.2765475546423787,-0.2149778084740293,2.5,0,0,0.41626206
1837,3,9,1.3647669181151396,1.397988373086964,3.0,0,0,0.06787307
5327,2,6,-0.2879653944528658,-0.2330840705682594,3.0,0,0,0.34093058
2784,3,4,0.2772176761662448,0.2482407301033561,1.3333333333333333,0,0,0.37171814
4520,5,31,0.9166167055535216,0.3218728626198915,6.2,0,0,0.11498114
1744,3,9,0.0460064200038813,0.0038061918312504,3.0,0,0,0.18053204
1657,3,9,0.0345885801933942,-0.0082646495649029,3.0,0,0,0.16898136
2288,2,5,-0.4877775911363898,-0.5499436572172852,2.5,0,0,0.45510092
4706,4,24,-0.2365851153056739,-0.3666177535132059,6.0,0,0,0.030457523
2887,2,7,-0.2765475546423787,-0.2149778084740293,3.5,0,0,0.29247147
4454,2,11,-0.3250733738369488,-0.291929422374507,5.5,0,0,0.023318956
3313,2,6,-0.3336367536948141,-0.3055091189451795,3.0,0,0,0.42646384
949,3,5,-0.1452423968217772,-0.1983804015543184,1.6666666666666667,0,0,0.40676847
19,2,6,-0.3364912136474359,-0.3100356844687371,3.0,0,0,0.4711797
229,4,24,0.973705904605957,0.5930141374809865,6.0,0,0,0.10358401
3941,2,10,-0.1652236164901296,-0.0384417530552863,5.0,0,0,0.07655703
668,3,13,-0.073880898006233,-0.1229376428283599,4.333333333333333,0,0,0.0059257383
4805,2,6,-0.2765475546423787,-0.2149778084740293,3.0,0,0,0.42337504
3711,3,8,-0.110988877390316,-0.1621678773658583,2.6666666666666665,0,0,0.42225313
1893,2,2,-0.5077588108047422,-0.5816296158821878,1.0,0,0,0.44634682
2317,6,16,0.4570486531814164,-0.0716365668947081,2.6666666666666665,0,0,0.3270247
585,3,12,0.3086167356450843,0.2814355439427777,4.0,0,0,0.009898246
2272,3,11,-0.0538996783378806,-0.1018136703850915,3.6666666666666665,0,0,0.114539936
4066,2,7,-0.0681719781009894,0.115461474745669,3.5,0,0,0.07242028
3213,2,5,-0.3193644539317053,-0.282876291327392,2.5,0,0,0.22468305
2921,3,8,0.2829265960714883,0.2542761508014327,2.6666666666666665,0,0,0.089544185
1018,4,22,-0.3136555340264618,-0.4277263880812324,5.5,0,0,0.002559187
3441,4,24,1.1135744422844238,0.7039149928081456,6.0,0,0,0.044327367
5569,2,7,-0.273693094689757,-0.2104512429504718,3.5,0,0,0.28128198
1491,4,12,0.1287857586299127,-0.0769175600055252,3.0,0,0,0.07718526
4376,2,5,-0.2879653944528658,-0.2330840705682594,2.5,0,0,0.30258164
5552,2,9,-0.1081344174376942,0.0520895574158638,4.5,0,0,0.22760223
4303,2,7,-0.3136555340264618,-0.273823160280277,3.5,0,0,0.16578303
2922,2,6,-0.3507635134105448,-0.3326685120865246,3.0,0,0,0.3812436
1593,2,3,-0.4078527124629802,-0.4231998225576749,1.5,0,0,0.20610052
517,2,6,-0.2622752548792699,-0.1923449808562418,3.0,0,0,0.28727904
5601,2,7,-0.1366790169639119,0.0068239021802887,3.5,0,0,0.20962828
2517,4,14,-0.0396273785747717,-0.2104512429504718,3.5,0,0,0.023809707
217,3,4,1.2306073003419162,1.256155986682162,1.3333333333333333,0,0,0.2163439
360,2,10,-0.422125012226089,-0.4458326501754625,5.0,0,0,0.028894093
5620,2,8,-0.3364912136474359,-0.3100356844687371,4.0,0,0,0.103709415
3336,3,15,0.6768420695332927,0.6707201789687239,5.0,0,0,0.0035615596
1052,2,7,-0.4820686712311463,-0.5408905261701702,3.5,0,0,0.1442086
2236,2,5,-0.5020498908994987,-0.5725764848350728,2.5,0,0,0.30810767
3480,3,5,1.4903631560304975,1.5307676284446512,1.6666666666666667,0,0,0.028327785
1426,3,8,-0.1966226759689691,-0.2526991878370085,2.6666666666666665,0,0,0.13906911
3411,2,6,0.2401096967821618,0.6043305512898803,3.0,0,0,0.14331341
214,2,8,-0.4620874515627938,-0.5092045675052677,4.0,0,0,0.02673849
2314,2,1,-0.4335428520365761,-0.4639389122696925,0.5,0,0,0.43329516
2663,4,9,0.2401096967821618,0.0113504677038462,2.25,0,0,0.23484947
1743,2,5,-0.2679841747845134,-0.2013981119033568,2.5,0,0,0.3931934
2764,4,16,-0.1338245570112902,-0.2851395740891708,4.0,0,0,0.09579833
5743,2,8,-0.3393456736000577,-0.3145622499922946,4.0,0,0,0.103709415
4207,3,13,0.7253678887278628,0.7220212549023757,4.333333333333333,0,0,0.005025702
196,4,15,1.2876964993943518,0.8419752412766497,3.75,0,0,0.026844189
3825,2,5,-0.2794020145950005,-0.2195043739975868,2.5,0,0,0.4672275
2499,3,7,1.2248983804366729,1.2501205659840855,2.333333333333333,0,0,0.033430625
1512,3,9,0.3200345754555714,0.2935063853389312,3.0,0,0,0.4099479
3722,2,7,-0.3250733738369488,-0.291929422374507,3.5,0,0,0.17242612
2107,2,6,-0.5077588108047422,-0.5816296158821878,3.0,0,0,0.21786195
887,3,10,0.0973866991510732,0.0581249781139405,3.333333333333333,0,0,0.21467672
3910,3,8,1.4018748974992226,1.4372186076244624,2.6666666666666665,0,0,0.3158767
4934,2,7,-0.2879653944528658,-0.2330840705682594,3.5,0,0,0.22288409
139,2,5,-0.4449606918470632,-0.4820451743639225,2.5,0,0,0.4644892
5430,2,7,-0.4735052913732809,-0.5273108295994977,3.5,0,0,0.16773964
2110,3,7,-0.2908198544054876,-0.3522836293552739,2.333333333333333,0,0,0.15965214
1149,3,12,0.4656120330392817,0.4474096131398866,4.0,0,0,0.007131338
5594,2,6,-0.2965287743107311,-0.2466637671389319,3.0,0,0,0.3285512
5304,2,7,-0.3507635134105448,-0.3326685120865246,3.5,0,0,0.20363508
463,3,10,0.2772176761662448,0.2482407301033561,3.333333333333333,0,0,0.045895413
3050,3,6,0.5797904311441525,0.5681180271014202,2.0,0,0,0.22896898
2851,2,6,-0.5077588108047422,-0.5816296158821878,3.0,0,0,0.21786195
5067,2,9,0.1259312986772909,0.4232679303475798,4.5,0,0,0.12058361
594,3,12,-0.0710264380536112,-0.1199199324793215,4.0,0,0,0.017577063
3243,3,13,1.547452355082933,1.591121835425418,4.333333333333333,0,0,0.0016472058
2842,2,7,0.200147257445457,0.5409586339600752,3.5,0,0,0.211283
450,2,5,-0.3422001335526795,-0.3190888155158521,2.5,0,0,0.4899823
2536,3,9,1.1249922820949108,1.1445007037677433,3.0,0,0,0.06638586
3985,3,7,-0.0253550788116629,-0.0716365668947081,2.333333333333333,0,0,0.106909566
518,3,9,1.521762215509337,1.5639624422840728,3.0,0,0,0.04839243
3206,5,24,0.7881660076855418,0.2403946831958563,4.8,0,0,0.06735882
3488,2,7,-0.1880592961111038,-0.0746542772437464,3.5,0,0,0.21410552
2437,3,11,-0.2080405157794562,-0.2647700292331619,3.6666666666666665,0,0,0.13033392
2213,3,7,-0.2794020145950005,-0.3402127879591204,2.333333333333333,0,0,0.14703585
4834,2,8,-0.210894975732078,-0.1108668014322065,4.0,0,0,0.11072979
4649,2,8,-0.2794020145950005,-0.2195043739975868,4.0,0,0,0.088743374
1578,2,7,-0.4335428520365761,-0.4639389122696925,3.5,0,0,0.20816465
4991,2,11,-0.2908198544054876,-0.2376106360918169,5.5,0,0,0.024994563
1615,3,6,0.6397340901492097,0.6314899444312254,2.0,0,0,0.19608042
4166,3,9,0.2943444358819754,0.2663469921975861,3.0,0,0,0.08687549
4184,2,6,-0.410707172415602,-0.4277263880812324,3.0,0,0,0.124946706
5757,2,8,-0.1937682160163474,-0.0837074082908615,4.0,0,0,0.05681679
4560,2,6,-0.273693094689757,-0.2104512429504718,3.0,0,0,0.40711272
3956,2,7,-0.1652236164901296,-0.0384417530552863,3.5,0,0,0.23303525
1476,3,20,0.3714148546027632,0.3478251716216213,6.666666666666667,0,0,0.014565362
4537,3,16,1.670194133045669,1.7208833804340666,5.333333333333333,0,0,0.003150515
5181,2,7,-0.3307822937421923,-0.300982553421622,3.5,0,0,0.2482114
5320,2,6,-0.0795898179114765,0.0973552126514389,3.0,0,0,0.09523185
1973,3,12,0.0831143993879643,0.0430364263687488,4.0,0,0,0.039434627
4888,2,5,-0.1623691565375079,-0.0339151875317288,2.5,0,0,0.34466738
5089,2,5,-0.4563785316575503,-0.5001514364581526,2.5,0,0,0.49614412
1338,4,11,1.9042598491606544,1.3308443178208609,2.75,0,0,0.041642275
2641,2,3,-0.4192705522734672,-0.4413060846519049,1.5,0,0,0.25037935
3339,3,10,-0.0881531977693418,-0.1380261945735516,3.333333333333333,0,0,0.32179552
2584,4,10,1.2905509593469735,0.8442385240384285,2.5,0,0,0.22646001
1293,2,6,-0.1909137560637256,-0.0791808427673039,3.0,0,0,0.25652015
4327,2,6,-0.0938621176745854,0.0747223850336514,3.0,0,0,0.4731208
4814,2,3,0.137349138487778,0.4413741924418098,1.5,0,0,0.4339176
3248,2,7,-0.4363973119891979,-0.46846547779325,3.5,0,0,0.30641696
2723,2,9,-0.0710264380536112,0.1109349092221115,4.5,0,0,0.10363143
3469,3,13,0.1516214382508869,0.115461474745669,4.333333333333333,0,0,0.0042125224
3877,3,15,0.0688420996248555,0.027947874623557,5.0,0,0,0.010257099
368,3,5,0.1887294176349699,0.1546917092831674,1.6666666666666667,0,0,0.44512346
4019,3,7,0.2800721361188666,0.2512584404523943,2.333333333333333,0,0,0.049467996
1151,3,8,0.5141378522338518,0.4987106890735383,2.6666666666666665,0,0,0.08955873
2347,3,6,1.1649547214316156,1.1867486486542802,2.0,0,0,0.054949984
3235,4,16,1.0250861837531489,0.6337532271930041,4.0,0,0,0.41560584
3592,2,8,-0.1909137560637256,-0.0791808427673039,4.0,0,0,0.05275729
4697,2,13,-0.2822564745476222,-0.2240309395211443,6.5,0,0,0.013325906
