,TRAVEL_LENGTH,activity_payment_sum,visit_move_cnt,TRAVEL_SEASON,activity_history_rows,activity_type_catboost,visit_move_cnt_per_day,activity_payment_sum_per_day,activity_history_rows_per_day,actual,predicted,predicted_proba
5545,2,-0.0357915370439758,6,여름,11,"[1, 1, 3, 4, 5, 1, 5, 6, 1, 2, 4]",3.0,0.1000557769562418,5.5,1,1,0.49111462586588633
1839,2,-0.3174167549824303,4,가을,5,"[1, 4, 3, 1, 2]",2.0,-0.3282224716991334,2.5,1,1,0.5166749872668386
1055,3,-0.3501638733473668,8,가을,7,"[1, 1, 3, 1, 1, 5, 4]",2.6666666666666665,-0.4178621051386305,2.333333333333333,1,1,0.5152788641875866
1175,2,-0.3501638733473668,4,가을,4,"[1, 4, 3, 1]",2.0,-0.3780222680544096,2.0,1,1,0.5451394872197017
168,2,-0.291219060290481,4,가을,4,"[1, 1, 5, 2]",2.0,-0.2883826346149125,2.0,1,1,0.5603689573522533
4483,2,-0.061989231735925,6,여름,9,"[1, 2, 5, 4, 1, 2, 4, 5, 1]",3.0,0.0602159398720208,4.5,1,1,0.5073928741395219
534,5,2.48573657705614,26,가을,37,"[1, 1, 5, 6, 2, 5, 5, 5, 2, 5, 3, 4, 1, 1, 3, 4, 5, 3, 4, 4, 5, 5, 5, 4, 3, 1, 3, 4, 6, 5, 3, 4, 3, 4, 1, 5, 5]",5.2,1.27533097094076,7.4,1,1,0.4740142375516227
655,3,-0.1798788578496967,10,가을,8,"[1, 1, 6, 5, 7, 4, 1, 7]",3.333333333333333,-0.2452228111070064,2.6666666666666665,1,1,0.5021883675027935
5756,2,-0.3534385851838605,4,여름,3,"[1, 2, 1]",2.0,-0.3830022476899372,1.5,1,1,0.5644241560298986
4756,2,-0.1602305868307348,6,여름,10,"[7, 1, 1, 3, 4, 5, 2, 4, 7, 1]",3.0,-0.0891834491938077,5.0,1,1,0.4760634887902078
2759,3,-0.1111099092833299,10,가을,9,"[6, 5, 6, 1, 5, 3, 2, 1, 1]",3.333333333333333,-0.1755030962096197,3.0,1,1,0.49094325476946377
5513,2,-0.1340328921387855,3,여름,3,"[1, 3, 4]",1.5,-0.0493436121095867,1.5,1,1,0.5789539684030758
1907,2,-0.3305156023284049,3,가을,3,"[1, 1, 1]",1.5,-0.3481423902412439,1.5,1,1,0.5231485984777436
3803,2,-0.2257248235606079,9,여름,9,"[7, 7, 3, 3, 7, 1, 1, 5, 7]",4.5,-0.1887830419043601,4.5,1,1,0.46780646370257867
1022,3,0.1672405968186309,4,여름,6,"[2, 2, 1, 5, 3, 4]",1.3333333333333333,0.1066957498036119,2.0,1,1,0.5463196858760258
794,2,-0.1929777051956713,4,가을,2,"[1, 1]",2.0,-0.1389832455490839,1.0,1,1,0.5187451187647538
101,2,-0.3174167549824303,9,가을,12,"[4, 5, 1, 2, 4, 5, 3, 5, 1, 5, 2, 5]",4.5,-0.3282224716991334,6.0,1,1,0.47458951887855716
1872,2,-0.2781202129445064,5,가을,4,"[1, 4, 5, 1]",2.5,-0.268462716072802,2.0,1,1,0.5160320219893841
5696,2,-0.3632627206933415,6,여름,6,"[2, 1, 4, 5, 1, 4]",3.0,-0.3979421865965201,3.0,1,1,0.5028311159554718
3703,2,-0.291219060290481,6,여름,6,"[1, 1, 5, 4, 2, 4]",3.0,-0.2883826346149125,3.0,1,1,0.5299697607797025
4590,5,1.994529801582092,18,여름,24,"[1, 5, 7, 1, 1, 2, 3, 3, 1, 1, 1, 2, 3, 3, 1, 1, 2, 4, 2, 4, 1, 2, 3, 1]",3.6,0.9765321928091026,4.8,1,1,0.46811850750157974
5274,2,-0.0521650962264441,6,여름,5,"[3, 2, 3, 4, 1]",3.0,0.0751558787786037,2.5,1,1,0.5274465040216606
1163,2,-0.3174167549824303,5,가을,5,"[1, 1, 3, 1, 99]",2.5,-0.3282224716991334,2.5,1,1,0.4920885914415407
783,2,-0.3370650260013922,5,가을,6,"[1, 3, 4, 5, 7, 7]",2.5,-0.3581023495122991,3.0,1,1,0.5018923493343249
1745,2,-0.4287569574232147,2,가을,3,"[1, 2, 2]",1.0,-0.4975417793070724,1.5,1,1,0.4951748869286156
465,3,-0.3730868562028225,8,가을,6,"[5, 4, 3, 5, 1, 1]",2.6666666666666665,-0.4411020101044261,2.0,1,1,0.5186546161331433
3578,3,-0.2093512643781396,8,봄,8,"[5, 2, 4, 1, 1, 4, 5, 3]",2.6666666666666665,-0.2751026889201721,2.6666666666666665,1,1,0.48982558509596597
3135,2,-0.4222075337502273,8,가을,11,"[4, 5, 1, 2, 5, 4, 5, 4, 5, 7, 7]",4.0,-0.4875818200360172,5.5,1,1,0.5216072792667934
5632,2,-0.3174167549824303,4,여름,3,"[1, 1, 5]",2.0,-0.3282224716991334,1.5,1,1,0.5386713731666973
1912,2,0.1017463600887577,4,가을,2,"[2, 1]",2.0,0.3092149216484017,1.0,1,1,0.576921440813702
2284,3,0.2982290702783772,3,가을,2,"[1, 1]",1.0,0.2394952067510151,0.6666666666666666,1,1,0.5243272051591247
5657,2,-0.3829109917123035,4,여름,5,"[1, 4, 5, 2, 4]",2.0,-0.4278220644096858,2.5,1,1,0.564646447897486
2865,3,-0.0652639435724187,6,가을,5,"[2, 1, 1, 4, 5]",2.0,-0.1290232862780286,1.6666666666666667,1,1,0.5273152939596452
393,3,-0.2781202129445064,6,가을,5,"[1, 5, 1, 4, 4]",2.0,-0.3448224038175588,1.6666666666666667,1,1,0.5026711416622252
239,2,-0.1798788578496967,6,가을,7,"[6, 2, 3, 5, 1, 5, 2]",3.0,-0.1190633270069734,3.5,1,1,0.5282212293895799
1832,2,-0.3632627206933415,4,가을,3,"[6, 4, 1]",2.0,-0.3979421865965201,1.5,1,1,0.5512428786578663
1144,2,-0.1897029933591777,4,가을,7,"[1, 2, 1, 1, 2, 2, 2]",2.0,-0.1340032659135563,3.5,1,1,0.5256863507311934
4609,2,-0.1831535696861903,6,여름,5,"[1, 2, 1, 4, 5]",3.0,-0.124043306642501,2.5,1,1,0.5281008975600698
4810,2,-0.2257248235606079,6,여름,5,"[1, 3, 1, 1, 2]",3.0,-0.1887830419043601,2.5,1,1,0.5014566809370138
177,2,-0.2650213655985318,3,가을,9,"[2, 1, 1, 2, 5, 4, 2, 3, 4]",1.5,-0.2485427975306915,4.5,1,1,0.5034837333077965
1569,2,-0.2846696366174937,6,가을,5,"[7, 2, 6, 1, 1]",3.0,-0.2784226753438572,2.5,1,1,0.5301455055534134
324,2,-0.1831535696861903,6,가을,5,"[1, 4, 5, 5, 1]",3.0,-0.124043306642501,2.5,1,1,0.5204914832305817
4037,3,-0.2977684839634684,6,여름,8,"[4, 6, 1, 1, 5, 2, 4, 1]",2.0,-0.3647423223596692,2.6666666666666665,1,1,0.49136116467112767
4140,2,-0.1209340447928109,5,여름,7,"[1, 2, 3, 4, 1, 1, 5]",2.5,-0.0294236935674762,3.5,1,1,0.5150053819025459
3107,2,-0.3763615680393161,3,가을,2,"[3, 1]",1.5,-0.4178621051386305,1.0,1,1,0.5062017083163993
3532,2,-0.176604146013203,9,여름,7,"[4, 1, 4, 1, 3, 1, 4]",4.5,-0.1140833473714458,3.5,1,1,0.49624872245960355
2763,2,0.0198785641764163,6,가을,5,"[1, 2, 2, 4, 2]",3.0,0.1847154307602113,2.5,1,1,0.5223218013665932
1219,2,-0.1045604856103426,4,가을,4,"[1, 3, 5, 1]",2.0,-0.0045237953898381,2.0,1,1,0.7495089077704726
1740,3,0.7075680498400844,23,가을,29,"[7, 7, 2, 1, 4, 6, 6, 2, 2, 1, 5, 2, 5, 2, 4, 6, 1, 5, 1, 2, 4, 2, 2, 2, 2, 3, 2, 7, 7]",7.666666666666667,0.65449350971165,9.666666666666666,1,1,0.48346242044505033
811,2,-0.3305156023284049,6,가을,7,"[2, 4, 1, 3, 4, 1, 2]",3.0,-0.3481423902412439,3.5,1,1,0.518396717763327
1433,2,-0.3403397378378859,5,가을,3,"[1, 4, 1]",2.5,-0.3630823291478267,1.5,1,1,0.5023363054491625
2986,2,-0.3174167549824303,3,가을,3,"[3, 3, 3]",1.5,-0.3282224716991334,1.5,1,1,0.5168257278010274
2795,2,-0.2519225182525572,5,가을,5,"[4, 4, 5, 3, 1]",2.5,-0.228622878988581,2.5,1,1,0.5050580248794405
787,2,-0.1798788578496967,6,가을,7,"[3, 4, 1, 5, 7, 7, 1]",3.0,-0.1190633270069734,3.5,1,1,0.5282212293895799
748,2,-0.1143846211198235,5,가을,7,"[1, 2, 3, 2, 3, 4, 1]",2.5,-0.019463734296421,3.5,1,1,0.5134450129300907
611,2,-0.4287569574232147,4,가을,4,"[2, 4, 1, 4]",2.0,-0.4975417793070724,2.0,1,1,0.55560098822556
4099,3,0.0526256825413529,7,여름,7,"[1, 2, 1, 4, 5, 3, 2]",2.333333333333333,-0.0095037750253658,2.333333333333333,1,1,0.5173583284391955
15,2,-0.2322742472335952,5,가을,3,"[4, 1, 1]",2.5,-0.1987430011754153,1.5,1,1,0.48810465982965584
1002,2,-0.3206914668189239,4,가을,5,"[2, 1, 1, 2, 2]",2.0,-0.333202451334661,2.5,1,1,0.5166749872668386
2077,3,-0.4287569574232147,6,여름,4,"[5, 5, 1, 4]",2.0,-0.4975417793070724,1.3333333333333333,1,1,0.5189314219997911
586,2,-0.3370650260013922,2,가을,3,"[1, 1, 5]",1.0,-0.3581023495122991,1.5,1,1,0.49006548620199375
877,4,-0.1897029933591777,16,여름,17,"[7, 1, 1, 4, 1, 7, 4, 5, 1, 4, 4, 3, 4, 1, 5, 1, 4]",4.0,-0.3157725226103143,4.25,1,1,0.4902793019836488
5027,2,-0.3992845508947717,7,여름,6,"[7, 4, 1, 4, 5, 1]",3.5,-0.4527219625873239,3.0,1,1,0.5236894283326596
1765,2,-0.2159006880511269,3,가을,8,"[1, 1, 1, 1, 2, 3, 4, 5]",1.5,-0.1738431029977772,4.0,1,1,0.49571247237232596
5422,2,0.1475923257996689,6,여름,7,"[3, 1, 5, 1, 5, 1, 5]",3.0,0.3789346365457884,3.5,1,1,0.5235624115016456
2273,3,-0.4222075337502273,8,가을,8,"[5, 2, 2, 1, 5, 1, 4, 5]",2.6666666666666665,-0.4909018064597023,2.6666666666666665,1,1,0.5134501170603163
3707,3,0.4783382212855283,11,여름,8,"[1, 1, 2, 1, 1, 4, 3, 7]",3.6666666666666665,0.4220944600536944,2.6666666666666665,1,1,0.49634038910050843
2313,2,-0.2650213655985318,3,가을,3,"[5, 5, 1]",1.5,-0.2485427975306915,1.5,1,1,0.5213910241596298
3897,3,0.6486232367831986,7,여름,10,"[1, 2, 1, 2, 1, 2, 2, 3, 4, 5]",2.333333333333333,0.5947337540853186,3.333333333333333,1,1,0.4707520903216161
1788,3,-0.291219060290481,4,여름,4,"[1, 2, 1, 1]",1.3333333333333333,-0.3581023495122991,1.3333333333333333,1,1,0.5481467838271167
8,3,-0.3501638733473668,8,가을,7,"[3, 2, 4, 5, 1, 1, 4]",2.6666666666666665,-0.4178621051386305,2.333333333333333,1,1,0.5152788641875866
230,2,-0.2813949247810001,7,가을,9,"[1, 2, 3, 3, 4, 5, 1, 1, 5]",3.5,-0.2734426957083296,4.5,1,1,0.5207817014711833
598,2,-0.2650213655985318,4,가을,3,"[6, 6, 6]",2.0,-0.2485427975306915,1.5,1,1,0.540911484850995
2486,2,0.0919222245792768,4,가을,5,"[1, 4, 1, 1, 2]",2.0,0.2942749827418189,2.5,1,1,0.5415099559290942
2229,2,-0.2159006880511269,5,가을,7,"[1, 2, 2, 2, 2, 3, 3]",2.5,-0.1738431029977772,3.5,1,1,0.5178594107001713
373,2,-0.3599880088568478,6,가을,12,"[2, 1, 4, 5, 4, 7, 3, 4, 5, 1, 1, 5]",3.0,-0.3929622069609924,6.0,1,1,0.4841111730294903
2477,2,-0.1078351974468362,4,가을,7,"[1, 3, 1, 1, 5, 2, 2]",2.0,-0.0095037750253658,3.5,1,1,0.5493575065727107
3316,2,-0.1340328921387855,4,여름,2,"[1, 3]",2.0,-0.0493436121095867,1.0,1,1,0.5414264167655679
1235,2,-0.3992845508947717,6,가을,4,"[4, 3, 4, 1]",3.0,-0.4527219625873239,2.0,1,1,0.5272204830362688
5568,2,-0.1045604856103426,7,여름,10,"[2, 3, 4, 4, 1, 3, 5, 4, 5, 1]",3.5,-0.0045237953898381,5.0,1,1,0.47493666119689026
1501,4,1.519696585290511,22,가을,23,"[7, 1, 7, 5, 4, 1, 2, 1, 2, 2, 2, 1, 5, 4, 2, 1, 6, 6, 2, 2, 4, 7, 7]",5.5,0.984002162262394,5.75,1,1,0.47090926431757923
3539,2,-0.2388236709065825,6,봄,5,"[1, 2, 4, 1, 6]",3.0,-0.2087029604464705,2.5,1,1,0.48881478281670093
5394,2,-0.1995271288686586,8,여름,6,"[1, 3, 3, 1, 3, 2]",4.0,-0.1489432048201391,3.0,1,1,0.5195788088971126
1562,4,-0.0947363501008616,23,가을,36,"[1, 3, 3, 1, 6, 99, 99, 99, 99, 7, 3, 1, 3, 2, 2, 2, 2, 1, 4, 2, 4, 6, 1, 2, 4, 5, 1, 5, 4, 7, 2, 1, 1, 5, 99, 99]",5.75,-0.2435628178951639,9.0,1,1,0.53539588473424
3127,3,-0.3698121443663288,4,가을,5,"[1, 2, 4, 5, 3]",1.3333333333333333,-0.437782023680741,1.6666666666666667,1,1,0.5619791429117286
5418,2,-0.3436144496743796,4,여름,6,"[1, 2, 3, 4, 5, 1]",2.0,-0.3680623087833543,3.0,1,1,0.5274555167994877
5669,2,0.1246693429442133,9,가을,9,"[1, 1, 4, 5, 5, 2, 1, 2, 2]",4.5,0.3440747790970951,4.5,1,1,0.48336588107207373
84,2,-0.186428281522684,4,가을,4,"[1, 1, 5, 1]",2.0,-0.1290232862780286,2.0,1,1,0.520371032221477
5391,2,-0.310867331309443,8,여름,9,"[4, 5, 1, 4, 5, 3, 2, 1, 5]",4.0,-0.3182625124280782,4.5,1,1,0.5194360163862297
247,2,-0.196252417032165,4,가을,4,"[1, 1, 2, 3]",2.0,-0.1439632251846115,2.0,1,1,0.5542878592505114
1173,2,-0.4287569574232147,4,가을,1,[4],2.0,-0.4975417793070724,0.5,1,1,0.5118665233736871
5115,2,0.2785807992594152,5,여름,6,"[2, 1, 1, 3, 4, 5]",2.5,0.5781338219668932,3.0,1,1,0.5342371627763934
4939,2,-0.3534385851838605,4,여름,3,"[1, 3, 1]",2.0,-0.3830022476899372,1.5,1,1,0.57272656780159
3080,2,-0.3436144496743796,5,가을,1,[1],2.5,-0.3680623087833543,0.5,1,1,0.5113885922515936
4384,2,-0.4287569574232147,5,여름,5,"[1, 2, 3, 4, 4]",2.5,-0.4975417793070724,2.5,1,1,0.5090421947268222
5383,2,-0.301043195799962,8,여름,11,"[2, 4, 3, 1, 3, 1, 3, 4, 5, 1, 5]",4.0,-0.3033225735214953,5.5,1,1,0.5065740398649029
5026,2,-0.4287569574232147,3,여름,1,[3],1.5,-0.4975417793070724,0.5,1,1,0.49899776780430566
5701,2,-0.081637502754887,10,가을,9,"[4, 1, 2, 1, 4, 6, 3, 1, 3]",5.0,0.0303360620588551,4.5,1,1,0.48662747899757425
296,2,-0.2846696366174937,8,가을,9,"[4, 1, 4, 1, 3, 1, 1, 5, 2]",4.0,-0.2784226753438572,4.5,1,1,0.5156626183169288
2619,5,-0.4287569574232147,11,가을,6,"[7, 4, 6, 1, 7, 7]",2.2,-0.4975417793070724,1.2,1,1,0.4699055555921805
5130,2,0.2654819519134406,10,여름,11,"[3, 6, 1, 2, 1, 5, 1, 5, 1, 3, 5]",5.0,0.5582139034247827,5.5,1,1,0.4757672697866828
3085,3,-0.2453730945795698,15,가을,14,"[1, 5, 2, 2, 2, 1, 3, 2, 5, 7, 7, 7, 1, 2]",5.0,-0.311622539580708,4.666666666666667,1,1,0.47154804123042
3303,2,-0.3960098390582781,4,봄,4,"[4, 5, 6, 2]",2.0,-0.4477419829517962,2.0,1,1,0.48596585334996417
2259,3,0.1999877151835674,10,가을,10,"[1, 5, 5, 4, 2, 5, 2, 4, 1, 7]",3.333333333333333,0.1398956140404627,3.333333333333333,1,1,0.4719453088555624
5158,2,-0.3829109917123035,7,여름,7,"[4, 1, 5, 4, 5, 4, 1]",3.5,-0.4278220644096858,3.5,1,1,0.5281295044525618
3646,2,-0.2060765525416459,6,여름,6,"[1, 4, 2, 3, 1, 5]",3.0,-0.1589031640911943,3.0,1,1,0.5243576085240681
530,2,-0.2093512643781396,10,가을,11,"[4, 1, 2, 3, 3, 3, 1, 4, 2, 3, 4]",5.0,-0.163883143726722,5.5,1,1,0.4842533580628821
4878,2,-0.2322742472335952,10,여름,8,"[1, 3, 4, 3, 1, 4, 1, 4]",5.0,-0.1987430011754153,4.0,1,1,0.5066231048631182
4726,2,-0.3829109917123035,5,여름,7,"[7, 1, 1, 7, 2, 3, 4]",2.5,-0.4278220644096858,3.5,1,1,0.5431543264563992
3934,3,-0.0980110619373553,7,여름,8,"[1, 1, 5, 3, 4, 1, 2, 1]",2.333333333333333,-0.1622231505148794,2.6666666666666665,1,1,0.5206315955499348
1044,4,1.6015643812028526,15,가을,21,"[2, 3, 4, 5, 1, 2, 5, 1, 2, 3, 4, 1, 3, 1, 1, 4, 5, 6, 3, 1, 7]",3.75,1.0462519077064891,5.25,1,1,0.4953659964113249
1231,2,-0.2028018407051523,4,가을,8,"[7, 1, 1, 1, 1, 2, 3, 1]",2.0,-0.1539231844556667,4.0,1,1,0.529449191809692
2409,3,0.1967130033470738,5,가을,10,"[1, 4, 1, 1, 1, 1, 4, 5, 1, 1]",1.6666666666666667,0.1365756276167776,3.333333333333333,1,1,0.537981423416043
4681,2,-0.1176593329563172,6,여름,5,"[1, 2, 3, 1, 1]",3.0,-0.0244437139319486,2.5,1,1,0.5248859990190541
626,2,-0.3632627206933415,5,가을,7,"[99, 4, 5, 1, 1, 2, 1]",2.5,-0.3979421865965201,3.5,1,1,0.527409595009898
279,2,-0.405833974567759,4,가을,7,"[3, 4, 5, 1, 5, 4, 5]",2.0,-0.4626819218583791,3.5,1,1,0.5176745926349964
810,4,-0.196252417032165,17,가을,21,"[2, 7, 7, 5, 4, 1, 1, 4, 4, 4, 6, 1, 7, 2, 1, 1, 6, 1, 6, 1, 7]",4.25,-0.320752502245842,5.25,1,1,0.5076541372145896
3997,2,-0.1504064513212538,10,여름,9,"[1, 99, 2, 1, 5, 2, 2, 1, 6]",5.0,-0.0742435102872248,4.5,1,1,0.46508573876751397
1609,3,0.0297026996858973,23,가을,23,"[6, 3, 1, 3, 1, 5, 4, 7, 4, 4, 1, 4, 1, 5, 5, 1, 2, 4, 4, 4, 4, 1, 3]",7.666666666666667,-0.0327436799911613,7.666666666666667,1,1,0.493476760134078
3007,2,-0.3599880088568478,6,가을,7,"[1, 1, 3, 5, 1, 1, 5]",3.0,-0.3929622069609924,3.5,1,1,0.5328953850050702
5641,2,-0.1995271288686586,4,가을,5,"[1, 1, 3, 4, 1]",2.0,-0.1489432048201391,2.5,1,1,0.5326777454889797
538,3,0.5078106278139712,4,가을,8,"[1, 2, 3, 1, 3, 4, 1, 7]",1.3333333333333333,0.4519743378668601,2.6666666666666665,1,1,0.5567340612117428
5093,2,0.4750635094490347,5,여름,8,"[1, 5, 6, 3, 6, 1, 4, 5]",2.5,0.8769326000985503,4.0,1,1,0.5212202188836998
1158,3,-0.1667800105037221,6,가을,9,"[1, 1, 2, 4, 6, 2, 5, 2, 5]",2.0,-0.2319428654122661,3.0,1,1,0.5035406799139988
3259,2,-0.2093512643781396,6,봄,6,"[1, 4, 5, 1, 1, 4]",3.0,-0.163883143726722,3.0,1,1,0.5179602204677994
3520,2,-0.1340328921387855,8,여름,7,"[4, 5, 2, 1, 3, 4, 2]",4.0,-0.0493436121095867,3.5,1,1,0.5174799410727158
1087,3,-0.1831535696861903,7,가을,10,"[1, 4, 5, 1, 1, 6, 4, 1, 5, 1]",2.333333333333333,-0.2485427975306915,3.333333333333333,1,1,0.47804128311908956
5077,2,-0.2191753998876206,4,여름,2,"[3, 1]",2.0,-0.1788230826333048,1.0,1,1,0.473588825016001
4020,3,-0.0423409607169631,5,여름,7,"[3, 4, 5, 1, 2, 1, 4]",1.6666666666666667,-0.105783381312233,2.333333333333333,1,1,0.4796309777427856
1297,4,0.5340083225059205,6,여름,7,"[2, 1, 5, 1, 5, 1, 5]",1.5,0.2345152271154875,1.75,1,1,0.5117228012945841
5008,2,-0.4091086864042527,9,여름,12,"[7, 4, 5, 1, 2, 4, 5, 7, 4, 7, 6, 7]",4.5,-0.4676619014939067,6.0,1,1,0.47550491307157283
2416,2,-0.2453730945795698,3,가을,3,"[4, 1, 1]",1.5,-0.2186629197175258,1.5,1,1,0.501520231095922
1807,3,-0.3305156023284049,9,가을,13,"[4, 2, 4, 4, 1, 5, 6, 6, 1, 5, 1, 7, 7]",3.0,-0.3979421865965201,4.333333333333333,1,1,0.46803043916352616
4247,2,0.137768190290188,6,여름,4,"[1, 3, 2, 1]",3.0,0.3639946976392055,2.0,1,1,0.5066278835715418
208,2,-0.2322742472335952,5,가을,5,"[4, 5, 1, 2, 4]",2.5,-0.1987430011754153,2.5,1,1,0.5055836928771008
2318,2,-0.3305156023284049,4,가을,2,"[1, 4]",2.0,-0.3481423902412439,1.0,1,1,0.5301753711772332
5465,2,-0.1405823158117728,4,여름,8,"[1, 1, 1, 1, 3, 3, 7, 1]",2.0,-0.059303571380642,4.0,1,1,0.5677113543353394
1650,2,-0.4287569574232147,5,가을,6,"[2, 4, 4, 5, 4, 4]",2.5,-0.4975417793070724,3.0,1,1,0.5109584053674804
437,2,-0.3632627206933415,5,여름,6,"[1, 4, 2, 3, 5, 2]",2.5,-0.3979421865965201,3.0,1,1,0.5217067276904221
1513,2,0.0067797168304417,4,가을,2,"[1, 2]",2.0,0.1647955122181008,1.0,1,1,0.5640771159183684
107,2,-0.3239661786554176,5,가을,3,"[4, 1, 5]",2.5,-0.3381824309701886,1.5,1,1,0.49092346913265594
5350,2,-0.3501638733473668,7,여름,9,"[4, 7, 2, 4, 7, 3, 4, 5, 1]",3.5,-0.3780222680544096,4.5,1,1,0.5200167364396646
589,4,1.0284898098164628,13,가을,23,"[1, 3, 1, 1, 2, 3, 1, 3, 4, 5, 1, 1, 1, 1, 2, 5, 1, 1, 5, 1, 1, 1, 6]",3.25,0.6105036895978228,5.75,1,1,0.49343740856459917
2940,2,-0.1405823158117728,14,가을,15,"[1, 3, 1, 3, 3, 4, 4, 1, 2, 1, 1, 7, 7, 7, 7]",7.0,-0.059303571380642,7.5,1,1,0.4658848369998739
5340,2,0.3277014768068201,6,여름,9,"[3, 4, 5, 1, 1, 3, 4, 5, 1]",3.0,0.6528335164998075,4.5,1,1,0.5263763664974973
1670,2,-0.41565811007724,2,가을,4,"[1, 3, 4, 3]",1.0,-0.477621860764962,2.0,1,1,0.5029690695107506
1892,3,-0.2322742472335952,6,가을,6,"[4, 5, 5, 5, 4, 1]",2.0,-0.2983425938859677,2.0,1,1,0.5087617941062073
1224,2,0.0853728009062895,4,가을,7,"[2, 2, 5, 1, 2, 4, 2]",2.0,0.2843150234707637,3.5,1,1,0.5405405567922311
5615,2,-0.0095938423520265,8,여름,9,"[3, 6, 1, 2, 1, 2, 4, 5, 4]",4.0,0.1398956140404627,4.5,1,1,0.4894134801017693
468,2,-0.3043179076364556,4,가을,3,"[1, 4, 7]",2.0,-0.3083025531570229,1.5,1,1,0.5571176522041354
5440,2,-0.2682960774350255,6,여름,10,"[1, 7, 1, 2, 3, 1, 1, 2, 2, 2]",3.0,-0.2535227771662191,5.0,1,1,0.48702053537537743
5380,2,-0.310867331309443,7,여름,7,"[1, 4, 5, 2, 4, 1, 1]",3.5,-0.3182625124280782,3.5,1,1,0.5076457580285156
1188,2,-0.081637502754887,4,가을,4,"[1, 3, 4, 3]",2.0,0.0303360620588551,2.0,1,1,0.5506377438939623
2233,2,-0.4025592627312654,6,가을,7,"[4, 3, 5, 1, 5, 3, 5]",3.0,-0.4577019422228515,3.5,1,1,0.543129842114971
1049,2,0.4357669674111108,3,가을,6,"[1, 3, 4, 5, 1, 1]",1.5,0.8171728444722188,3.0,1,1,0.5428666365492745
491,2,-0.301043195799962,6,가을,4,"[1, 3, 3, 4]",3.0,-0.3033225735214953,2.0,1,1,0.5256879874071387
2732,2,-0.291219060290481,3,가을,6,"[3, 4, 4, 1, 2, 4]",1.5,-0.2883826346149125,3.0,1,1,0.5379545975776884
907,2,-0.425482245586721,3,가을,4,"[3, 4, 5, 1]",1.5,-0.4925617996715448,2.0,1,1,0.5392455738213745
185,2,-0.4287569574232147,9,가을,8,"[1, 4, 4, 1, 4, 1, 3, 7]",4.5,-0.4975417793070724,4.0,1,1,0.47886706793589845
227,3,0.0951969364157704,9,여름,7,"[1, 1, 3, 1, 5, 1, 3]",3.0,0.0336560484825402,2.333333333333333,1,1,0.5071230019329949
1242,2,-0.3927351272217844,4,가을,4,"[1, 5, 6, 1]",2.0,-0.4427620033162686,2.0,1,1,0.5686354033688218
5645,2,-0.3894604153852907,5,여름,3,"[99, 1, 3]",2.5,-0.437782023680741,1.5,1,1,0.5207692296917669
1886,2,-0.3436144496743796,5,가을,4,"[1, 3, 1, 5]",2.5,-0.3680623087833543,2.0,1,1,0.4939321441635967
3541,2,-0.2551972300890508,6,봄,8,"[1, 2, 4, 3, 2, 4, 4, 5]",3.0,-0.2336028586241086,4.0,1,1,0.4969579078966125
292,2,-0.405833974567759,4,가을,3,"[3, 5, 1]",2.0,-0.4626819218583791,1.5,1,1,0.5687949379410642
1319,3,-0.2159006880511269,7,가을,6,"[1, 3, 1, 5, 3, 4]",2.333333333333333,-0.2817426617675423,2.0,1,1,0.5013167716647416
3978,3,0.6715462196386541,9,여름,9,"[1, 3, 2, 3, 1, 5, 1, 3, 1]",3.0,0.6179736590511141,3.0,1,1,0.4857737557257199
4030,3,0.5831290000533254,7,여름,6,"[1, 5, 1, 2, 2, 2]",2.333333333333333,0.528334025611617,2.0,1,1,0.5110607012204238
5434,2,0.0559003943778465,7,여름,11,"[1, 1, 1, 5, 3, 3, 5, 6, 1, 1, 5]",3.5,0.2394952067510151,5.5,1,1,0.49455436738325376
1755,5,0.4030198490461742,22,가을,28,"[7, 1, 1, 1, 5, 6, 5, 4, 4, 1, 1, 1, 4, 2, 3, 4, 3, 1, 7, 3, 5, 1, 1, 1, 1, 4, 5, 7]",4.4,0.0084241516625335,5.6,1,1,0.4944465852384064
3734,3,0.1410429021266816,9,여름,8,"[4, 1, 2, 5, 6, 1, 3, 4]",3.0,0.0801358584141313,2.6666666666666665,1,1,0.5003848489492037
4844,2,-0.3141420431459367,6,여름,9,"[3, 4, 5, 3, 4, 1, 5, 1, 2]",3.0,-0.3232424920636058,4.5,1,1,0.5312917173129625
915,3,-0.0423409607169631,4,가을,10,"[1, 5, 7, 1, 1, 3, 3, 3, 5, 7]",1.3333333333333333,-0.105783381312233,3.333333333333333,1,1,0.574391587063983
1509,2,-0.3730868562028225,5,가을,3,"[4, 3, 2]",2.5,-0.4128821255031029,1.5,1,1,0.5223202651945427
416,2,-0.3370650260013922,3,가을,5,"[2, 1, 1, 6, 1]",1.5,-0.3581023495122991,2.5,1,1,0.5174705421371002
179,2,-0.3305156023284049,5,여름,4,"[1, 5, 3, 5]",2.5,-0.3481423902412439,2.0,1,1,0.5060371069153285
5751,2,-0.1471317394847601,6,여름,10,"[1, 4, 5, 1, 4, 3, 1, 4, 5, 7]",3.0,-0.0692635306516972,5.0,1,1,0.4707964460437946
5490,2,-0.2584719419255445,5,여름,7,"[1, 4, 3, 4, 5, 1, 5]",2.5,-0.2385828382596362,3.5,1,1,0.5185899659091678
605,2,-0.2224501117241142,6,가을,6,"[4, 5, 6, 1, 5, 4]",3.0,-0.1838030622688324,3.0,1,1,0.5173236590271413
110,2,-0.2551972300890508,2,가을,1,[1],1.0,-0.2336028586241086,0.5,1,1,0.47842775373864216
5288,2,-0.2191753998876206,4,여름,3,"[1, 5, 4]",2.0,-0.1788230826333048,1.5,1,1,0.5597966950341744
625,2,-0.2846696366174937,7,가을,14,"[2, 2, 2, 5, 2, 5, 2, 4, 1, 1, 2, 4, 1, 2]",3.5,-0.2784226753438572,7.0,1,1,0.4822262165989572
5573,2,-0.1405823158117728,7,여름,6,"[2, 2, 2, 4, 1, 5]",3.5,-0.059303571380642,3.0,1,1,0.5143802514030732
4340,2,-0.071813367245406,6,여름,9,"[1, 1, 5, 1, 2, 4, 5, 1, 5]",3.0,0.0452760009654379,4.5,1,1,0.5073928741395219
486,2,-0.4287569574232147,3,가을,4,"[3, 4, 5, 4]",1.5,-0.4975417793070724,2.0,1,1,0.5168495541238018
4730,2,-0.1897029933591777,6,여름,7,"[1, 2, 3, 4, 5, 6, 5]",3.0,-0.1340032659135563,3.5,1,1,0.5311063987748054
4855,2,-0.1602305868307348,4,여름,4,"[3, 4, 5, 1]",2.0,-0.0891834491938077,2.0,1,1,0.5454196878803301
4797,2,-0.4025592627312654,6,여름,6,"[1, 3, 4, 1, 4, 1]",3.0,-0.4577019422228515,3.0,1,1,0.5354367094704927
4881,2,-0.4222075337502273,4,여름,3,"[2, 1, 2]",2.0,-0.4875818200360172,1.5,1,1,0.5638518252732436
1244,3,-0.0095938423520265,5,가을,7,"[1, 5, 6, 4, 1, 5, 4]",1.6666666666666667,-0.0725835170753823,2.333333333333333,1,1,0.5035818758093672
1057,2,0.0657245298873275,8,가을,5,"[2, 3, 1, 1, 99]",4.0,0.2544351456575979,2.5,1,1,0.5157536186875803
2915,2,-0.2650213655985318,4,가을,3,"[1, 4, 1]",2.0,-0.2485427975306915,1.5,1,1,0.5574973082668859
3784,2,-0.3829109917123035,6,여름,5,"[4, 3, 5, 6, 1]",3.0,-0.4278220644096858,2.5,1,1,0.5381368233279533
2187,2,-0.3960098390582781,3,가을,5,"[6, 2, 4, 1, 5]",1.5,-0.4477419829517962,2.5,1,1,0.5321576101126498
3754,3,-0.1995271288686586,8,여름,10,"[3, 4, 5, 3, 4, 5, 1, 5, 3, 1]",2.6666666666666665,-0.2651427296491169,3.333333333333333,1,1,0.47199073485452797
996,2,-0.3501638733473668,7,가을,6,"[2, 4, 4, 2, 6, 1]",3.5,-0.3780222680544096,3.0,1,1,0.49785753538542526
1468,3,0.2622072400769469,8,가을,9,"[3, 1, 2, 5, 6, 1, 1, 2, 3]",2.6666666666666665,0.2029753560904792,3.0,1,1,0.48739777958209235
228,2,-0.3960098390582781,10,가을,7,"[4, 2, 1, 4, 2, 6, 1]",5.0,-0.4477419829517962,3.5,1,1,0.4905383774624659
5370,2,-0.2191753998876206,7,가을,7,"[4, 5, 6, 1, 1, 4, 5]",3.5,-0.1788230826333048,3.5,1,1,0.5076010981131283
3649,2,-0.3992845508947717,5,여름,3,"[1, 4, 4]",2.5,-0.4527219625873239,1.5,1,1,0.6992680076631743
17,2,-0.405833974567759,4,가을,5,"[3, 1, 3, 1, 2]",2.0,-0.4626819218583791,2.5,1,1,0.5114949073426371
47,2,-0.2322742472335952,5,가을,4,"[1, 1, 1, 4]",2.5,-0.1987430011754153,2.0,1,1,0.4971378317825102
3916,2,-0.3861857035487971,3,여름,3,"[1, 2, 3]",1.5,-0.4328020440452134,1.5,1,1,0.6008252141567404
730,3,-0.2486478064160635,11,가을,11,"[5, 3, 4, 1, 4, 5, 1, 3, 2, 3, 1]",3.6666666666666665,-0.3149425260043931,3.6666666666666665,1,1,0.47591853069482865
4339,2,-0.2322742472335952,4,여름,5,"[1, 3, 3, 4, 2]",2.0,-0.1987430011754153,2.5,1,1,0.5459406772707421
4350,3,0.8549300824822988,7,여름,12,"[1, 5, 1, 1, 3, 4, 5, 6, 1, 1, 4, 5]",2.333333333333333,0.8038928987774785,4.0,1,1,0.46660749141538255
5631,2,-0.2617466537620381,3,가을,4,"[2, 2, 2, 3]",1.5,-0.2435628178951639,2.0,1,1,0.5178406826301022
1620,2,-0.2650213655985318,3,가을,6,"[1, 1, 2, 4, 1, 5]",1.5,-0.2485427975306915,3.0,1,1,0.5054288198904552
183,2,-0.4287569574232147,4,가을,5,"[3, 3, 4, 5, 1]",2.0,-0.4975417793070724,2.5,1,1,0.4945043977324951
3159,2,-0.0849122145913806,11,가을,10,"[1, 5, 1, 2, 1, 1, 5, 2, 6, 6]",5.5,0.0253560824233275,5.0,1,1,0.47134468758153375
144,3,-0.0095938423520265,5,가을,10,"[1, 3, 4, 1, 1, 2, 4, 5, 5, 1]",1.6666666666666667,-0.0725835170753823,3.333333333333333,1,1,0.5526779011046313
2559,2,-0.4025592627312654,6,가을,4,"[1, 1, 4, 1]",3.0,-0.4577019422228515,2.0,1,1,0.5484430711923654
2707,2,-0.2519225182525572,4,가을,2,"[5, 1]",2.0,-0.228622878988581,1.0,1,1,0.5378820659207657
5514,2,0.0329774115223909,4,여름,9,"[1, 1, 2, 4, 5, 1, 3, 4, 5]",2.0,0.2046353493023217,4.5,1,1,0.5467837630968878
3708,2,0.2884049347688962,7,여름,10,"[1, 4, 3, 4, 1, 5, 1, 5, 1, 2]",3.5,0.5930737608734761,5.0,1,1,0.4872159274890038
5266,2,-0.2977684839634684,4,여름,3,"[1, 2, 4]",2.0,-0.2983425938859677,1.5,1,1,0.5675936233810085
1971,2,-0.3730868562028225,5,가을,4,"[1, 2, 4, 5]",2.5,-0.4128821255031029,2.0,1,1,0.5450380062154697
4663,3,-0.1602305868307348,7,여름,8,"[1, 2, 4, 5, 5, 1, 4, 5]",2.333333333333333,-0.2253028925648959,2.6666666666666665,1,1,0.5094905560317291
2918,2,-0.3763615680393161,4,가을,6,"[1, 3, 4, 1, 2, 3]",2.0,-0.4178621051386305,3.0,1,1,0.5563934616167884
2254,2,-0.405833974567759,5,가을,2,"[3, 4]",2.5,-0.4626819218583791,1.0,1,1,0.5754830744702326
4211,2,-0.0357915370439758,9,여름,7,"[1, 4, 1, 2, 1, 4, 1]",4.5,0.1000557769562418,3.5,1,1,0.49486843264856367
5710,2,-0.0554398080629377,7,여름,6,"[3, 4, 1, 1, 3, 1]",3.5,0.070175899143076,3.0,1,1,0.5122914104946178
1032,2,-0.2584719419255445,5,가을,4,"[7, 7, 1, 1]",2.5,-0.2385828382596362,2.0,1,1,0.5010365296607385
807,2,-0.3698121443663288,4,여름,8,"[3, 4, 5, 2, 3, 4, 1, 5]",2.0,-0.4079021458675753,4.0,1,1,0.5747707357534461
3662,2,-0.0652639435724187,9,봄,9,"[7, 7, 4, 5, 1, 1, 4, 5, 4]",4.5,0.0552359602364932,4.5,1,1,0.4669891140904208
5518,2,-0.0423409607169631,6,여름,8,"[1, 5, 3, 4, 5, 2, 3, 1]",3.0,0.0900958176851865,4.0,1,1,0.5212218862164167
1643,2,-0.3698121443663288,6,가을,4,"[5, 4, 4, 1]",3.0,-0.4079021458675753,2.0,1,1,0.5298950902791488
1483,2,-0.2355489590700888,5,가을,4,"[1, 6, 2, 2]",2.5,-0.2037229808109429,2.0,1,1,0.49830387065245907
2342,3,0.5471071698518951,3,가을,5,"[3, 4, 1, 3, 1]",1.0,0.4918141749510811,1.6666666666666667,1,1,0.4736566708568743
2516,3,0.3047784939513645,3,여름,3,"[2, 3, 5]",1.0,0.2461351795983853,1.0,1,1,0.624847656402316
3966,2,-0.3043179076364556,8,여름,9,"[7, 2, 1, 1, 4, 2, 5, 2, 6]",4.0,-0.3083025531570229,4.5,1,1,0.5293931949235798
233,2,-0.061989231735925,3,가을,5,"[2, 4, 1, 2, 1]",1.5,0.0602159398720208,2.5,1,1,0.4957083854982998
1425,2,-0.3567132970203542,4,가을,3,"[1, 2, 5]",2.0,-0.3879822273254648,1.5,1,1,0.5785580596173623
1421,2,-0.2715707892715191,8,가을,13,"[4, 5, 3, 4, 5, 1, 2, 3, 4, 5, 1, 3, 4]",4.0,-0.2585027568017467,6.5,1,1,0.4705503064782381
1844,2,-0.1209340447928109,5,가을,5,"[4, 3, 1, 4, 1]",2.5,-0.0294236935674762,2.5,1,1,0.5124783815967798
3655,2,-0.3599880088568478,4,여름,5,"[1, 4, 5, 1, 3]",2.0,-0.3929622069609924,2.5,1,1,0.5713811324721126
5725,2,0.0362521233588846,4,가을,5,"[1, 3, 5, 1, 3]",2.0,0.2096153289378494,2.5,1,1,0.5419696245187642
2276,2,-0.405833974567759,6,가을,12,"[1, 5, 2, 3, 4, 5, 1, 4, 1, 5, 1, 5]",3.0,-0.4626819218583791,6.0,1,1,0.49395304146111324
925,2,0.2884049347688962,6,가을,8,"[3, 4, 1, 5, 1, 2, 2, 2]",3.0,0.5930737608734761,4.0,1,1,0.5384077893169054
3332,2,-0.0587145198994314,4,여름,5,"[1, 1, 4, 5, 5]",2.0,0.0651959195075484,2.5,1,1,0.5542368575014345
642,2,-0.0914616382643679,5,가을,6,"[1, 5, 1, 1, 5, 1]",2.5,0.0153961231522722,3.0,1,1,0.5115478579721753
3689,2,-0.1471317394847601,8,봄,7,"[2, 6, 1, 2, 4, 1, 5]",4.0,-0.0692635306516972,3.5,1,1,0.510831816209194
653,2,-0.3796362798758098,6,가을,6,"[2, 4, 3, 1, 4, 1]",3.0,-0.4228420847741582,3.0,1,1,0.5374766366175247
429,2,-0.2191753998876206,5,가을,5,"[2, 3, 4, 1, 3]",2.5,-0.1788230826333048,2.5,1,1,0.5087033094593231
1477,2,-0.3829109917123035,6,가을,6,"[2, 3, 4, 6, 3, 2]",3.0,-0.4278220644096858,3.0,1,1,0.5374766366175247
2378,2,-0.2813949247810001,6,가을,5,"[3, 5, 1, 1, 5]",3.0,-0.2734426957083296,2.5,1,1,0.5301455055534134
3705,2,-0.2028018407051523,4,여름,7,"[1, 6, 1, 1, 1, 3, 5]",2.0,-0.1539231844556667,3.5,1,1,0.5487399738944206
5365,2,-0.2388236709065825,5,여름,5,"[1, 3, 4, 1, 4]",2.5,-0.2087029604464705,2.5,1,1,0.5137653334756693
1487,3,-0.1602305868307348,8,가을,11,"[4, 4, 1, 5, 4, 1, 4, 1, 4, 1, 5]",2.6666666666666665,-0.2253028925648959,3.6666666666666665,1,1,0.470493422609034
1859,2,-0.1929777051956713,6,가을,8,"[2, 1, 2, 3, 5, 1, 1, 5]",3.0,-0.1389832455490839,4.0,1,1,0.5277406297734885
5366,2,-0.1405823158117728,5,여름,9,"[7, 1, 1, 2, 2, 3, 4, 1, 7]",2.5,-0.059303571380642,4.5,1,1,0.5018545959954078
1813,3,-0.1078351974468362,6,여름,6,"[1, 5, 1, 4, 4, 6]",2.0,-0.1721831097859347,2.0,1,1,0.5333024872009365
5627,2,0.222910698039023,10,여름,11,"[2, 1, 2, 3, 4, 4, 1, 5, 4, 1, 5]",5.0,0.4934741681629236,5.5,1,1,0.4746474239417699
2526,2,-0.3665374325298351,4,가을,3,"[1, 1, 4]",2.0,-0.4029221662320477,1.5,1,1,0.5768364249683088
2244,2,-0.1504064513212538,5,여름,3,"[1, 5, 1]",2.5,-0.0742435102872248,1.5,1,1,0.48770712851387044
26,4,-0.4287569574232147,13,가을,11,"[4, 2, 2, 4, 4, 5, 5, 7, 4, 5, 6]",3.25,-0.4975417793070724,2.75,1,1,0.49259449513957126
2834,2,-0.310867331309443,6,가을,7,"[1, 3, 4, 5, 1, 1, 5]",3.0,-0.3182625124280782,3.5,1,1,0.529870649876014
4947,2,-0.1667800105037221,4,여름,4,"[1, 1, 4, 5]",2.0,-0.0991434084648629,2.0,1,1,0.5515515672936632
5652,2,-0.2519225182525572,8,여름,7,"[3, 1, 2, 3, 3, 3, 1]",4.0,-0.228622878988581,3.5,1,1,0.520581689815093
203,2,-0.1667800105037221,8,가을,8,"[3, 1, 3, 1, 5, 2, 1, 5]",4.0,-0.0991434084648629,4.0,1,1,0.5113664141989543
339,2,-0.3239661786554176,3,가을,3,"[1, 5, 1]",1.5,-0.3381824309701886,1.5,1,1,0.5358609333618457
4381,3,0.013329140503429,7,여름,6,"[1, 5, 6, 1, 3, 3]",2.333333333333333,-0.0493436121095867,2.0,1,1,0.5280414708056397
5060,2,-0.1929777051956713,4,여름,2,"[3, 1]",2.0,-0.1389832455490839,1.0,1,1,0.5345667764379702
2117,2,-0.3305156023284049,3,가을,3,"[5, 3, 1]",1.5,-0.3481423902412439,1.5,1,1,0.5336537196187092
3164,2,-0.3829109917123035,5,가을,9,"[1, 3, 5, 4, 6, 1, 7, 1, 7]",2.5,-0.4278220644096858,4.5,1,1,0.5879843480104998
2004,2,0.1344934784536943,8,가을,11,"[2, 1, 1, 3, 4, 1, 2, 2, 4, 4, 1]",4.0,0.3590147180036779,5.5,1,1,0.4809723012551411
2809,2,-0.3337903141648986,5,가을,3,"[4, 5, 1]",2.5,-0.3531223698767715,1.5,1,1,0.5023363054491625
3288,4,-0.1569558749942411,8,봄,6,"[1, 5, 3, 3, 1, 5]",2.0,-0.2908726244326762,1.5,1,1,0.505376682941554
2886,2,-0.0587145198994314,4,가을,3,"[1, 1, 3]",2.0,0.0651959195075484,1.5,1,1,0.5398188112082403
2364,2,-0.1209340447928109,8,가을,8,"[4, 1, 1, 1, 1, 1, 1, 99]",4.0,-0.0294236935674762,4.0,1,1,0.5115049774158938
4541,3,-0.1536811631577474,5,여름,5,"[1, 4, 5, 3, 1]",1.6666666666666667,-0.2186629197175258,1.6666666666666667,1,1,0.5250149389860295
2905,2,-0.3861857035487971,3,가을,3,"[2, 4, 1]",1.5,-0.4328020440452134,1.5,1,1,0.5836285223660536
857,2,0.2916796466053898,6,가을,6,"[1, 3, 1, 1, 2, 2]",3.0,0.5980537405090036,3.0,1,1,0.5408518215137635
5628,2,-0.4025592627312654,5,여름,3,"[1, 4, 3]",2.5,-0.4577019422228515,1.5,1,1,0.544173454872222
1115,2,-0.3305156023284049,5,가을,8,"[1, 4, 1, 2, 4, 5, 4, 1]",2.5,-0.3481423902412439,4.0,1,1,0.5100043934096471
582,2,-0.1176593329563172,8,가을,9,"[4, 1, 3, 4, 1, 4, 1, 3, 1]",4.0,-0.0244437139319486,4.5,1,1,0.48845846150274863
43,2,-0.2453730945795698,5,가을,6,"[7, 4, 4, 1, 4, 1]",2.5,-0.2186629197175258,3.0,1,1,0.5063928565718502
1344,2,-0.3599880088568478,7,가을,10,"[2, 3, 4, 1, 3, 4, 3, 4, 5, 7]",3.5,-0.3929622069609924,5.0,1,1,0.5246646247011486
5599,2,-0.0750880790818997,8,가을,6,"[7, 3, 2, 2, 1, 1]",4.0,0.0402960213299103,3.0,1,1,0.510459327872166
1507,2,-0.4287569574232147,6,가을,3,"[3, 2, 1]",3.0,-0.4975417793070724,1.5,1,1,0.534700307570642
4774,2,0.0395268351953782,7,여름,6,"[6, 4, 5, 1, 1, 1]",3.5,0.214595308573377,3.0,1,1,0.5083459591161937
4173,2,-0.176604146013203,4,여름,5,"[3, 5, 1, 1, 5]",2.0,-0.1140833473714458,2.5,1,1,0.5546895820911218
2954,2,-0.1569558749942411,5,가을,4,"[1, 3, 4, 2]",2.5,-0.08420346955828,2.0,1,1,0.5012732288565165
5224,2,-0.3272408904919113,6,여름,6,"[4, 5, 1, 4, 5, 1]",3.0,-0.3431624106057163,3.0,1,1,0.5110383160776412
2422,3,-0.1176593329563172,6,가을,4,"[4, 1, 5, 1]",2.0,-0.1821430690569899,1.3333333333333333,1,1,0.5091542004054812
731,2,-0.4287569574232147,5,가을,6,"[5, 5, 6, 6, 6, 99]",2.5,-0.4975417793070724,3.0,1,1,0.5109584053674804
2053,2,0.3702727306812376,4,가을,4,"[1, 3, 1, 1]",2.0,0.7175732517616665,2.0,1,1,0.5277254036618313
533,2,-0.2420983827430762,4,가을,5,"[1, 4, 1, 1, 5]",2.0,-0.2136829400819981,2.5,1,1,0.5312476633855653
2389,2,-0.3763615680393161,4,가을,1,[4],2.0,-0.4178621051386305,0.5,1,1,0.5740153097015659
898,2,-0.2093512643781396,11,가을,6,"[2, 7, 3, 1, 1, 7]",5.5,-0.163883143726722,3.0,1,1,0.5064018414761393
2981,2,-0.3698121443663288,4,가을,5,"[1, 3, 4, 1, 5]",2.0,-0.4079021458675753,2.5,1,1,0.5507428415289842
4755,2,-0.2257248235606079,6,여름,5,"[1, 5, 4, 1, 3]",3.0,-0.1887830419043601,2.5,1,1,0.5246861160372814
2633,3,0.2130865625295421,4,가을,7,"[1, 2, 1, 5, 1, 1, 4]",1.3333333333333333,0.153175559735203,2.333333333333333,1,1,0.5221099259819275
70,4,-0.0881869264278743,10,가을,9,"[1, 5, 3, 4, 2, 1, 2, 5, 2]",2.5,-0.2385828382596362,2.25,1,1,0.489925471757617
2746,2,-0.2093512643781396,14,가을,18,"[2, 4, 6, 4, 5, 4, 5, 1, 4, 7, 5, 1, 7, 7, 1, 7, 7, 4]",7.0,-0.163883143726722,9.0,1,1,0.47199656311683724
831,4,2.3874952219613306,11,여름,7,"[1, 4, 6, 1, 5, 4, 1]",2.75,1.6438494639698036,1.75,1,1,0.5023646785794329
411,2,-0.3861857035487971,9,가을,14,"[1, 1, 4, 3, 4, 5, 5, 4, 4, 6, 5, 4, 4, 5]",4.5,-0.4328020440452134,7.0,1,1,0.46757923417477276
5525,2,-0.2781202129445064,5,여름,5,"[2, 4, 1, 3, 4]",2.5,-0.268462716072802,2.5,1,1,0.5185269233595106
2812,2,-0.4287569574232147,4,가을,2,"[2, 1]",2.0,-0.4975417793070724,1.0,1,1,0.5272542487834105
3071,2,-0.1242087566293045,4,가을,4,"[1, 1, 5, 5]",2.0,-0.0344036732030039,2.0,1,1,0.5332579520354636
1041,2,-0.3730868562028225,4,가을,3,"[1, 3, 2]",2.0,-0.4128821255031029,1.5,1,1,0.5729534953495502
2515,4,-0.0292421133709885,6,여름,9,"[1, 2, 3, 1, 2, 4, 5, 1, 4]",1.5,-0.1937630215398877,2.25,1,1,0.47028557019075934
75,3,-0.3665374325298351,6,가을,8,"[6, 6, 1, 3, 1, 1, 3, 4]",2.0,-0.4344620372570559,2.6666666666666665,1,1,0.5212502964759405
2138,2,-0.2519225182525572,5,가을,4,"[4, 2, 1, 2]",2.5,-0.228622878988581,2.0,1,1,0.5010365296607385
1029,2,-0.3206914668189239,5,가을,5,"[1, 5, 4, 5, 4]",2.5,-0.333202451334661,2.5,1,1,0.4920885914415407
828,3,-0.186428281522684,6,가을,10,"[2, 2, 1, 2, 1, 4, 5, 1, 1, 5]",2.0,-0.2518627839543765,3.333333333333333,1,1,0.49629976806084714
96,2,-0.1897029933591777,6,가을,6,"[6, 5, 99, 1, 1, 5]",3.0,-0.1340032659135563,3.0,1,1,0.520743020282331
566,2,-0.3174167549824303,4,가을,6,"[1, 4, 5, 1, 1, 5]",2.0,-0.3282224716991334,3.0,1,1,0.5169266682445527
1334,3,-0.0226926896980011,5,가을,8,"[2, 4, 1, 1, 5, 1, 1, 4]",1.6666666666666667,-0.0858634627701226,2.6666666666666665,1,1,0.4798204271667161
5732,2,0.0002302931574544,6,여름,6,"[1, 2, 3, 2, 1, 2]",3.0,0.1548355529470456,3.0,1,1,0.5256005403394987
4130,3,0.2065371388565548,7,여름,5,"[1, 1, 3, 2, 1]",2.333333333333333,0.1465355868878329,1.6666666666666667,1,1,0.5086273892738972
1699,2,-0.1602305868307348,3,가을,7,"[1, 5, 6, 1, 2, 4, 1]",1.5,-0.0891834491938077,3.5,1,1,0.4833929897136919
3126,2,-0.4287569574232147,5,가을,5,"[5, 4, 5, 2, 5]",2.5,-0.4975417793070724,2.5,1,1,0.5066483737014069
5553,2,-0.3174167549824303,6,여름,6,"[4, 5, 1, 4, 1, 5]",3.0,-0.3282224716991334,3.0,1,1,0.5101336287461885
2473,2,-0.3730868562028225,4,가을,7,"[1, 2, 3, 4, 5, 1, 5]",2.0,-0.4128821255031029,3.5,1,1,0.480597367104392
2687,2,-0.3043179076364556,3,가을,6,"[1, 4, 1, 3, 5, 2]",1.5,-0.3083025531570229,3.0,1,1,0.5384193509011929
4671,2,-0.2289995353971015,7,여름,10,"[1, 1, 5, 7, 1, 1, 2, 1, 5, 1]",3.5,-0.1937630215398877,5.0,1,1,0.4755084704449579
5686,2,-0.3141420431459367,7,여름,7,"[4, 6, 1, 1, 3, 1, 5]",3.5,-0.3232424920636058,3.5,1,1,0.49728949735819605
4624,2,-0.1340328921387855,6,여름,5,"[1, 1, 4, 4, 4]",3.0,-0.0493436121095867,2.5,1,1,0.5260680434358144
3790,3,0.7697875747334638,21,여름,19,"[2, 7, 6, 2, 4, 2, 7, 7, 2, 2, 1, 4, 6, 2, 3, 1, 1, 2, 2]",7.0,0.7175732517616665,6.333333333333333,1,1,0.47348451011666026
134,2,-0.4091086864042527,7,가을,5,"[3, 3, 1, 1, 3]",3.5,-0.4676619014939067,2.5,1,1,0.5158130851012549
5235,2,-0.3567132970203542,8,여름,10,"[2, 4, 5, 3, 5, 1, 2, 3, 4, 5]",4.0,-0.3879822273254648,5.0,1,1,0.513983453515643
567,2,-0.4287569574232147,4,가을,4,"[2, 3, 2, 1]",2.0,-0.4975417793070724,2.0,1,1,0.55560098822556
2168,3,-0.2453730945795698,6,가을,6,"[2, 2, 5, 4, 4, 1]",2.0,-0.311622539580708,2.0,1,1,0.5032503917054668
864,3,0.0984716482522641,9,여름,10,"[7, 2, 1, 1, 5, 1, 1, 1, 7, 7]",3.0,0.0369760349062252,3.333333333333333,1,1,0.4650250593933393
4314,3,0.0526256825413529,8,여름,7,"[4, 5, 2, 1, 1, 4, 1]",2.6666666666666665,-0.0095037750253658,2.333333333333333,1,1,0.5060122660248135
1669,2,-0.3501638733473668,5,가을,7,"[1, 5, 1, 4, 2, 1, 5]",2.5,-0.3780222680544096,3.5,1,1,0.511936199652094
274,2,-0.3730868562028225,5,가을,4,"[1, 3, 5, 2]",2.5,-0.4128821255031029,2.0,1,1,0.5260757346571214
5547,2,-0.2879443484539874,6,여름,6,"[1, 1, 4, 3, 4, 3]",3.0,-0.2834026549793848,3.0,1,1,0.5301806296135213
1992,3,-0.1242087566293045,6,가을,6,"[4, 1, 2, 3, 1, 1]",2.0,-0.1887830419043601,2.0,1,1,0.528355711025395
5483,2,-0.2748455011080127,9,여름,7,"[99, 7, 1, 4, 2, 7, 7]",4.5,-0.2634827364372744,3.5,1,1,0.4933511702114453
1720,2,-0.1307581803022918,9,가을,6,"[3, 2, 5, 4, 5, 3]",4.5,-0.0443636324740591,3.0,1,1,0.5098996846772308
3949,2,-0.2388236709065825,5,여름,6,"[1, 4, 1, 5, 4, 5]",2.5,-0.2087029604464705,3.0,1,1,0.5114373943411706
2977,2,0.127944054780707,8,가을,8,"[1, 1, 4, 5, 3, 1, 1, 1]",4.0,0.3490547587326227,4.0,1,1,0.5063355587995223
841,2,-0.2486478064160635,3,가을,3,"[1, 1, 3]",1.5,-0.2236428993530534,1.5,1,1,0.5228036503105609
175,4,-0.2060765525416459,28,가을,35,"[7, 1, 6, 2, 4, 2, 7, 1, 4, 2, 4, 3, 4, 4, 1, 2, 1, 5, 4, 7, 4, 4, 4, 1, 4, 3, 3, 1, 3, 2, 5, 1, 2, 7, 7]",7.0,-0.3282224716991334,8.75,1,1,0.7234131204560129
1260,2,-0.310867331309443,5,가을,6,"[2, 3, 4, 1, 1, 1]",2.5,-0.3182625124280782,3.0,1,1,0.5026967536678915
1096,3,-0.2257248235606079,17,가을,22,"[1, 1, 1, 4, 3, 4, 3, 4, 5, 6, 1, 1, 5, 4, 3, 5, 1, 3, 3, 3, 1, 1]",5.666666666666667,-0.2917026210385975,7.333333333333333,1,1,0.4794520504037426
3781,2,1.5229712971270049,8,여름,8,"[1, 5, 2, 1, 4, 5, 1, 1]",4.0,2.470526083467388,4.0,1,1,0.4770873534824857
1860,2,-0.4287569574232147,4,가을,4,"[2, 5, 4, 5]",2.0,-0.4975417793070724,2.0,1,1,0.547864732476018
4889,2,0.0984716482522641,4,여름,10,"[1, 1, 2, 3, 3, 3, 1, 1, 4, 6]",2.0,0.3042349420128741,5.0,1,1,0.5374249160862677
5654,2,0.0984716482522641,6,여름,8,"[1, 1, 4, 5, 2, 1, 1, 3]",3.0,0.3042349420128741,4.0,1,1,0.5218386962641283
283,2,-0.1798788578496967,5,가을,8,"[4, 5, 6, 4, 6, 2, 1, 6]",2.5,-0.1190633270069734,4.0,1,1,0.5202397581656154
1773,4,-0.3206914668189239,4,가을,7,"[1, 4, 1, 3, 3, 5, 1]",1.0,-0.4153721153208667,1.75,1,1,0.4937126604541965
2402,2,-0.310867331309443,9,가을,12,"[6, 4, 7, 2, 4, 1, 4, 1, 5, 7, 1, 5]",4.5,-0.3182625124280782,6.0,1,1,0.484929058319394
2902,2,-0.1143846211198235,9,가을,7,"[4, 3, 3, 1, 3, 1, 2]",4.5,-0.019463734296421,3.5,1,1,0.5100061623497936
2784,3,-0.1012857737738489,4,가을,5,"[1, 2, 3, 4, 2]",1.3333333333333333,-0.1655431369385645,1.6666666666666667,1,1,0.5310678092933088
2288,2,-0.405833974567759,5,가을,4,"[4, 1, 6, 5]",2.5,-0.4626819218583791,2.0,1,1,0.5219969365242405
4706,4,-0.2486478064160635,24,여름,22,"[5, 1, 4, 4, 5, 4, 4, 1, 5, 3, 4, 3, 1, 3, 3, 5, 3, 4, 1, 4, 4, 1]",6.0,-0.3605923393300629,5.5,1,1,0.4821091796042262
366,2,0.2392842572214913,3,가을,6,"[5, 1, 5, 4, 5, 2]",1.5,0.5183740663405617,3.0,1,1,0.5306913026156973
949,3,-0.3337903141648986,5,가을,6,"[4, 5, 2, 1, 1, 5]",1.6666666666666667,-0.4012621730202051,2.0,1,1,0.5202766007325164
1879,2,-0.3174167549824303,5,가을,4,"[1, 4, 1, 5]",2.5,-0.3282224716991334,2.0,1,1,0.48997288514631543
19,2,-0.2322742472335952,6,가을,2,"[3, 1]",3.0,-0.1987430011754153,1.0,1,1,0.5055177834882998
218,2,-0.2126259762146333,4,가을,7,"[1, 3, 4, 2, 1, 2, 5]",2.0,-0.1688631233622496,3.5,1,1,0.5327814230676914
1893,2,-0.4287569574232147,2,가을,1,[1],1.0,-0.4975417793070724,0.5,1,1,0.4938828516427665
4915,2,-0.3698121443663288,4,여름,4,"[3, 4, 1, 1]",2.0,-0.4079021458675753,2.0,1,1,0.5968758058713955
4066,2,0.0755486653968085,7,여름,7,"[1, 4, 1, 5, 1, 2, 2]",3.5,0.2693750845641808,3.5,1,1,0.5135817853375796
3213,2,-0.2126259762146333,5,봄,5,"[1, 1, 4, 1, 5]",2.5,-0.1688631233622496,2.5,1,1,0.482421154558663
1018,4,-0.2060765525416459,22,가을,19,"[2, 3, 5, 4, 5, 2, 4, 5, 5, 3, 3, 3, 1, 5, 2, 4, 1, 3, 2]",5.5,-0.3282224716991334,4.75,1,1,0.5253955522254211
5569,2,-0.1602305868307348,7,여름,6,"[4, 1, 5, 1, 1, 2]",3.5,-0.0891834491938077,3.0,1,1,0.5170847291303464
1726,2,-0.3239661786554176,3,가을,7,"[1, 1, 4, 5, 1, 3, 5]",1.5,-0.3381824309701886,3.5,1,1,0.501521966873024
5552,2,0.0297026996858973,9,여름,8,"[1, 4, 1, 1, 4, 5, 1, 2]",4.5,0.1996553696667941,4.0,1,1,0.493681636918225
2922,2,-0.2486478064160635,6,가을,5,"[3, 4, 5, 1, 5]",3.0,-0.2236428993530534,2.5,1,1,0.47649727066634406
517,2,-0.1471317394847601,6,가을,4,"[3, 4, 1, 6]",3.0,-0.0692635306516972,2.0,1,1,0.5109350462756526
217,3,0.8778530653377545,4,여름,4,"[1, 5, 4, 1]",1.3333333333333333,0.8271328037432741,1.3333333333333333,1,1,0.47792348068868884
196,4,1.6310367877312957,15,가을,14,"[1, 1, 3, 1, 1, 1, 2, 1, 4, 5, 1, 1, 1, 2]",3.75,1.0686618160663637,3.5,1,1,0.4762429686115836
2499,3,1.5589931273284352,7,가을,6,"[1, 5, 1, 5, 2, 4]",2.333333333333333,1.5176899798697707,2.0,1,1,0.49969883236754825
4504,2,-0.3043179076364556,4,여름,2,"[1, 1]",2.0,-0.3083025531570229,1.0,1,1,0.5165494313570869
2145,2,0.1672405968186309,4,가을,5,"[7, 1, 3, 3, 1]",2.0,0.4088145143589541,2.5,1,1,0.577460415035589
3246,2,-0.2846696366174937,5,봄,5,"[1, 1, 3, 4, 2]",2.5,-0.2784226753438572,2.5,1,1,0.4873051379661578
568,2,-0.4287569574232147,4,가을,2,"[2, 1]",2.0,-0.4975417793070724,1.0,1,1,0.5272542487834105
2835,2,-0.291219060290481,5,가을,5,"[3, 4, 1, 4, 3]",2.5,-0.2883826346149125,2.5,1,1,0.5219244538579835
2110,3,-0.1798788578496967,7,가을,3,"[5, 1, 2]",2.333333333333333,-0.2452228111070064,1.0,1,1,0.47779450518556116
5304,2,-0.2486478064160635,7,여름,9,"[2, 3, 4, 2, 4, 5, 1, 2, 1]",3.5,-0.2236428993530534,4.5,1,1,0.49294781540835525
3050,3,0.0689992417238212,6,가을,7,"[2, 2, 5, 6, 2, 2, 4]",2.0,0.0070961570930595,2.333333333333333,1,1,0.519983982074379
5432,2,1.617937940385321,4,여름,6,"[1, 2, 1, 3, 4, 5]",2.0,2.614945492897689,3.0,1,1,0.5318322937531583
2437,3,-0.0849122145913806,11,가을,10,"[1, 3, 4, 1, 2, 3, 5, 3, 4, 1]",3.6666666666666665,-0.1489432048201391,3.333333333333333,1,1,0.4772277008672325
1174,2,-0.2388236709065825,4,가을,3,"[4, 1, 1]",2.0,-0.2087029604464705,1.5,1,1,0.5226732323848231
4834,2,-0.0881869264278743,8,여름,6,"[4, 1, 3, 3, 1, 3]",4.0,0.0203761027877998,3.0,1,1,0.5163416871603721
5221,2,-0.4091086864042527,5,여름,4,"[4, 3, 1, 5]",2.5,-0.4676619014939067,2.0,1,1,0.5204671103519273
1578,2,-0.3436144496743796,7,가을,5,"[1, 5, 5, 2, 1]",3.5,-0.3680623087833543,2.5,1,1,0.49247058579759195
4560,2,-0.1602305868307348,6,여름,5,"[1, 3, 3, 1, 2]",3.0,-0.0891834491938077,2.5,1,1,0.5528826216536252
3956,2,-0.0357915370439758,7,여름,9,"[3, 5, 3, 4, 5, 4, 5, 1, 2]",3.5,0.1000557769562418,4.5,1,1,0.48836165463029746
1476,3,0.3833715780272123,20,가을,19,"[1, 4, 1, 2, 1, 1, 3, 1, 5, 1, 2, 4, 1, 5, 1, 2, 1, 7, 7]",6.666666666666667,0.3258148537668272,6.333333333333333,1,1,0.4650047762617088
192,3,-0.2257248235606079,4,가을,3,"[5, 2, 1]",1.3333333333333333,-0.2917026210385975,1.0,1,1,0.5232885866650949
4537,3,1.7587505493545483,16,여름,20,"[6, 2, 5, 1, 3, 2, 6, 3, 1, 1, 3, 1, 1, 5, 1, 1, 2, 2, 4, 5]",5.333333333333333,1.7202091517145603,6.666666666666667,1,1,0.46745487324568075
5320,2,0.0624498180508339,6,여름,9,"[2, 1, 1, 3, 4, 5, 1, 1, 5]",3.0,0.2494551660220703,4.5,1,1,0.5088383203059892
1151,3,0.7435898800415146,8,가을,9,"[2, 1, 1, 5, 5, 1, 2, 6, 5]",2.6666666666666665,0.6910133603721859,3.0,1,1,0.4996724879752156
