TRIP_DAYS,MOVE_CNT,activity_payment_sum,activity_history_rows,payment_persona,GENDER,AGE_GRP,HOUSE_INCOME,TRAVEL_MOTIVE_1,TRAVEL_STATUS_ACCOMPANY,TRAVEL_COMPANIONS_NUM,RESIDENCE_SGG_CD,move_cnt_per_day,activity_payment_sum_per_day,activity_history_rows_per_day,actual,predicted,predicted_proba
2,4,21000,2,low,1,20,7,1,2인 여행(가족 외),1.0,41.0,2.0,10500.0,1.0,0,0,0.2817377746235421
3,6,15000,8,low,1,60,4,8,나홀로 여행,0.0,11.0,2.0,5000.0,2.6666666666666665,0,0,0.2733974726026468
2,8,10400,10,low,1,40,7,1,2인 여행(가족 외),1.0,11.0,4.0,5200.0,5.0,0,0,0.28602890104654977
2,8,167650,10,high,2,20,7,7,2인 여행(가족 외),1.0,41.0,4.0,83825.0,5.0,0,0,0.055710081695112365
4,12,191000,11,high,2,40,10,10,2인 가족 여행,1.0,11.0,3.0,47750.0,2.75,0,0,0.09751008804343365
2,12,55000,12,med,2,20,6,3,2인 여행(가족 외),1.0,30.0,6.0,27500.0,6.0,0,0,0.1230586151818104
5,25,357300,32,high,2,30,7,3,정보없음,1.0,36.0,5.0,71460.0,6.4,0,0,0.06537285680788857
3,10,27600,11,low,1,20,7,1,나홀로 여행,0.0,27.0,3.333333333333333,9200.0,3.6666666666666665,0,0,0.011852079584410175
2,4,3500,4,low,2,20,5,3,부모 동반 여행,1.0,11.0,2.0,1750.0,2.0,0,0,0.15759976106958531
2,13,33700,12,low,2,30,5,8,나홀로 여행,0.0,11.0,6.5,16850.0,6.0,0,0,0.021113796865973672
3,12,101200,14,med,2,20,5,8,나홀로 여행,1.0,29.0,4.0,33733.333333333336,4.666666666666667,0,0,0.0377256693935589
1,3,50500,9,med,2,40,7,1,나홀로 여행,0.0,41.0,3.0,50500.0,9.0,0,0,0.016494268374922096
2,5,146080,4,med,1,60,4,2,2인 가족 여행,1.0,11.0,2.5,73040.0,2.0,0,0,0.18392056706435428
2,5,17300,9,low,2,30,7,6,3인 이상 여행(가족 외),2.0,11.0,2.5,8650.0,4.5,0,0,0.041731255284077985
3,5,181800,8,high,2,40,11,3,자녀 동반 여행,11.0,11.0,1.6666666666666667,60600.0,2.6666666666666665,0,0,0.23298016263471497
2,6,86500,8,med,1,20,8,9,2인 여행(가족 외),1.0,41.0,3.0,43250.0,4.0,0,0,0.03587007884558227
3,11,204000,11,high,1,30,7,7,나홀로 여행,0.0,44.0,3.6666666666666665,68000.0,3.6666666666666665,0,0,0.09246402869115228
2,4,84000,5,med,1,30,7,7,나홀로 여행,0.0,11.0,2.0,42000.0,2.5,0,0,0.10314568824191621
2,4,27000,5,low,2,50,8,3,2인 가족 여행,1.0,41.0,2.0,13500.0,2.5,0,0,0.18866827721385343
2,3,60800,4,med,1,60,11,1,2인 가족 여행,1.0,11.0,1.5,30400.0,2.0,0,0,0.18345940707173589
2,3,84000,1,med,2,30,7,3,정보없음,1.0,36.0,1.5,42000.0,0.5,0,0,0.1404179652856475
2,7,13000,11,low,1,20,7,3,2인 여행(가족 외),1.0,11.0,3.5,6500.0,5.5,0,0,0.1845532902118772
2,7,85760,7,med,2,50,5,1,2인 가족 여행,1.0,11.0,3.5,42880.0,3.5,0,0,0.1266168687595169
2,7,71100,8,med,1,20,7,7,2인 여행(가족 외),1.0,11.0,3.5,35550.0,4.0,0,0,0.04869179949102785
2,5,92600,6,med,1,30,12,1,3인 이상 여행(가족 외),3.0,41.0,2.5,46300.0,3.0,0,0,0.25092556820570355
3,16,26600,14,low,1,30,3,3,자녀 동반 여행,2.0,27.0,5.333333333333333,8866.666666666666,4.666666666666667,0,0,0.03714908959785078
3,7,95310,6,med,1,20,5,3,2인 여행(가족 외),1.0,41.0,2.333333333333333,31770.0,2.0,0,0,0.025839712655746264
2,7,159000,8,high,2,30,7,4,나홀로 여행,0.0,43.0,3.5,79500.0,4.0,0,0,0.11682804210256593
3,4,199700,6,high,2,30,7,3,정보없음,1.0,36.0,1.3333333333333333,66566.66666666667,2.0,0,0,0.20663121061984405
4,11,85360,10,med,1,20,7,7,2인 여행(가족 외),1.0,11.0,2.75,21340.0,2.5,0,0,0.04183766289003038
2,8,19000,9,low,2,20,4,2,나홀로 여행,0.0,41.0,4.0,9500.0,4.5,0,0,0.06497474059338554
2,13,125510,24,med,2,20,7,3,2인 여행(가족 외),1.0,41.0,6.5,62755.0,12.0,0,0,0.1926657305063478
3,7,200300,8,high,1,20,3,2,3인 이상 여행(가족 외),2.0,43.0,2.333333333333333,66766.66666666667,2.6666666666666665,0,0,0.16824429303929028
3,5,20800,3,low,1,40,6,3,2인 여행(가족 외),1.0,41.0,1.6666666666666667,6933.333333333333,1.0,0,0,0.3590118224916277
2,5,52000,4,med,2,30,7,2,부모 동반 여행,2.0,11.0,2.5,26000.0,2.0,0,0,0.2541007361943866
1,9,27500,7,low,2,20,7,1,나홀로 여행,0.0,41.0,9.0,27500.0,7.0,0,0,0.06970195220331057
3,6,27000,5,low,1,50,7,1,3인 이상 여행(가족 외),2.0,41.0,2.0,9000.0,1.6666666666666667,0,0,0.17701787176666428
1,2,9000,1,low,2,30,12,4,나홀로 여행,0.0,11.0,2.0,9000.0,1.0,0,0,0.2791115626546539
2,9,144000,13,med,2,20,1,9,2인 가족 여행,1.0,11.0,4.5,72000.0,6.5,0,0,0.03639584181088234
3,6,73000,7,med,1,40,7,7,3인 이상 여행(가족 외),6.0,28.0,2.0,24333.33333333333,2.333333333333333,0,0,0.048177759531804684
3,7,46090,10,med,2,30,7,1,3인 이상 여행(가족 외),2.0,44.0,2.333333333333333,15363.333333333334,3.333333333333333,0,0,0.05657450423322594
2,7,36300,7,low,1,30,11,2,나홀로 여행,0.0,41.0,3.5,18150.0,3.5,0,0,0.3459229897498554
2,8,69990,7,med,2,30,8,3,2인 여행(가족 외),1.0,41.0,4.0,34995.0,3.5,0,0,0.3000996150665956
2,9,64800,14,med,1,40,11,2,자녀 동반 여행,2.0,11.0,4.5,32400.0,7.0,0,0,0.03106420515164415
2,11,287560,11,high,1,30,7,3,3인 이상 여행(가족 외),2.0,41.0,5.5,143780.0,5.5,0,0,0.22439776921316343
3,7,133850,11,med,2,30,12,1,2인 가족 여행,1.0,41.0,2.333333333333333,44616.66666666666,3.6666666666666665,0,0,0.07816161852407884
2,6,41600,9,low,2,60,8,1,자녀 동반 여행,1.0,11.0,3.0,20800.0,4.5,0,0,0.1637642834498943
3,7,69300,10,med,2,30,7,3,정보없음,1.0,36.0,2.333333333333333,23100.0,3.333333333333333,0,0,0.04329785276162833
2,7,89800,9,med,1,30,8,2,2인 여행(가족 외),1.0,11.0,3.5,44900.0,4.5,0,0,0.23849516493321077
2,13,74700,12,med,2,30,7,1,나홀로 여행,0.0,44.0,6.5,37350.0,6.0,0,0,0.0913273820436099
2,15,30280,15,low,2,30,6,3,2인 여행(가족 외),1.0,11.0,7.5,15140.0,7.5,0,0,0.0832541155135455
4,15,536700,16,high,1,40,10,1,나홀로 여행,0.0,41.0,3.75,134175.0,4.0,0,0,0.0034466457937696415
2,7,61900,8,med,1,30,7,1,나홀로 여행,0.0,30.0,3.5,30950.0,4.0,0,0,0.363118036384905
2,12,173050,12,high,1,20,7,7,나홀로 여행,1.0,41.0,6.0,86525.0,6.0,0,0,0.09542797603091661
4,16,155800,20,high,2,40,6,2,2인 가족 여행,1.0,41.0,4.0,38950.0,5.0,0,0,0.07489447983855417
2,3,64500,5,med,2,30,7,3,정보없음,1.0,36.0,1.5,32250.0,2.5,0,0,0.23565225818671956
3,11,61000,18,med,1,50,10,1,2인 가족 여행,1.0,11.0,3.6666666666666665,20333.33333333333,6.0,0,0,0.00043723421013940934
3,16,518600,17,high,2,30,5,2,2인 여행(가족 외),1.0,27.0,5.333333333333333,172866.66666666666,5.666666666666667,0,0,0.04836625796062587
2,4,207260,6,high,2,40,7,1,나홀로 여행,0.0,42.0,2.0,103630.0,3.0,0,0,0.19431407422830255
3,8,86680,9,med,1,40,6,9,3인 이상 여행(가족 외),2.0,41.0,2.6666666666666665,28893.33333333333,3.0,0,0,0.22594010176328225
4,11,300800,11,high,1,40,6,1,자녀 동반 여행,3.0,44.0,2.75,75200.0,2.75,0,0,0.11059383646059369
2,9,15200,7,low,2,20,5,4,나홀로 여행,0.0,41.0,4.5,7600.0,3.5,0,0,0.029799439499558412
3,8,107600,8,med,2,60,9,3,자녀 동반 여행,3.0,47.0,2.6666666666666665,35866.666666666664,2.6666666666666665,0,0,0.262193283311243
2,13,119100,10,med,2,30,4,1,나홀로 여행,0.0,41.0,6.5,59550.0,5.0,0,0,0.09585523933159652
2,8,46000,5,med,2,30,7,3,정보없음,1.0,36.0,4.0,23000.0,2.5,0,0,0.1995096244814348
2,8,109850,7,med,1,30,7,2,나홀로 여행,0.0,11.0,4.0,54925.0,3.5,0,0,0.3487045745587787
3,7,71260,19,med,2,30,10,1,2인 가족 여행,1.0,28.0,2.333333333333333,23753.33333333333,6.333333333333333,0,0,0.0012079254373693904
3,6,123000,4,med,2,20,4,6,나홀로 여행,0.0,29.0,2.0,41000.0,1.3333333333333333,0,0,0.24548132224342956
4,9,125600,16,med,1,30,7,2,2인 여행(가족 외),1.0,31.0,2.25,31400.0,4.0,0,0,0.12652905010084955
2,12,49200,8,med,1,20,5,2,나홀로 여행,0.0,41.0,6.0,24600.0,4.0,0,0,0.04231362472956631
3,13,23900,15,low,1,30,7,8,나홀로 여행,0.0,41.0,4.333333333333333,7966.666666666667,5.0,0,0,0.040246571189535285
4,8,140650,11,med,2,20,7,2,2인 여행(가족 외),1.0,11.0,2.0,35162.5,2.75,0,0,0.02238329050889607
3,11,84000,13,med,2,30,4,2,2인 여행(가족 외),1.0,41.0,3.6666666666666665,28000.0,4.333333333333333,0,0,0.23631697736056723
2,3,46800,2,med,1,40,9,8,자녀 동반 여행,4.0,41.0,1.5,23400.0,1.0,0,0,0.22966819335042682
2,6,63500,10,med,2,40,8,7,2인 가족 여행,1.0,11.0,3.0,31750.0,5.0,0,0,0.001355376623591915
2,13,78400,13,med,1,20,8,9,2인 여행(가족 외),1.0,41.0,6.5,39200.0,6.5,0,0,0.007743526355379988
2,8,22000,10,low,1,40,6,3,2인 가족 여행,1.0,11.0,4.0,11000.0,5.0,0,0,0.3784920743453768
3,14,151200,15,high,2,30,12,2,자녀 동반 여행,3.0,11.0,4.666666666666667,50400.0,5.0,0,0,0.0927777899673513
5,18,283431,31,high,2,30,6,7,자녀 동반 여행,3.0,31.0,3.6,56686.2,6.2,0,0,0.03312431201777542
2,3,2000,4,low,2,30,9,8,자녀 동반 여행,2.0,28.0,1.5,1000.0,2.0,0,0,0.021893511712073828
2,6,64500,7,med,1,30,7,3,2인 여행(가족 외),1.0,11.0,3.0,32250.0,3.5,0,0,0.20475570083434722
2,7,92800,6,med,1,30,9,5,2인 여행(가족 외),1.0,28.0,3.5,46400.0,3.0,0,0,0.33891391930414505
2,5,56050,5,med,2,40,4,7,나홀로 여행,0.0,45.0,2.5,28025.0,2.5,0,0,0.2473911209079204
4,9,172920,7,high,1,40,7,3,3인 이상 여행(가족 외),2.0,11.0,2.25,43230.0,1.75,0,0,0.28295332312189464
2,4,150000,2,med,2,30,7,3,정보없음,1.0,36.0,2.0,75000.0,1.0,0,0,0.351518513457253
3,10,360700,22,high,2,30,7,9,2인 가족 여행,1.0,41.0,3.333333333333333,120233.33333333331,7.333333333333333,0,0,0.12656773038578478
2,6,25400,6,low,2,20,7,1,나홀로 여행,0.0,41.0,3.0,12700.0,3.0,0,0,0.19151985675926608
2,14,138300,14,med,2,20,7,1,2인 여행(가족 외),1.0,28.0,7.0,69150.0,7.0,0,0,0.04042935725119404
2,5,114000,4,med,1,20,7,1,2인 여행(가족 외),1.0,28.0,2.5,57000.0,2.0,0,0,0.06664273332614969
2,6,26500,7,low,2,40,7,7,3인 이상 여행(가족 외),2.0,41.0,3.0,13250.0,3.5,0,0,0.37939807738018544
3,9,103400,16,med,2,30,7,2,2인 여행(가족 외),1.0,41.0,3.0,34466.666666666664,5.333333333333333,0,0,0.10965536600428515
3,14,563300,16,high,1,20,9,9,2인 여행(가족 외),1.0,41.0,4.666666666666667,187766.66666666663,5.333333333333333,0,0,0.039735816642100324
3,6,235100,6,high,2,30,10,3,자녀 동반 여행,3.0,44.0,2.0,78366.66666666667,2.0,0,0,0.049625129162130265
3,7,62900,8,med,2,30,7,3,정보없음,1.0,36.0,2.333333333333333,20966.666666666668,2.6666666666666665,0,0,0.09334888076553956
2,5,54500,4,med,2,40,9,1,나홀로 여행,0.0,11.0,2.5,27250.0,2.0,0,0,0.30962841196235824
2,4,123280,11,med,2,40,7,6,2인 가족 여행,1.0,28.0,2.0,61640.0,5.5,0,0,0.15936293362718124
3,10,152000,20,high,1,20,5,3,2인 여행(가족 외),1.0,50.0,3.333333333333333,50666.66666666666,6.666666666666667,0,0,0.016099172477824945
1,5,84000,5,med,2,30,5,2,나홀로 여행,0.0,11.0,5.0,84000.0,5.0,0,0,0.09198155693924122
3,10,431070,11,high,1,20,2,3,3인 이상 여행(가족 외),3.0,11.0,3.333333333333333,143690.0,3.6666666666666665,0,0,0.07864466322809913
3,6,49450,5,med,1,30,5,3,3인 이상 여행(가족 외),2.0,41.0,2.0,16483.333333333332,1.6666666666666667,0,0,0.3187700728812177
2,5,67800,6,med,2,20,5,3,2인 여행(가족 외),1.0,41.0,2.5,33900.0,3.0,0,0,0.17605684817471864
2,6,218800,8,high,1,30,10,1,2인 가족 여행,1.0,28.0,3.0,109400.0,4.0,0,0,0.012071885555474546
2,10,147200,11,med,2,20,7,3,2인 여행(가족 외),1.0,11.0,5.0,73600.0,5.5,0,0,0.2694998133678389
1,9,25200,14,low,1,30,7,2,2인 여행(가족 외),1.0,41.0,9.0,25200.0,14.0,0,0,0.019660090675938876
2,5,147200,7,med,2,20,7,3,3인 이상 여행(가족 외),3.0,41.0,2.5,73600.0,3.5,0,0,0.21839568518128297
3,16,43080,17,low,1,20,7,1,나홀로 여행,0.0,43.0,5.333333333333333,14360.0,5.666666666666667,0,0,0.036901390909222266
1,5,79000,8,med,1,50,12,3,2인 가족 여행,1.0,11.0,5.0,79000.0,8.0,0,0,0.010930755221266804
2,15,123000,18,med,1,20,5,2,2인 여행(가족 외),1.0,44.0,7.5,61500.0,9.0,0,0,0.008989739270052644
2,6,76500,7,med,2,20,10,1,2인 여행(가족 외),1.0,11.0,3.0,38250.0,3.5,0,0,0.30375163768666225
3,13,256000,16,high,1,20,7,1,2인 여행(가족 외),3.0,26.0,4.333333333333333,85333.33333333333,5.333333333333333,0,0,0.11430465770987465
3,6,144700,12,med,2,30,7,7,2인 가족 여행,1.0,26.0,2.0,48233.333333333336,4.0,0,0,0.11437574902845353
2,3,51600,3,med,1,20,5,1,2인 여행(가족 외),1.0,41.0,1.5,25800.0,1.5,0,0,0.14789778366246056
3,5,330000,9,high,1,60,6,2,3대 동반 여행(친척 포함),6.0,41.0,1.6666666666666667,110000.0,3.0,0,0,0.008616182040613195
3,9,49720,9,med,1,20,7,2,나홀로 여행,0.0,41.0,3.0,16573.333333333332,3.0,0,0,0.01623696927217241
3,25,671700,33,high,1,50,9,1,3인 이상 여행(가족 외),3.0,11.0,8.333333333333334,223900.0,11.0,0,0,0.032651073072120666
3,8,85140,8,med,2,20,7,2,나홀로 여행,0.0,41.0,2.6666666666666665,28380.0,2.6666666666666665,0,0,0.07296760643732733
2,8,173378,11,high,1,20,11,1,3인 이상 여행(가족 외),2.0,11.0,4.0,86689.0,5.5,0,0,0.0653434188256029
2,11,26000,15,low,2,30,7,3,정보없음,1.0,36.0,5.5,13000.0,7.5,0,0,0.3358445524330324
2,7,58500,5,med,2,20,8,1,나홀로 여행,0.0,11.0,3.5,29250.0,2.5,0,0,0.2855434262178122
1,6,22700,8,low,2,20,7,2,나홀로 여행,0.0,11.0,6.0,22700.0,8.0,0,0,0.10413979477941558
2,5,6700,4,low,1,50,7,7,2인 여행(가족 외),1.0,41.0,2.5,3350.0,2.0,0,0,0.07736529280969157
2,5,84000,6,med,1,30,5,1,자녀 동반 여행,3.0,41.0,2.5,42000.0,3.0,0,0,0.18173957513435207
3,14,93800,15,med,1,20,7,7,2인 여행(가족 외),1.0,41.0,4.666666666666667,31266.666666666668,5.0,0,0,0.05513947057320142
3,16,69300,21,med,2,30,7,2,나홀로 여행,0.0,11.0,5.333333333333333,23100.0,7.0,0,0,0.07250326154672146
3,8,45600,8,low,2,30,6,3,3인 이상 여행(가족 외),3.0,41.0,2.6666666666666665,15200.0,2.6666666666666665,0,0,0.02341450712836117
1,5,86500,11,med,1,50,7,2,3인 이상 여행(가족 외),2.0,11.0,5.0,86500.0,11.0,0,0,0.008681047359851299
3,10,305660,10,high,2,20,11,2,2인 여행(가족 외),1.0,28.0,3.333333333333333,101886.66666666669,3.333333333333333,0,0,0.047781838731173365
3,10,129600,12,med,1,20,7,3,나홀로 여행,1.0,26.0,3.333333333333333,43200.0,4.0,0,0,0.03611306873341323
3,9,201500,9,high,1,20,7,1,2인 여행(가족 외),1.0,44.0,3.0,67166.66666666667,3.0,0,0,0.03960622812620727
2,6,213460,6,high,1,30,5,3,자녀 동반 여행,4.0,11.0,3.0,106730.0,3.0,0,0,0.17209913176784988
3,18,242300,23,high,2,20,12,1,2인 여행(가족 외),1.0,41.0,6.0,80766.66666666667,7.666666666666667,0,0,0.12462490409399102
2,4,62000,5,med,1,30,4,1,2인 여행(가족 외),1.0,41.0,2.0,31000.0,2.5,0,0,0.09772330839650321
3,10,16000,15,low,1,30,7,3,나홀로 여행,1.0,30.0,3.333333333333333,5333.333333333333,5.0,0,0,0.04263148793112554
2,4,52000,3,med,1,30,10,3,자녀 동반 여행,3.0,41.0,2.0,26000.0,1.5,0,0,0.20265865618452364
3,5,191300,7,high,1,30,7,1,3인 이상 여행(가족 외),4.0,11.0,1.6666666666666667,63766.66666666666,2.333333333333333,0,0,0.26787112276696545
2,9,72000,10,med,2,20,7,3,2인 가족 여행,1.0,44.0,4.5,36000.0,5.0,0,0,0.2839943326932306
2,6,109490,9,med,2,40,11,2,2인 여행(가족 외),1.0,42.0,3.0,54745.0,4.5,0,0,0.2239517237777591
3,13,151300,17,high,2,30,7,8,나홀로 여행,0.0,41.0,4.333333333333333,50433.333333333336,5.666666666666667,0,0,0.056382375347392696
2,9,29300,8,low,2,20,9,7,나홀로 여행,0.0,41.0,4.5,14650.0,4.0,0,0,0.07659969410927864
3,9,28000,12,low,1,50,7,1,자녀 동반 여행,3.0,11.0,3.0,9333.333333333334,4.0,0,0,0.026847734813539734
2,12,22500,10,low,2,20,9,1,2인 여행(가족 외),1.0,41.0,6.0,11250.0,5.0,0,0,0.030977165461477482
3,6,277200,6,high,1,20,7,1,3인 이상 여행(가족 외),4.0,41.0,2.0,92400.0,2.0,0,0,0.06779194077541381
2,3,3000,3,low,2,30,5,1,나홀로 여행,0.0,41.0,1.5,1500.0,1.5,0,0,0.36548988628569035
2,5,51050,8,med,2,30,10,3,2인 여행(가족 외),1.0,11.0,2.5,25525.0,4.0,0,0,0.08201435334644701
2,6,113590,7,med,1,30,7,6,나홀로 여행,0.0,41.0,3.0,56795.0,3.5,0,0,0.2503521305123825
3,8,191219,11,high,1,30,6,1,2인 여행(가족 외),1.0,41.0,2.6666666666666665,63739.66666666666,3.6666666666666665,0,0,0.3297905669727469
4,12,151500,15,high,2,30,5,3,3인 이상 여행(가족 외),3.0,36.0,3.0,37875.0,3.75,0,0,0.111252260900659
4,13,37800,11,low,1,50,7,2,나홀로 여행,0.0,11.0,3.25,9450.0,2.75,0,0,0.025631529540446805
3,15,29900,15,low,2,20,7,1,나홀로 여행,0.0,45.0,5.0,9966.666666666666,5.0,0,0,0.13414401576980492
4,11,3030400,14,high,2,20,8,7,3인 이상 여행(가족 외),3.0,27.0,2.75,757600.0,3.5,0,0,0.30887796493047326
4,22,524700,27,high,2,40,8,3,2인 여행(가족 외),1.0,26.0,5.5,131175.0,6.75,0,0,0.08343365122981797
2,7,145400,8,med,1,20,7,2,2인 여행(가족 외),1.0,41.0,3.5,72700.0,4.0,0,0,0.032309548024912274
3,11,138870,9,med,2,30,7,2,2인 여행(가족 외),1.0,11.0,3.6666666666666665,46290.0,3.0,0,0,0.17583124628544683
4,15,101360,24,med,2,30,5,1,나홀로 여행,1.0,41.0,3.75,25340.0,6.0,0,0,0.11382558935794453
3,17,383500,20,high,1,20,7,2,나홀로 여행,0.0,27.0,5.666666666666667,127833.33333333331,6.666666666666667,0,0,0.043383924889778554
2,14,96020,12,med,2,30,4,1,2인 여행(가족 외),1.0,11.0,7.0,48010.0,6.0,0,0,0.10981955498663086
3,11,161000,13,high,1,30,10,3,3인 이상 여행(가족 외),3.0,11.0,3.6666666666666665,53666.66666666666,4.333333333333333,0,0,0.16505567980687055
3,13,174900,15,high,2,40,7,1,3인 이상 여행(가족 외),2.0,36.0,4.333333333333333,58300.0,5.0,0,0,0.1220936194850533
3,7,70970,7,med,2,40,2,9,2인 가족 여행,1.0,11.0,2.333333333333333,23656.666666666668,2.333333333333333,0,0,0.026194157392934476
2,4,44800,8,low,2,30,7,3,정보없음,1.0,36.0,2.0,22400.0,4.0,0,0,0.10435738419058722
2,12,68200,14,med,2,50,9,1,나홀로 여행,0.0,11.0,6.0,34100.0,7.0,0,0,0.0024704562085031325
1,5,47800,7,med,2,30,6,7,나홀로 여행,0.0,41.0,5.0,47800.0,7.0,0,0,0.24742305240778173
2,6,21300,5,low,2,40,7,1,나홀로 여행,0.0,41.0,3.0,10650.0,2.5,0,0,0.20334713029907012
2,7,7000,8,low,2,30,5,8,나홀로 여행,0.0,41.0,3.5,3500.0,4.0,0,0,0.24528070627863027
4,20,618300,33,high,1,30,6,3,자녀 동반 여행,3.0,44.0,5.0,154575.0,8.25,0,0,0.0870723863274485
2,9,7500,13,low,2,30,7,3,정보없음,1.0,36.0,4.5,3750.0,6.5,0,0,0.16757199970211387
5,16,96600,10,med,1,30,7,1,나홀로 여행,0.0,29.0,3.2,19320.0,2.0,0,0,0.03617703069029085
3,8,23500,7,low,1,30,5,7,나홀로 여행,0.0,41.0,2.6666666666666665,7833.333333333333,2.333333333333333,0,0,0.09342804338509295
3,9,82310,12,med,1,20,10,3,2인 여행(가족 외),1.0,42.0,3.0,27436.666666666668,4.0,0,0,0.054507515686136876
2,9,70300,9,med,2,20,4,3,2인 여행(가족 외),1.0,45.0,4.5,35150.0,4.5,0,0,0.2648401319191798
2,7,99000,10,med,1,20,8,2,2인 여행(가족 외),1.0,11.0,3.5,49500.0,5.0,0,0,0.057608243105306496
3,9,30100,17,low,2,20,7,4,나홀로 여행,0.0,41.0,3.0,10033.333333333334,5.666666666666667,0,0,0.008390751915291712
2,7,44800,9,low,2,30,10,3,자녀 동반 여행,2.0,11.0,3.5,22400.0,4.5,0,0,0.1301070416287231
2,7,43000,6,low,2,20,1,1,2인 여행(가족 외),1.0,41.0,3.5,21500.0,3.0,0,0,0.35589796358318515
4,9,699910,12,high,2,20,4,3,3인 이상 여행(가족 외),5.0,27.0,2.25,174977.5,3.0,0,0,0.2916987544664815
2,6,59000,5,med,2,20,6,5,나홀로 여행,0.0,41.0,3.0,29500.0,2.5,0,0,0.22216932826352379
2,5,289000,6,high,2,30,7,2,3대 동반 여행(친척 포함),4.0,11.0,2.5,144500.0,3.0,0,0,0.23291636453156359
2,8,62500,7,med,1,20,7,2,나홀로 여행,0.0,41.0,4.0,31250.0,3.5,0,0,0.2689237939048274
4,21,36000,22,low,2,30,7,7,2인 여행(가족 외),1.0,36.0,5.25,9000.0,5.5,0,0,0.020310621732986242
2,4,17600,8,low,1,50,4,8,2인 가족 여행,1.0,41.0,2.0,8800.0,4.0,0,0,0.03268378622637869
2,5,45550,9,low,2,30,12,5,나홀로 여행,0.0,11.0,2.5,22775.0,4.5,0,0,0.07374159792865534
3,9,129820,12,med,1,20,7,2,2인 여행(가족 외),1.0,41.0,3.0,43273.333333333336,4.0,0,0,0.029146468513041483
3,11,276500,9,high,2,30,11,3,3인 이상 여행(가족 외),3.0,44.0,3.6666666666666665,92166.66666666669,3.0,0,0,0.09496977072307898
3,9,192400,10,high,2,40,5,2,2인 여행(가족 외),1.0,41.0,3.0,64133.333333333336,3.333333333333333,0,0,0.09423329332852878
2,11,157310,13,high,2,20,11,1,나홀로 여행,0.0,11.0,5.5,78655.0,6.5,0,0,0.023793845797044102
2,6,20500,5,low,2,30,7,3,정보없음,1.0,36.0,3.0,10250.0,2.5,0,0,0.3420614842881695
2,4,63000,5,med,2,30,12,1,자녀 동반 여행,2.0,41.0,2.0,31500.0,2.5,0,0,0.28392486480087686
2,4,40000,3,low,1,30,7,3,자녀 동반 여행,2.0,11.0,2.0,20000.0,1.5,0,0,0.3723077013624464
2,3,35800,7,low,2,30,4,1,자녀 동반 여행,1.0,41.0,1.5,17900.0,3.5,0,0,0.3076566734993039
2,4,46000,3,med,2,40,7,1,나홀로 여행,0.0,41.0,2.0,23000.0,1.5,0,0,0.37981228365189296
2,8,81500,6,med,2,30,9,9,2인 가족 여행,1.0,11.0,4.0,40750.0,3.0,0,0,0.08390258469521518
9,33,542300,42,high,1,20,7,1,2인 여행(가족 외),1.0,27.0,3.6666666666666665,60255.55555555556,4.666666666666667,0,0,0.027310640326103756
2,11,169000,10,high,2,30,9,8,2인 여행(가족 외),1.0,45.0,5.5,84500.0,5.0,0,0,0.18680054082631758
2,3,48000,2,med,1,40,6,3,3인 이상 여행(가족 외),4.0,11.0,1.5,24000.0,1.0,0,0,0.10016456533976993
2,9,44000,10,low,1,60,7,8,나홀로 여행,0.0,11.0,4.5,22000.0,5.0,0,0,0.018870670249886687
5,36,594800,45,high,1,30,11,8,자녀 동반 여행,2.0,47.0,7.2,118960.0,9.0,0,0,0.06938904890905362
3,12,150200,15,med,2,20,7,1,나홀로 여행,0.0,11.0,4.0,50066.66666666666,5.0,0,0,0.01573497720933705
2,5,34750,11,low,2,20,7,2,나홀로 여행,0.0,41.0,2.5,17375.0,5.5,0,0,0.004972342173857239
2,5,30400,10,low,2,40,11,3,자녀 동반 여행,1.0,41.0,2.5,15200.0,5.0,0,0,0.05931749608570546
4,18,285650,17,high,2,30,7,3,정보없음,1.0,36.0,4.5,71412.5,4.25,0,0,0.09303123291252098
3,11,87500,13,med,2,20,9,2,2인 가족 여행,1.0,47.0,3.6666666666666665,29166.666666666668,4.333333333333333,0,0,0.01798141725768652
2,5,51000,8,med,1,40,8,2,2인 가족 여행,1.0,41.0,2.5,25500.0,4.0,0,0,0.021245433789238776
3,7,129180,8,med,1,20,6,2,3인 이상 여행(가족 외),3.0,41.0,2.333333333333333,43060.0,2.6666666666666665,0,0,0.2708642617765101
2,7,92500,10,med,1,20,7,2,2인 여행(가족 외),1.0,11.0,3.5,46250.0,5.0,0,0,0.09873661600409502
4,28,140890,32,med,1,20,7,1,나홀로 여행,0.0,41.0,7.0,35222.5,8.0,0,0,0.22199883060580117
4,24,2469500,24,high,1,50,9,4,나홀로 여행,0.0,41.0,6.0,617375.0,6.0,0,0,0.050593671606511584
1,1,123400,6,med,2,30,7,3,정보없음,1.0,36.0,1.0,123400.0,6.0,0,0,0.22578739993311875
2,11,175400,11,high,2,60,8,3,2인 가족 여행,1.0,11.0,5.5,87700.0,5.5,0,0,0.2850309404785322
3,10,94600,7,med,2,20,7,1,2인 여행(가족 외),1.0,41.0,3.333333333333333,31533.33333333333,2.333333333333333,0,0,0.23614871508947102
2,6,73600,6,med,2,30,6,6,자녀 동반 여행,3.0,11.0,3.0,36800.0,3.0,0,0,0.10293509940086562
2,8,32000,7,low,1,40,7,2,나홀로 여행,0.0,11.0,4.0,16000.0,3.5,0,0,0.34016477227359543
4,10,470640,9,high,1,40,11,2,3인 이상 여행(가족 외),3.0,41.0,2.5,117660.0,2.25,0,0,0.0158366404182245
2,6,109500,6,med,2,30,12,3,자녀 동반 여행,2.0,11.0,3.0,54750.0,3.0,0,0,0.3727590655280438
3,14,412500,16,high,2,30,6,1,나홀로 여행,0.0,30.0,4.666666666666667,137500.0,5.333333333333333,0,0,0.01802415359090705
3,10,162500,7,high,1,40,7,2,2인 여행(가족 외),1.0,41.0,3.333333333333333,54166.66666666666,2.333333333333333,0,0,0.059512443946288594
1,1,404000,2,high,1,40,12,3,3인 이상 여행(가족 외),3.0,11.0,1.0,404000.0,2.0,0,0,0.14626158863393784
4,22,111400,24,med,1,20,7,1,2인 여행(가족 외),1.0,43.0,5.5,27850.0,6.0,0,0,0.2831484559773598
2,7,71200,7,med,2,30,7,6,2인 여행(가족 외),1.0,41.0,3.5,35600.0,3.5,0,0,0.22941458674298612
3,12,78600,14,med,2,30,7,2,3대 동반 여행(친척 포함),2.0,41.0,4.0,26200.0,4.666666666666667,0,0,0.01674043646013668
2,4,54500,8,med,1,20,7,1,나홀로 여행,0.0,41.0,2.0,27250.0,4.0,0,0,0.03273967808746589
2,3,137500,8,med,2,20,7,2,2인 여행(가족 외),1.0,11.0,1.5,68750.0,4.0,0,0,0.013208949034243533
3,19,149300,28,med,1,20,7,1,2인 여행(가족 외),1.0,11.0,6.333333333333333,49766.66666666666,9.333333333333334,0,0,0.1048855909403246
2,5,73560,8,med,2,30,7,3,2인 여행(가족 외),1.0,11.0,2.5,36780.0,4.0,0,0,0.04020188654359669
2,10,14600,6,low,2,30,7,3,정보없음,1.0,36.0,5.0,7300.0,3.0,0,0,0.2666745494876524
3,4,31000,5,low,2,50,11,3,3인 이상 여행(가족 외),2.0,11.0,1.3333333333333333,10333.333333333334,1.6666666666666667,0,0,0.02067002251651478
3,19,131100,27,med,2,30,7,3,정보없음,1.0,36.0,6.333333333333333,43700.0,9.0,0,0,0.1111560718567659
2,12,138500,10,med,2,20,7,2,2인 여행(가족 외),1.0,41.0,6.0,69250.0,5.0,0,0,0.24066757045487253
4,18,180850,19,high,2,30,7,3,정보없음,1.0,36.0,4.5,45212.5,4.75,0,0,0.043674675763091565
3,9,229500,8,high,1,20,6,3,2인 여행(가족 외),1.0,41.0,3.0,76500.0,2.6666666666666665,0,0,0.04643590609338825
2,3,68500,2,med,1,30,12,5,2인 가족 여행,1.0,41.0,1.5,34250.0,1.0,0,0,0.17162069502167307
3,13,67400,12,med,2,30,7,3,정보없음,1.0,36.0,4.333333333333333,22466.666666666668,4.0,0,0,0.08589305077887584
2,5,44500,5,low,2,30,12,8,나홀로 여행,0.0,11.0,2.5,22250.0,2.5,0,0,0.0907726421257756
2,7,81600,7,med,2,40,10,3,2인 가족 여행,1.0,41.0,3.5,40800.0,3.5,0,0,0.22253912545339485
2,3,71150,9,med,1,30,9,6,자녀 동반 여행,2.0,41.0,1.5,35575.0,4.5,0,0,0.040059413437633196
2,10,27500,14,low,2,30,7,3,정보없음,1.0,36.0,5.0,13750.0,7.0,0,0,0.36025936363354216
2,7,9640,11,low,1,20,4,3,부모 동반 여행,3.0,41.0,3.5,4820.0,5.5,0,0,0.017105798651739067
2,7,9000,7,low,2,30,7,3,정보없음,1.0,36.0,3.5,4500.0,3.5,0,0,0.06336750982977428
4,13,1751800,18,high,1,30,6,9,2인 여행(가족 외),1.0,41.0,3.25,437950.0,4.5,0,0,0.028451988157513684
2,7,118000,7,med,1,30,7,2,나홀로 여행,0.0,27.0,3.5,59000.0,3.5,0,0,0.19141585098259056
2,4,28000,3,low,2,40,9,3,2인 가족 여행,1.0,11.0,2.0,14000.0,1.5,0,0,0.05223869620122306
2,7,135800,5,med,2,20,3,3,2인 여행(가족 외),1.0,41.0,3.5,67900.0,2.5,0,0,0.31800910815617667
3,14,155300,16,high,1,20,12,1,2인 여행(가족 외),1.0,41.0,4.666666666666667,51766.66666666666,5.333333333333333,0,0,0.029988340554195674
2,6,139700,9,med,1,30,7,9,3인 이상 여행(가족 외),2.0,41.0,3.0,69850.0,4.5,0,0,0.3143795937537163
2,7,54100,14,med,2,20,7,1,나홀로 여행,0.0,11.0,3.5,27050.0,7.0,0,0,0.045042305549092165
2,8,239900,15,high,1,20,8,3,2인 가족 여행,1.0,28.0,4.0,119950.0,7.5,0,0,0.013686958861546913
2,8,282500,9,high,2,20,7,2,2인 가족 여행,1.0,41.0,4.0,141250.0,4.5,0,0,0.07822830397942854
2,3,84000,4,med,2,50,5,2,2인 가족 여행,1.0,28.0,1.5,42000.0,2.0,0,0,0.383920687808696
4,26,79650,26,med,2,30,7,3,정보없음,1.0,36.0,6.5,19912.5,6.5,0,0,0.03245302812464403
4,17,70890,21,med,2,30,7,3,정보없음,1.0,36.0,4.25,17722.5,5.25,0,0,0.03555278748118871
3,11,56200,14,med,1,40,10,8,2인 여행(가족 외),1.0,41.0,3.6666666666666665,18733.33333333333,4.666666666666667,0,0,0.022205424776685755
2,5,25500,7,low,2,40,10,4,나홀로 여행,0.0,41.0,2.5,12750.0,3.5,0,0,0.2439367984326693
3,8,209700,12,high,1,30,6,10,2인 가족 여행,1.0,41.0,2.6666666666666665,69900.0,4.0,0,0,0.24449394997954738
3,8,320000,15,high,2,20,9,5,나홀로 여행,1.0,11.0,2.6666666666666665,106666.66666666669,5.0,0,0,0.12229769830852578
2,9,310700,9,high,1,20,7,3,2인 가족 여행,1.0,47.0,4.5,155350.0,4.5,0,0,0.025658708192624047
2,10,39200,8,low,2,50,12,1,2인 가족 여행,1.0,41.0,5.0,19600.0,4.0,0,0,0.16248397997381017
2,8,127500,9,med,2,20,4,1,나홀로 여행,0.0,41.0,4.0,63750.0,4.5,0,0,0.05233957293038152
3,15,74600,20,med,1,20,7,6,나홀로 여행,0.0,43.0,5.0,24866.666666666668,6.666666666666667,0,0,0.055361404534606404
4,16,430500,21,high,2,20,7,1,2인 가족 여행,1.0,41.0,4.0,107625.0,5.25,0,0,0.18138974309907283
2,5,156500,6,high,1,20,7,2,2인 여행(가족 외),1.0,41.0,2.5,78250.0,3.0,0,0,0.1151772376027048
1,3,128740,9,med,1,30,9,1,부모 동반 여행,4.0,11.0,3.0,128740.0,9.0,0,0,0.002289875288509296
2,7,118400,13,med,2,20,10,7,나홀로 여행,0.0,41.0,3.5,59200.0,6.5,0,0,0.0882114902532269
3,5,84000,7,med,2,40,11,1,자녀 동반 여행,3.0,41.0,1.6666666666666667,28000.0,2.333333333333333,0,0,0.307032132813659
2,4,78000,5,med,2,30,7,2,2인 여행(가족 외),0.0,41.0,2.0,39000.0,2.5,0,0,0.3755683564606522
2,8,80200,7,med,1,20,7,3,2인 여행(가족 외),1.0,11.0,4.0,40100.0,3.5,0,0,0.18238147014980705
2,7,145500,10,med,2,30,4,1,2인 여행(가족 외),1.0,11.0,3.5,72750.0,5.0,0,0,0.1041815591306706
3,13,292800,12,high,2,30,11,2,2인 여행(가족 외),1.0,26.0,4.333333333333333,97600.0,4.0,0,0,0.04000915443458366
3,14,341600,25,high,2,20,7,1,2인 여행(가족 외),1.0,41.0,4.666666666666667,113866.66666666669,8.333333333333334,0,0,0.12305964983469325
6,12,69600,8,med,1,30,6,8,자녀 동반 여행,1.0,50.0,2.0,11600.0,1.3333333333333333,0,0,0.12239290587679208
3,9,127600,8,med,1,40,4,1,2인 여행(가족 외),1.0,26.0,3.0,42533.333333333336,2.6666666666666665,0,0,0.3478552644359574
3,9,72400,13,med,2,30,7,3,정보없음,1.0,36.0,3.0,24133.33333333333,4.333333333333333,0,0,0.08889074942474491
2,5,48000,7,med,2,30,4,2,나홀로 여행,0.0,11.0,2.5,24000.0,3.5,0,0,0.11440074155808702
2,4,103000,7,med,2,30,7,1,2인 여행(가족 외),1.0,11.0,2.0,51500.0,3.5,0,0,0.06309978720229126
4,9,186500,11,high,1,30,6,3,자녀 동반 여행,3.0,28.0,2.25,46625.0,2.75,0,0,0.25446762903116005
3,13,347000,16,high,1,30,8,2,2인 가족 여행,1.0,41.0,4.333333333333333,115666.66666666669,5.333333333333333,0,0,0.027081189205507405
2,5,54500,5,med,1,50,7,2,2인 가족 여행,1.0,11.0,2.5,27250.0,2.5,0,0,0.3192978612505705
1,5,59400,8,med,1,40,11,1,자녀 동반 여행,3.0,50.0,5.0,59400.0,8.0,0,0,0.03509767140273117
2,5,87000,6,med,2,40,11,1,3인 이상 여행(가족 외),2.0,41.0,2.5,43500.0,3.0,0,0,0.1825419389803782
3,9,200110,18,high,2,30,7,3,정보없음,1.0,36.0,3.0,66703.33333333333,6.0,0,0,0.03717784036410642
2,5,114750,7,med,2,20,9,3,2인 여행(가족 외),1.0,11.0,2.5,57375.0,3.5,0,0,0.27121513639649475
2,17,61600,22,med,2,40,6,8,나홀로 여행,0.0,11.0,8.5,30800.0,11.0,0,0,0.004404344672767152
4,18,182020,15,high,1,20,9,3,2인 여행(가족 외),1.0,48.0,4.5,45505.0,3.75,0,0,0.008903195873363265
2,8,17700,10,low,2,20,6,7,2인 여행(가족 외),1.0,27.0,4.0,8850.0,5.0,0,0,0.003890489339811149
5,15,327498,12,high,1,20,6,1,2인 여행(가족 외),1.0,47.0,3.0,65499.6,2.4,0,0,0.02953165115611391
1,4,124000,10,med,2,30,7,3,정보없음,1.0,36.0,4.0,124000.0,10.0,0,0,0.1758416718454704
2,7,76300,4,med,2,30,7,5,나홀로 여행,0.0,11.0,3.5,38150.0,2.0,0,0,0.2909929820989621
2,4,57000,5,med,1,40,8,3,자녀 동반 여행,3.0,11.0,2.0,28500.0,2.5,0,0,0.09699643730416742
4,10,218240,14,high,1,20,5,7,2인 여행(가족 외),1.0,41.0,2.5,54560.0,3.5,0,0,0.02818450838306585
2,8,72000,6,med,2,50,11,7,3인 이상 여행(가족 외),3.0,11.0,4.0,36000.0,3.0,0,0,0.07456433320265315
2,4,135300,4,med,1,30,7,1,나홀로 여행,0.0,11.0,2.0,67650.0,2.0,0,0,0.08914228475121125
3,6,145000,10,med,1,40,7,1,2인 여행(가족 외),1.0,41.0,2.0,48333.333333333336,3.333333333333333,0,0,0.3100081692880764
2,6,40600,7,low,1,50,6,1,2인 가족 여행,1.0,28.0,3.0,20300.0,3.5,0,0,0.27892760642186426
2,9,57700,10,med,2,30,7,3,정보없음,1.0,36.0,4.5,28850.0,5.0,0,0,0.38849429906076793
3,5,84000,6,med,1,20,3,3,3인 이상 여행(가족 외),2.0,11.0,1.6666666666666667,28000.0,2.0,0,0,0.3957134507967546
1,8,61400,11,med,1,30,5,1,나홀로 여행,0.0,41.0,8.0,61400.0,11.0,0,0,0.004952511682656308
2,4,72050,5,med,1,30,9,3,자녀 동반 여행,3.0,41.0,2.0,36025.0,2.5,0,0,0.10115637632124394
3,14,514500,17,high,2,30,6,9,2인 가족 여행,1.0,50.0,4.666666666666667,171500.0,5.666666666666667,0,0,0.33067037393502596
2,2,48000,7,med,1,40,7,3,2인 가족 여행,1.0,28.0,1.0,24000.0,3.5,0,0,0.008847692147131525
2,6,121000,4,med,1,20,8,7,나홀로 여행,0.0,41.0,3.0,60500.0,2.0,0,0,0.34182478504421554
2,4,36000,2,low,2,20,6,5,2인 가족 여행,1.0,11.0,2.0,18000.0,1.0,0,0,0.11576173845591287
3,14,155700,15,high,2,20,4,3,2인 여행(가족 외),1.0,45.0,4.666666666666667,51900.0,5.0,0,0,0.05880166832362097
2,8,43600,8,low,1,20,4,1,3인 이상 여행(가족 외),1.0,28.0,4.0,21800.0,4.0,0,0,0.2064514931552458
3,12,47860,11,med,2,30,5,3,자녀 동반 여행,1.0,29.0,4.0,15953.333333333334,3.6666666666666665,0,0,0.036945425980614136
2,6,52000,7,med,1,20,5,1,2인 여행(가족 외),1.0,41.0,3.0,26000.0,3.5,0,0,0.0819303830967235
2,7,129500,6,med,2,40,9,7,자녀 동반 여행,2.0,28.0,3.5,64750.0,3.0,0,0,0.36087598593353243
3,14,647500,8,high,1,20,7,1,2인 여행(가족 외),1.0,41.0,4.666666666666667,215833.3333333333,2.6666666666666665,0,0,0.14274252142632274
4,19,263250,19,high,2,20,3,3,2인 여행(가족 외),1.0,41.0,4.75,65812.5,4.75,0,0,0.006449503632204477
4,38,131060,38,med,2,30,7,1,나홀로 여행,0.0,30.0,9.5,32765.0,9.5,0,0,0.16126860718286432
4,24,380400,29,high,2,60,12,2,2인 가족 여행,1.0,30.0,6.0,95100.0,7.25,0,0,0.030231679293182795
2,4,163840,7,high,1,30,10,1,나홀로 여행,0.0,11.0,2.0,81920.0,3.5,0,0,0.36703560546727165
1,3,63500,5,med,1,20,5,1,나홀로 여행,0.0,41.0,3.0,63500.0,5.0,0,0,0.007789343566692244
2,5,45800,4,med,2,30,7,2,나홀로 여행,0.0,28.0,2.5,22900.0,2.0,0,0,0.3273288337860511
2,4,317910,5,high,2,30,9,1,자녀 동반 여행,1.0,11.0,2.0,158955.0,2.5,0,0,0.2895901575730425
2,9,95500,8,med,2,30,7,3,정보없음,1.0,36.0,4.5,47750.0,4.0,0,0,0.2807145388978402
3,18,178750,25,high,1,20,10,5,2인 가족 여행,1.0,11.0,6.0,59583.333333333336,8.333333333333334,0,0,0.13024424962307118
2,5,34000,6,low,1,20,7,3,2인 여행(가족 외),1.0,41.0,2.5,17000.0,3.0,0,0,0.10382438287438754
2,8,66400,9,med,1,30,7,2,나홀로 여행,0.0,41.0,4.0,33200.0,4.5,0,0,0.3254347540560331
2,10,18400,11,low,1,20,7,2,나홀로 여행,0.0,41.0,5.0,9200.0,5.5,0,0,0.0358754371316258
3,11,48600,18,med,2,20,8,1,나홀로 여행,0.0,44.0,3.6666666666666665,16200.0,6.0,0,0,0.1212734179388273
3,7,109500,7,med,1,30,10,1,2인 가족 여행,1.0,41.0,2.333333333333333,36500.0,2.333333333333333,0,0,0.3734443848534826
3,5,76100,8,med,1,50,8,3,자녀 동반 여행,2.0,41.0,1.6666666666666667,25366.666666666668,2.6666666666666665,0,0,0.0410306753258319
2,10,47400,8,med,1,30,6,2,나홀로 여행,0.0,41.0,5.0,23700.0,4.0,0,0,0.1307936635321576
3,7,139490,8,med,1,40,5,2,자녀 동반 여행,3.0,28.0,2.333333333333333,46496.66666666666,2.6666666666666665,0,0,0.19792350523849583
2,3,52000,3,med,1,40,12,1,2인 가족 여행,1.0,11.0,1.5,26000.0,1.5,0,0,0.18100968170693377
2,6,378700,11,high,2,60,12,3,자녀 동반 여행,1.0,11.0,3.0,189350.0,5.5,0,0,0.008226253695337013
3,20,246500,19,high,1,20,7,1,나홀로 여행,0.0,41.0,6.666666666666667,82166.66666666667,6.333333333333333,0,0,0.09321982014778356
3,15,307600,17,high,1,20,4,3,2인 여행(가족 외),1.0,41.0,5.0,102533.33333333331,5.666666666666667,0,0,0.006104590100404256
3,9,160600,10,high,2,30,6,10,나홀로 여행,1.0,27.0,3.0,53533.333333333336,3.333333333333333,0,0,0.12819336317993119
2,7,71800,5,med,2,30,7,3,정보없음,1.0,36.0,3.5,35900.0,2.5,0,0,0.2909905586100435
2,7,46000,13,med,1,20,7,7,3인 이상 여행(가족 외),3.0,44.0,3.5,23000.0,6.5,0,0,0.053496416603228125
1,5,47000,6,med,2,30,8,8,2인 가족 여행,1.0,11.0,5.0,47000.0,6.0,0,0,0.0166471364586448
3,20,149600,21,med,1,20,7,4,나홀로 여행,0.0,11.0,6.666666666666667,49866.66666666666,7.0,0,0,0.35921553181705
2,6,27000,9,low,1,20,5,1,2인 여행(가족 외),1.0,28.0,3.0,13500.0,4.5,0,0,0.13554916100061606
4,18,327200,23,high,2,20,6,1,나홀로 여행,1.0,26.0,4.5,81800.0,5.75,0,0,0.028095329308000076
5,28,522190,23,high,2,30,7,1,나홀로 여행,0.0,42.0,5.6,104438.0,4.6,0,0,0.1177576535779709
2,3,85300,2,med,2,30,12,3,자녀 동반 여행,2.0,11.0,1.5,42650.0,1.0,0,0,0.35962162152272015
3,8,32000,7,low,2,50,11,4,나홀로 여행,0.0,41.0,2.6666666666666665,10666.666666666666,2.333333333333333,0,0,0.01622488968848535
4,11,220250,20,high,2,30,7,3,정보없음,1.0,36.0,2.75,55062.5,5.0,0,0,0.011677550774901482
2,5,84000,5,med,2,20,7,3,2인 여행(가족 외),1.0,41.0,2.5,42000.0,2.5,0,0,0.3314129674511997
3,9,531809,9,high,2,40,8,2,3인 이상 여행(가족 외),7.0,41.0,3.0,177269.66666666666,3.0,0,0,0.10470222277022843
3,14,213000,13,high,2,20,6,3,2인 여행(가족 외),1.0,26.0,4.666666666666667,71000.0,4.333333333333333,0,0,0.07209316833573107
4,16,131100,21,med,2,30,7,1,2인 여행(가족 외),1.0,41.0,4.0,32775.0,5.25,0,0,0.33646971036386947
2,8,65000,6,med,2,30,7,3,정보없음,1.0,36.0,4.0,32500.0,3.0,0,0,0.3799650338587705
3,8,90800,6,med,1,20,7,2,2인 여행(가족 외),1.0,11.0,2.6666666666666665,30266.666666666668,2.0,0,0,0.14103958499401217
3,10,207900,11,high,1,20,5,7,3인 이상 여행(가족 외),3.0,41.0,3.333333333333333,69300.0,3.6666666666666665,0,0,0.2888196940042692
3,4,4000,8,low,1,30,7,6,나홀로 여행,0.0,11.0,1.3333333333333333,1333.3333333333333,2.6666666666666665,0,0,0.23916429559931127
3,12,395700,14,high,2,30,6,5,부모 동반 여행,3.0,11.0,4.0,131900.0,4.666666666666667,0,0,0.1794256754623377
2,5,74650,6,med,2,30,7,5,나홀로 여행,0.0,11.0,2.5,37325.0,3.0,0,0,0.03929725294966257
2,4,39600,4,low,2,50,12,3,2인 가족 여행,1.0,11.0,2.0,19800.0,2.0,0,0,0.09060363691088996
2,10,14100,13,low,1,20,7,6,나홀로 여행,0.0,28.0,5.0,7050.0,6.5,0,0,0.013227780304274456
2,13,71400,15,med,2,20,7,1,2인 여행(가족 외),1.0,41.0,6.5,35700.0,7.5,0,0,0.15767799052571646
2,5,38000,6,low,2,20,12,2,2인 가족 여행,1.0,11.0,2.5,19000.0,3.0,0,0,0.23963624139338252
3,16,184500,15,high,2,20,7,1,2인 여행(가족 외),1.0,29.0,5.333333333333333,61500.0,5.0,0,0,0.10934190795632547
3,5,429780,9,high,2,60,8,9,3대 동반 여행(친척 포함),9.0,11.0,1.6666666666666667,143260.0,3.0,0,0,0.12422595737240279
6,12,353650,9,high,1,40,6,2,3대 동반 여행(친척 포함),4.0,26.0,2.0,58941.66666666666,1.5,0,0,0.042999921134165855
3,12,325500,12,high,2,20,8,3,2인 여행(가족 외),1.0,26.0,4.0,108500.0,4.0,0,0,0.10026522575316527
2,4,77880,3,med,2,30,7,3,정보없음,1.0,36.0,2.0,38940.0,1.5,0,0,0.21649310274106456
2,4,62000,5,med,1,30,7,1,자녀 동반 여행,3.0,41.0,2.0,31000.0,2.5,0,0,0.053591501656672764
2,7,105400,5,med,1,40,5,5,나홀로 여행,0.0,41.0,3.5,52700.0,2.5,0,0,0.2191416240166556
2,5,198200,9,high,2,40,8,1,나홀로 여행,0.0,41.0,2.5,99100.0,4.5,0,0,0.06261767322525934
3,9,187900,8,high,1,40,6,1,자녀 동반 여행,3.0,41.0,3.0,62633.333333333336,2.6666666666666665,0,0,0.3001361392150445
2,5,84000,4,med,1,20,8,1,나홀로 여행,0.0,11.0,2.5,42000.0,2.0,0,0,0.20055284119491773
2,7,24000,9,low,2,20,6,1,2인 여행(가족 외),1.0,41.0,3.5,12000.0,4.5,0,0,0.10660024567033294
5,9,938430,10,high,2,40,9,2,자녀 동반 여행,4.0,11.0,1.8,187686.0,2.0,0,0,0.3438387332309737
1,8,76100,13,med,2,30,7,3,정보없음,1.0,36.0,8.0,76100.0,13.0,0,0,0.03322680926243272
2,5,8100,4,low,2,30,7,6,나홀로 여행,0.0,11.0,2.5,4050.0,2.0,0,0,0.3864597632520238
2,7,225000,7,high,1,20,5,6,나홀로 여행,0.0,41.0,3.5,112500.0,3.5,0,0,0.039991835165774405
3,6,114180,12,med,2,20,7,2,2인 여행(가족 외),1.0,11.0,2.0,38060.0,4.0,0,0,0.015313063384063465
4,8,80700,16,med,2,20,6,8,2인 여행(가족 외),0.0,28.0,2.0,20175.0,4.0,0,0,0.024764429279061993
2,4,43200,4,low,2,60,12,3,2인 가족 여행,1.0,28.0,2.0,21600.0,2.0,0,0,0.1271849675236491
3,11,181920,11,high,2,30,7,2,2인 여행(가족 외),1.0,11.0,3.6666666666666665,60640.0,3.6666666666666665,0,0,0.11572676634682648
3,10,184400,12,high,2,20,8,4,부모 동반 여행,2.0,41.0,3.333333333333333,61466.66666666666,4.0,0,0,0.2838738430107842
3,9,99100,7,med,1,20,8,7,2인 여행(가족 외),1.0,41.0,3.0,33033.333333333336,2.333333333333333,0,0,0.1461383224200013
2,6,50600,6,med,1,20,9,3,나홀로 여행,1.0,11.0,3.0,25300.0,3.0,0,0,0.09660819643630814
2,8,23500,7,low,1,40,8,8,2인 가족 여행,1.0,41.0,4.0,11750.0,3.5,0,0,0.03494430335094147
3,7,48500,9,med,2,40,10,3,자녀 동반 여행,2.0,11.0,2.333333333333333,16166.666666666666,3.0,0,0,0.026814010665020604
3,13,266400,15,high,1,40,9,1,자녀 동반 여행,3.0,29.0,4.333333333333333,88800.0,5.0,0,0,0.028629575965417625
3,10,256700,15,high,2,20,6,1,2인 여행(가족 외),1.0,29.0,3.333333333333333,85566.66666666667,5.0,0,0,0.054745063296582165
1,3,203928,6,high,1,40,8,1,자녀 동반 여행,3.0,11.0,3.0,203928.0,6.0,0,0,0.05783753934604167
3,8,78000,18,med,1,30,8,8,자녀 동반 여행,2.0,11.0,2.6666666666666665,26000.0,6.0,0,0,0.0024796992165169677
4,15,256750,15,high,2,20,10,3,3인 이상 여행(가족 외),2.0,45.0,3.75,64187.5,3.75,0,0,0.19004559237806556
3,4,6000,1,low,2,30,6,4,나홀로 여행,0.0,42.0,1.3333333333333333,2000.0,0.3333333333333333,0,0,0.2958372902792239
2,7,30400,7,low,2,20,7,2,나홀로 여행,0.0,41.0,3.5,15200.0,3.5,0,0,0.15287197097149083
2,6,119900,13,med,2,20,7,4,2인 여행(가족 외),1.0,11.0,3.0,59950.0,6.5,0,0,0.05371972553941423
2,7,81500,8,med,2,20,5,1,나홀로 여행,0.0,41.0,3.5,40750.0,4.0,0,0,0.07090841854648455
3,12,382500,12,high,1,40,7,3,3인 이상 여행(가족 외),4.0,41.0,4.0,127500.0,4.0,0,0,0.2676725797178221
3,8,141100,15,med,2,30,9,1,2인 여행(가족 외),1.0,11.0,2.6666666666666665,47033.333333333336,5.0,0,0,0.06562214181817211
2,4,7900,5,low,2,30,7,3,정보없음,1.0,36.0,2.0,3950.0,2.5,0,0,0.1069627263648512
2,4,76900,6,med,2,20,7,2,2인 여행(가족 외),1.0,41.0,2.0,38450.0,3.0,0,0,0.39524879428699916
2,6,177000,4,high,2,30,10,3,자녀 동반 여행,3.0,11.0,3.0,88500.0,2.0,0,0,0.332289563177919
2,4,74000,4,med,2,20,7,2,2인 여행(가족 외),1.0,11.0,2.0,37000.0,2.0,0,0,0.38057019047752555
2,3,24000,7,low,2,40,9,3,3인 이상 여행(가족 외),2.0,11.0,1.5,12000.0,3.5,0,0,0.04293531083034404
2,6,117660,10,med,2,30,10,3,자녀 동반 여행,1.0,11.0,3.0,58830.0,5.0,0,0,0.06742155939597871
2,6,169500,7,high,1,40,5,2,자녀 동반 여행,2.0,28.0,3.0,84750.0,3.5,0,0,0.16491751661939988
4,13,31900,12,low,2,30,7,4,나홀로 여행,0.0,11.0,3.25,7975.0,3.0,0,0,0.09745354781215622
3,5,160100,7,high,2,30,7,7,자녀 동반 여행,3.0,41.0,1.6666666666666667,53366.66666666666,2.333333333333333,0,0,0.14989296690037854
2,12,213600,9,high,2,20,6,2,나홀로 여행,0.0,27.0,6.0,106800.0,4.5,0,0,0.05117701622611532
2,4,50600,6,med,2,30,7,2,2인 가족 여행,1.0,28.0,2.0,25300.0,3.0,0,0,0.26178423215448776
2,7,76100,12,med,2,40,7,1,2인 여행(가족 외),1.0,11.0,3.5,38050.0,6.0,0,0,0.03483665884320131
3,14,108700,12,med,1,20,6,7,2인 여행(가족 외),1.0,26.0,4.666666666666667,36233.333333333336,4.0,0,0,0.04981611384462184
2,4,11000,8,low,2,30,5,2,2인 가족 여행,1.0,11.0,2.0,5500.0,4.0,0,0,0.2258555188533244
3,17,52800,26,med,1,30,4,8,나홀로 여행,0.0,27.0,5.666666666666667,17600.0,8.666666666666666,0,0,0.0024371780213055514
4,15,110800,10,med,2,20,7,1,나홀로 여행,0.0,30.0,3.75,27700.0,2.5,0,0,0.008991749472583726
3,15,202300,18,high,1,20,7,3,2인 여행(가족 외),1.0,41.0,5.0,67433.33333333333,6.0,0,0,0.015419191963592172
2,12,35000,9,low,1,20,6,1,2인 여행(가족 외),1.0,27.0,6.0,17500.0,4.5,0,0,0.082773585397105
2,5,9100,3,low,2,20,7,1,나홀로 여행,0.0,41.0,2.5,4550.0,1.5,0,0,0.06546818275277762
3,6,313200,8,high,1,40,9,3,3인 이상 여행(가족 외),3.0,11.0,2.0,104400.0,2.6666666666666665,0,0,0.11065875206037278
2,16,169100,16,high,1,30,7,1,3인 이상 여행(가족 외),3.0,43.0,8.0,84550.0,8.0,0,0,0.0970724855348155
1,5,83247,5,med,2,30,7,3,정보없음,1.0,36.0,5.0,83247.0,5.0,0,0,0.10283064275318661
3,6,510000,11,high,2,30,7,3,정보없음,1.0,36.0,2.0,170000.0,3.6666666666666665,0,0,0.006393294024115115
2,7,10000,5,low,1,30,11,3,3인 이상 여행(가족 외),3.0,41.0,3.5,5000.0,2.5,0,0,0.2266940732863211
2,6,118500,8,med,2,40,5,4,3인 이상 여행(가족 외),3.0,27.0,3.0,59250.0,4.0,0,0,0.20263612040509754
3,5,170320,15,high,2,30,7,3,정보없음,1.0,36.0,1.6666666666666667,56773.333333333336,5.0,0,0,0.0035346398905906403
2,9,79500,10,med,1,20,7,1,2인 여행(가족 외),1.0,11.0,4.5,39750.0,5.0,0,0,0.2990078022147382
3,13,95800,18,med,2,30,4,1,나홀로 여행,0.0,41.0,4.333333333333333,31933.33333333333,6.0,0,0,0.0425228972014026
3,9,72400,7,med,1,20,8,3,3인 이상 가족 여행(친척 포함),2.0,11.0,3.0,24133.33333333333,2.333333333333333,0,0,0.12711445513832198
3,7,391800,12,high,2,60,7,9,3대 동반 여행(친척 포함),4.0,41.0,2.333333333333333,130600.0,4.0,0,0,0.08110880344809553
2,10,31900,8,low,2,30,7,1,나홀로 여행,0.0,11.0,5.0,15950.0,4.0,0,0,0.3793711268730356
2,7,65100,12,med,2,30,7,3,2인 여행(가족 외),1.0,11.0,3.5,32550.0,6.0,0,0,0.0863468889124152
2,5,13500,7,low,2,30,4,7,나홀로 여행,0.0,42.0,2.5,6750.0,3.5,0,0,0.23222274236898088
2,5,149800,6,med,1,20,7,1,2인 여행(가족 외),1.0,11.0,2.5,74900.0,3.0,0,0,0.08735534741590197
3,9,162900,14,high,2,30,8,3,3인 이상 여행(가족 외),2.0,44.0,3.0,54300.0,4.666666666666667,0,0,0.13802546773971947
3,13,64200,13,med,1,20,7,3,2인 여행(가족 외),1.0,47.0,4.333333333333333,21400.0,4.333333333333333,0,0,0.20344474896837672
3,9,49500,7,med,2,30,7,3,정보없음,1.0,36.0,3.0,16500.0,2.333333333333333,0,0,0.04402316635172987
3,6,170000,13,high,2,20,2,5,3인 이상 여행(가족 외),4.0,28.0,2.0,56666.66666666666,4.333333333333333,0,0,0.08297359321945873
2,3,47000,6,med,2,20,7,9,2인 여행(가족 외),1.0,11.0,1.5,23500.0,3.0,0,0,0.055838554663089394
3,23,347140,29,high,2,20,7,1,3인 이상 여행(가족 외),2.0,48.0,7.666666666666667,115713.33333333331,9.666666666666666,0,0,0.12197002977308949
1,3,24770,5,low,1,40,9,8,자녀 동반 여행,2.0,41.0,3.0,24770.0,5.0,0,0,0.31776916191449417
1,2,101290,12,med,1,40,7,5,나홀로 여행,0.0,48.0,2.0,101290.0,12.0,0,0,0.016710040983999058
2,6,216850,10,high,1,30,12,1,2인 가족 여행,1.0,11.0,3.0,108425.0,5.0,0,0,0.0018476776848599288
2,4,54100,4,med,2,20,8,1,나홀로 여행,0.0,28.0,2.0,27050.0,2.0,0,0,0.3378437263623408
2,7,59800,8,med,2,20,7,1,나홀로 여행,0.0,41.0,3.5,29900.0,4.0,0,0,0.26650208851984636
2,5,40500,4,low,2,40,10,5,나홀로 여행,0.0,11.0,2.5,20250.0,2.0,0,0,0.21909864708502444
5,10,78000,16,med,2,50,9,3,3인 이상 여행(가족 외),2.0,41.0,2.0,15600.0,3.2,0,0,0.0015978928309555898
3,9,137000,11,med,2,20,7,5,2인 여행(가족 외),1.0,11.0,3.0,45666.66666666666,3.6666666666666665,0,0,0.15226150527864074
2,9,139600,8,med,1,20,8,3,2인 여행(가족 외),1.0,41.0,4.5,69800.0,4.0,0,0,0.10793528806374678
2,5,118000,7,med,1,30,6,1,자녀 동반 여행,3.0,11.0,2.5,59000.0,3.5,0,0,0.07591499362284208
4,17,485900,23,high,2,30,6,1,3인 이상 여행(가족 외),3.0,44.0,4.25,121475.0,5.75,0,0,0.09216018901351081
3,15,129350,20,med,2,20,7,1,나홀로 여행,0.0,41.0,5.0,43116.66666666666,6.666666666666667,0,0,0.04157242287069942
1,3,36400,5,low,2,30,7,2,나홀로 여행,0.0,11.0,3.0,36400.0,5.0,0,0,0.137735628518799
2,6,104200,8,med,1,30,8,3,2인 가족 여행,1.0,11.0,3.0,52100.0,4.0,0,0,0.14331867352121025
2,4,7000,5,low,2,20,8,1,2인 여행(가족 외),1.0,41.0,2.0,3500.0,2.5,0,0,0.22686005025298167
2,6,98000,8,med,2,20,12,3,부모 동반 여행,2.0,11.0,3.0,49000.0,4.0,0,0,0.3312983946987534
3,11,41100,11,low,1,40,10,3,자녀 동반 여행,3.0,27.0,3.6666666666666665,13700.0,3.6666666666666665,0,0,0.010504785283007296
2,5,86000,4,med,2,30,7,3,정보없음,1.0,36.0,2.5,43000.0,2.0,0,0,0.3649922322073201
4,10,66800,13,med,2,30,7,3,정보없음,1.0,36.0,2.5,16700.0,3.25,0,0,0.033075168829707416
2,2,53200,5,med,2,30,6,3,2인 가족 여행,1.0,41.0,1.0,26600.0,2.5,0,0,0.39551794312501126
2,6,86000,10,med,1,40,12,2,자녀 동반 여행,1.0,11.0,3.0,43000.0,5.0,0,0,0.01985614419955142
2,5,118400,5,med,2,30,7,1,2인 여행(가족 외),1.0,41.0,2.5,59200.0,2.5,0,0,0.284727201915614
3,7,180500,11,high,2,30,12,2,3인 이상 여행(가족 외),1.0,11.0,2.333333333333333,60166.66666666666,3.6666666666666665,0,0,0.07240945499596238
2,6,65700,4,med,2,20,8,1,나홀로 여행,0.0,41.0,3.0,32850.0,2.0,0,0,0.15602857945063772
1,3,66560,5,med,2,30,7,3,정보없음,1.0,36.0,3.0,66560.0,5.0,0,0,0.20134118619608024
2,3,84000,4,med,2,50,12,1,나홀로 여행,0.0,41.0,1.5,42000.0,2.0,0,0,0.12698155647095602
2,6,73800,4,med,1,30,7,2,나홀로 여행,0.0,28.0,3.0,36900.0,2.0,0,0,0.23376001396285642
3,13,173800,13,high,2,30,8,2,2인 가족 여행,1.0,46.0,4.333333333333333,57933.333333333336,4.333333333333333,0,0,0.048829453409765196
4,9,82980,12,med,2,40,9,2,나홀로 여행,1.0,11.0,2.25,20745.0,3.0,0,0,0.2274337878086346
1,5,67930,4,med,2,30,7,3,정보없음,1.0,36.0,5.0,67930.0,4.0,0,0,0.2362651319640109
4,8,213700,11,high,1,30,7,2,나홀로 여행,0.0,47.0,2.0,53425.0,2.75,0,0,0.021036442208522493
4,5,51000,11,med,2,30,7,2,자녀 동반 여행,3.0,41.0,1.25,12750.0,2.75,0,0,0.006736012108367938
1,4,27000,6,low,1,40,12,2,3대 동반 여행(친척 포함),3.0,11.0,4.0,27000.0,6.0,0,0,0.009101523353015338
2,8,571000,8,high,1,60,7,6,3인 이상 여행(가족 외),9.0,11.0,4.0,285500.0,4.0,0,0,0.23961793350980612
2,5,31500,5,low,2,20,10,1,나홀로 여행,0.0,11.0,2.5,15750.0,2.5,0,0,0.393632360490211
2,7,85800,8,med,2,30,7,3,정보없음,1.0,36.0,3.5,42900.0,4.0,0,0,0.15488208149707094
3,14,257400,13,high,2,50,7,8,나홀로 여행,0.0,50.0,4.666666666666667,85800.0,4.333333333333333,0,0,0.07124922873420109
4,16,274400,25,high,1,20,7,3,2인 여행(가족 외),1.0,41.0,4.0,68600.0,6.25,0,0,0.008496467865214956
2,4,55000,5,med,2,20,7,3,3인 이상 여행(가족 외),3.0,11.0,2.0,27500.0,2.5,0,0,0.35075792530955757
2,6,5500,11,low,2,20,10,1,나홀로 여행,0.0,41.0,3.0,2750.0,5.5,0,0,0.02683290847988123
3,7,54100,12,med,2,20,7,2,나홀로 여행,0.0,41.0,2.333333333333333,18033.33333333333,4.0,0,0,0.019022618528171484
2,3,84000,2,med,2,30,7,3,정보없음,1.0,36.0,1.5,42000.0,1.0,0,0,0.14254712268546169
4,11,184900,12,high,2,30,7,3,정보없음,1.0,36.0,2.75,46225.0,3.0,0,0,0.04510288633362701
2,4,3800,3,low,2,30,7,6,나홀로 여행,0.0,41.0,2.0,1900.0,1.5,0,0,0.19726819488950054
1,3,122500,8,med,1,20,7,8,2인 여행(가족 외),1.0,41.0,3.0,122500.0,8.0,0,0,0.06323771276458261
2,9,124000,9,med,1,60,6,3,자녀 동반 여행,2.0,41.0,4.5,62000.0,4.5,0,0,0.11520023607757732
2,14,189000,17,high,2,20,7,4,나홀로 여행,0.0,27.0,7.0,94500.0,8.5,0,0,0.07587473425942204
3,9,147500,9,med,1,30,3,1,2인 여행(가족 외),1.0,11.0,3.0,49166.66666666666,3.0,0,0,0.22091626230202807
4,11,168900,9,high,2,50,12,2,나홀로 여행,0.0,41.0,2.75,42225.0,2.25,0,0,0.013652453920513721
2,6,35500,7,low,2,20,6,5,나홀로 여행,0.0,41.0,3.0,17750.0,3.5,0,0,0.1138907954926065
2,12,44400,9,low,2,20,6,1,나홀로 여행,0.0,43.0,6.0,22200.0,4.5,0,0,0.29152983949046707
2,2,20600,4,low,1,40,12,1,자녀 동반 여행,3.0,11.0,1.0,10300.0,2.0,0,0,0.14004778172625906
2,6,73000,7,med,1,40,6,6,자녀 동반 여행,2.0,28.0,3.0,36500.0,3.5,0,0,0.24571188692700344
2,4,61500,7,med,2,30,7,3,정보없음,1.0,36.0,2.0,30750.0,3.5,0,0,0.3929227960311474
3,17,167400,14,high,2,20,5,2,나홀로 여행,0.0,29.0,5.666666666666667,55800.0,4.666666666666667,0,0,0.02761965614628652
4,10,203880,11,high,2,50,5,3,2인 여행(가족 외),1.0,11.0,2.5,50970.0,2.75,0,0,0.08910063935450814
2,4,280000,4,high,2,40,8,8,자녀 동반 여행,3.0,11.0,2.0,140000.0,2.0,0,0,0.10154247802923239
4,21,267680,18,high,2,30,3,3,2인 여행(가족 외),1.0,26.0,5.25,66920.0,4.5,0,0,0.013821213032296824
2,4,65500,3,med,2,40,12,1,3인 이상 여행(가족 외),2.0,11.0,2.0,32750.0,1.5,0,0,0.18624860180014832
3,8,108900,11,med,2,20,11,1,나홀로 여행,0.0,41.0,2.6666666666666665,36300.0,3.6666666666666665,0,0,0.02756671393692428
2,5,96900,6,med,2,30,7,1,2인 여행(가족 외),1.0,11.0,2.5,48450.0,3.0,0,0,0.16107141973820807
2,6,10600,11,low,2,30,4,3,2인 여행(가족 외),1.0,41.0,3.0,5300.0,5.5,0,0,0.045938968620448835
2,7,47960,8,med,1,30,5,3,2인 여행(가족 외),1.0,11.0,3.5,23980.0,4.0,0,0,0.21726946064891672
3,6,60000,6,med,1,30,9,1,자녀 동반 여행,2.0,41.0,2.0,20000.0,2.0,0,0,0.3596170963964689
4,23,164930,24,high,2,20,7,4,나홀로 여행,0.0,29.0,5.75,41232.5,6.0,0,0,0.025252963457238996
2,5,45480,7,low,2,20,7,7,2인 여행(가족 외),1.0,41.0,2.5,22740.0,3.5,0,0,0.07966819838560302
3,11,156000,9,high,2,20,4,2,2인 여행(가족 외),1.0,11.0,3.6666666666666665,52000.0,3.0,0,0,0.09294563753951916
3,10,39000,9,low,1,40,5,1,2인 가족 여행,1.0,11.0,3.333333333333333,13000.0,3.0,0,0,0.20794019179551335
2,3,103100,5,med,1,30,10,3,자녀 동반 여행,1.0,41.0,1.5,51550.0,2.5,0,0,0.3729747098927251
2,5,84000,5,med,1,20,11,1,나홀로 여행,0.0,41.0,2.5,42000.0,2.5,0,0,0.04483142076529419
2,7,118600,6,med,1,40,6,8,자녀 동반 여행,3.0,41.0,3.5,59300.0,3.0,0,0,0.3030071258558083
2,11,167000,12,high,2,20,5,1,2인 여행(가족 외),1.0,41.0,5.5,83500.0,6.0,0,0,0.15779340708298603
2,11,136200,9,med,1,20,8,5,2인 여행(가족 외),1.0,11.0,5.5,68100.0,4.5,0,0,0.05101230242645952
4,16,122880,18,med,2,40,6,2,자녀 동반 여행,2.0,41.0,4.0,30720.0,4.5,0,0,0.013662307424876759
4,20,271500,24,high,2,20,5,3,3인 이상 여행(가족 외),2.0,48.0,5.0,67875.0,6.0,0,0,0.07497500542220263
3,7,328780,10,high,2,20,7,1,나홀로 여행,0.0,11.0,2.333333333333333,109593.33333333331,3.333333333333333,0,0,0.13922691185148703
3,15,140100,17,med,2,40,7,8,자녀 동반 여행,3.0,41.0,5.0,46700.0,5.666666666666667,0,0,0.06405066869039465
2,3,137660,6,med,1,30,7,2,나홀로 여행,0.0,28.0,1.5,68830.0,3.0,0,0,0.06460312571025871
4,18,94500,23,med,2,40,7,1,나홀로 여행,0.0,41.0,4.5,23625.0,5.75,0,0,0.19196291750085798
2,10,10400,7,low,2,20,9,7,나홀로 여행,0.0,28.0,5.0,5200.0,3.5,0,0,0.007085155443996819
2,8,472400,8,high,1,20,1,3,2인 여행(가족 외),1.0,30.0,4.0,236200.0,4.0,0,0,0.023947985767822127
2,5,210500,7,high,2,60,7,2,자녀 동반 여행,1.0,41.0,2.5,105250.0,3.5,0,0,0.1804855945468806
2,6,73400,6,med,2,40,7,1,자녀 동반 여행,3.0,11.0,3.0,36700.0,3.0,0,0,0.08248279787036651
2,4,6000,5,low,1,20,4,1,2인 여행(가족 외),1.0,41.0,2.0,3000.0,2.5,0,0,0.08702475098003211
2,4,50600,3,med,2,30,11,7,자녀 동반 여행,1.0,11.0,2.0,25300.0,1.5,0,0,0.05390703446613977
2,7,140700,11,med,1,60,6,3,3인 이상 여행(가족 외),2.0,41.0,3.5,70350.0,5.5,0,0,0.06691004805684811
3,12,88600,15,med,1,30,1,7,2인 여행(가족 외),1.0,11.0,4.0,29533.33333333333,5.0,0,0,0.08372969983958119
1,7,90300,7,med,2,20,4,7,2인 여행(가족 외),1.0,30.0,7.0,90300.0,7.0,0,0,0.3281662405946013
2,6,175100,12,high,1,20,6,7,2인 여행(가족 외),1.0,41.0,3.0,87550.0,6.0,0,0,0.007568285196373657
1,4,9100,7,low,2,30,7,3,정보없음,1.0,36.0,4.0,9100.0,7.0,0,0,0.24483158021941945
2,7,30000,9,low,1,60,12,3,2인 여행(가족 외),1.0,41.0,3.5,15000.0,4.5,0,0,0.17021515362493098
2,9,66600,14,med,1,20,7,2,2인 여행(가족 외),1.0,11.0,4.5,33300.0,7.0,0,0,0.010094144957311512
2,4,39420,6,low,2,60,9,2,2인 가족 여행,1.0,41.0,2.0,19710.0,3.0,0,0,0.0951245044286123
2,12,12600,13,low,1,30,7,8,나홀로 여행,0.0,30.0,6.0,6300.0,6.5,0,0,0.1910088101494342
2,6,56800,8,med,2,30,7,3,3인 이상 여행(가족 외),3.0,41.0,3.0,28400.0,4.0,0,0,0.30374141398316423
3,7,84000,7,med,2,30,7,3,정보없음,1.0,36.0,2.333333333333333,28000.0,2.333333333333333,0,0,0.17172785429057205
3,13,219000,10,high,1,20,7,8,2인 여행(가족 외),1.0,29.0,4.333333333333333,73000.0,3.333333333333333,0,0,0.0036579555178329662
2,16,109300,25,med,1,30,7,1,나홀로 여행,0.0,41.0,8.0,54650.0,12.5,0,0,0.12428147938448025
2,4,64270,4,med,2,30,7,4,나홀로 여행,0.0,11.0,2.0,32135.0,2.0,0,0,0.12308925254626994
4,11,122300,9,med,1,30,6,8,자녀 동반 여행,2.0,26.0,2.75,30575.0,2.25,0,0,0.07142089544278976
2,3,20000,2,low,2,30,12,3,자녀 동반 여행,3.0,41.0,1.5,10000.0,1.0,0,0,0.25597998813996115
2,7,91600,7,med,2,20,10,8,나홀로 여행,1.0,41.0,3.5,45800.0,3.5,0,0,0.34777201677083386
3,5,78500,6,med,2,30,7,3,정보없음,1.0,36.0,1.6666666666666667,26166.666666666668,2.0,0,0,0.2872766963468864
3,7,63300,9,med,2,20,6,2,나홀로 여행,0.0,50.0,2.333333333333333,21100.0,3.0,0,0,0.04776475279136829
2,10,40000,10,low,2,20,7,4,나홀로 여행,0.0,41.0,5.0,20000.0,5.0,0,0,0.15829410955337705
2,8,40000,12,low,2,20,8,7,나홀로 여행,0.0,41.0,4.0,20000.0,6.0,0,0,0.10619130255766268
3,9,221900,11,high,2,40,11,8,자녀 동반 여행,3.0,11.0,3.0,73966.66666666667,3.6666666666666665,0,0,0.020850376479320167
2,4,65500,4,med,2,20,4,1,2인 여행(가족 외),1.0,11.0,2.0,32750.0,2.0,0,0,0.3520631702583793
3,12,162300,16,high,2,40,6,2,3인 이상 여행(가족 외),2.0,41.0,4.0,54100.0,5.333333333333333,0,0,0.05319534494967327
2,11,3000,11,low,2,20,5,10,나홀로 여행,0.0,43.0,5.5,1500.0,5.5,0,0,0.005493841796111174
2,6,54500,6,med,1,40,7,4,2인 여행(가족 외),1.0,28.0,3.0,27250.0,3.0,0,0,0.3070846031702851
3,10,201500,15,high,2,20,5,1,2인 여행(가족 외),1.0,41.0,3.333333333333333,67166.66666666667,5.0,0,0,0.10519236837750678
2,4,4500,4,low,1,40,9,8,나홀로 여행,0.0,41.0,2.0,2250.0,2.0,0,0,0.035246984352220324
3,7,82600,8,med,1,30,7,2,3인 이상 여행(가족 외),3.0,11.0,2.333333333333333,27533.33333333333,2.6666666666666665,0,0,0.37988908512809844
2,10,243020,8,high,2,30,7,3,자녀 동반 여행,2.0,41.0,5.0,121510.0,4.0,0,0,0.20505010040401414
1,6,32000,6,low,1,30,6,1,나홀로 여행,0.0,41.0,6.0,32000.0,6.0,0,0,0.050072798143901934
2,4,39000,4,low,1,30,7,3,자녀 동반 여행,3.0,11.0,2.0,19500.0,2.0,0,0,0.19263030575987863
1,6,10000,8,low,2,50,7,2,3대 동반 여행(친척 포함),3.0,31.0,6.0,10000.0,8.0,0,0,0.021344194983096955
2,5,6800,5,low,2,60,11,8,나홀로 여행,0.0,41.0,2.5,3400.0,2.5,0,0,0.11039728745455835
2,4,84000,4,med,1,30,5,1,나홀로 여행,0.0,41.0,2.0,42000.0,2.0,0,0,0.38288291915037365
4,7,204000,12,high,1,30,4,7,3대 동반 여행(친척 포함),5.0,41.0,1.75,51000.0,3.0,0,0,0.2356528906410903
2,3,80000,5,med,1,40,9,3,3인 이상 여행(가족 외),2.0,11.0,1.5,40000.0,2.5,0,0,0.13171329338644328
4,19,171100,17,high,1,30,12,2,자녀 동반 여행,3.0,41.0,4.75,42775.0,4.25,0,0,0.16029521489195267
4,7,511600,12,high,2,40,9,2,3인 이상 여행(가족 외),5.0,11.0,1.75,127900.0,3.0,0,0,0.23429266119333067
2,4,187900,5,high,2,40,6,1,자녀 동반 여행,2.0,41.0,2.0,93950.0,2.5,0,0,0.2780742150080325
2,7,147900,11,med,1,20,5,3,2인 여행(가족 외),1.0,28.0,3.5,73950.0,5.5,0,0,0.018104647603817154
3,14,163750,15,high,2,40,9,2,자녀 동반 여행,2.0,11.0,4.666666666666667,54583.333333333336,5.0,0,0,0.017719879450343225
3,18,347050,28,high,1,20,5,1,나홀로 여행,1.0,26.0,6.0,115683.33333333331,9.333333333333334,0,0,0.0416351807651135
3,12,119410,11,med,1,20,7,3,2인 여행(가족 외),1.0,26.0,4.0,39803.333333333336,3.6666666666666665,0,0,0.041813423220505484
2,6,51000,6,med,2,60,5,1,2인 가족 여행,1.0,11.0,3.0,25500.0,3.0,0,0,0.2378482218837641
6,27,552400,25,high,2,30,7,9,2인 여행(가족 외),1.0,26.0,4.5,92066.66666666669,4.166666666666667,0,0,0.053665191986115246
5,22,873940,19,high,1,40,8,2,나홀로 여행,0.0,31.0,4.4,174788.0,3.8,0,0,0.006395419376591844
1,3,52100,9,med,1,60,4,6,자녀 동반 여행,2.0,41.0,3.0,52100.0,9.0,0,0,0.033757090013790333
3,14,152850,14,high,1,20,6,3,2인 가족 여행,1.0,42.0,4.666666666666667,50950.0,4.666666666666667,0,0,0.2236664048916771
3,15,143400,21,med,1,30,7,2,2인 여행(가족 외),1.0,47.0,5.0,47800.0,7.0,0,0,0.18998591379219734
3,12,97000,10,med,2,50,7,2,2인 가족 여행,1.0,41.0,4.0,32333.33333333333,3.333333333333333,0,0,0.051027299106987084
5,20,632900,41,high,2,30,5,7,2인 여행(가족 외),1.0,27.0,4.0,126580.0,8.2,0,0,0.1795156123676788
3,9,100000,10,med,1,50,11,3,3인 이상 여행(가족 외),4.0,42.0,3.0,33333.333333333336,3.333333333333333,0,0,0.17232709035885743
3,15,214953,12,high,1,20,12,3,2인 여행(가족 외),1.0,11.0,5.0,71651.0,4.0,0,0,0.006070804636619929
2,9,118100,8,med,2,20,9,1,나홀로 여행,0.0,28.0,4.5,59050.0,4.0,0,0,0.10893697820298331
2,8,132000,10,med,2,20,9,5,2인 여행(가족 외),1.0,28.0,4.0,66000.0,5.0,0,0,0.36416503870897177
2,4,10000,2,low,2,30,12,3,2인 여행(가족 외),1.0,11.0,2.0,5000.0,1.0,0,0,0.2887250750218302
2,9,57200,9,med,2,40,6,6,2인 가족 여행,1.0,11.0,4.5,28600.0,4.5,0,0,0.04109909793187682
4,12,32400,13,low,2,50,7,1,나홀로 여행,0.0,11.0,3.0,8100.0,3.25,0,0,0.1980270785249534
3,13,123000,10,med,2,30,7,3,정보없음,1.0,36.0,4.333333333333333,41000.0,3.333333333333333,0,0,0.12283067511719326
2,9,159500,12,high,2,20,6,9,2인 여행(가족 외),1.0,11.0,4.5,79750.0,6.0,0,0,0.08228487658050843
3,11,377100,9,high,2,20,5,9,3인 이상 여행(가족 외),2.0,26.0,3.6666666666666665,125700.0,3.0,0,0,0.06158914223888048
2,4,21000,2,low,2,30,7,3,정보없음,1.0,36.0,2.0,10500.0,1.0,0,0,0.37827544762850734
4,8,115270,14,med,1,50,5,8,3대 동반 여행(친척 포함),2.0,28.0,2.0,28817.5,3.5,0,0,0.06608376758855788
2,8,7500,7,low,1,30,7,7,나홀로 여행,0.0,28.0,4.0,3750.0,3.5,0,0,0.3230717002364261
2,6,10800,4,low,2,30,7,1,나홀로 여행,0.0,41.0,3.0,5400.0,2.0,0,0,0.2509169511380213
4,20,201950,23,high,1,20,7,7,나홀로 여행,0.0,11.0,5.0,50487.5,5.75,0,0,0.023735517984361687
2,5,74000,8,med,2,60,6,2,부모 동반 여행,1.0,11.0,2.5,37000.0,4.0,0,0,0.007823992897782081
2,10,38000,10,low,1,20,9,1,2인 가족 여행,1.0,30.0,5.0,19000.0,5.0,0,0,0.025911726337479332
2,4,88000,8,med,1,20,1,1,2인 여행(가족 외),1.0,41.0,2.0,44000.0,4.0,0,0,0.01099081554942598
3,9,363000,7,high,2,30,7,2,부모 동반 여행,3.0,11.0,3.0,121000.0,2.333333333333333,0,0,0.18908544409868194
2,6,7400,12,low,1,20,12,2,2인 여행(가족 외),1.0,11.0,3.0,3700.0,6.0,0,0,0.00032342965397979943
4,10,240220,14,high,1,30,9,7,자녀 동반 여행,3.0,41.0,2.5,60055.0,3.5,0,0,0.09724100367269725
3,8,81800,11,med,2,30,7,3,2인 가족 여행,1.0,11.0,2.6666666666666665,27266.666666666668,3.6666666666666665,0,0,0.019751648980656972
2,10,166000,15,high,1,20,7,6,2인 여행(가족 외),1.0,11.0,5.0,83000.0,7.5,0,0,0.024164272278946873
2,7,50500,10,med,2,20,7,3,2인 여행(가족 외),1.0,11.0,3.5,25250.0,5.0,0,0,0.14036846958627525
3,10,228570,18,high,1,30,7,2,2인 여행(가족 외),1.0,41.0,3.333333333333333,76190.0,6.0,0,0,0.0061523762793539456
3,7,131900,15,med,2,20,10,3,2인 여행(가족 외),1.0,41.0,2.333333333333333,43966.66666666666,5.0,0,0,0.11215781263360089
2,5,42000,4,low,2,20,7,1,나홀로 여행,0.0,41.0,2.5,21000.0,2.0,0,0,0.12114296822860136
4,22,285040,25,high,2,30,10,1,2인 여행(가족 외),1.0,28.0,5.5,71260.0,6.25,0,0,0.0418339608072418
3,11,116800,17,med,2,30,8,1,2인 여행(가족 외),1.0,26.0,3.6666666666666665,38933.333333333336,5.666666666666667,0,0,0.1042175787664189
3,12,89500,11,med,2,30,7,3,정보없음,1.0,36.0,4.0,29833.33333333333,3.6666666666666665,0,0,0.05198890345384279
2,7,26000,5,low,2,40,11,4,2인 여행(가족 외),1.0,11.0,3.5,13000.0,2.5,0,0,0.12215229950077916
2,6,83400,10,med,2,30,6,1,2인 가족 여행,1.0,28.0,3.0,41700.0,5.0,0,0,0.013933217868120556
4,14,492601,10,high,2,30,7,3,정보없음,1.0,36.0,3.5,123150.25,2.5,0,0,0.019196460055391103
2,9,106400,10,med,2,20,4,3,2인 여행(가족 외),1.0,11.0,4.5,53200.0,5.0,0,0,0.23086098153974394
3,7,169400,8,high,2,30,7,6,나홀로 여행,0.0,11.0,2.333333333333333,56466.66666666666,2.6666666666666665,0,0,0.2936387375755873
3,16,69400,15,med,2,20,10,3,2인 여행(가족 외),1.0,43.0,5.333333333333333,23133.33333333333,5.0,0,0,0.021706924601106615
1,2,84000,2,med,1,50,7,1,2인 여행(가족 외),1.0,11.0,2.0,84000.0,2.0,0,0,0.06258651665851336
2,5,62600,9,med,1,20,7,1,2인 여행(가족 외),1.0,41.0,2.5,31300.0,4.5,0,0,0.016446806402252306
2,7,97500,9,med,2,20,7,3,3인 이상 여행(가족 외),4.0,11.0,3.5,48750.0,4.5,0,0,0.04859166004271298
2,12,80300,16,med,2,20,4,3,2인 여행(가족 외),1.0,28.0,6.0,40150.0,8.0,0,0,0.0170693153448938
2,6,68000,6,med,2,30,7,1,나홀로 여행,0.0,41.0,3.0,34000.0,3.0,0,0,0.18863693482251276
1,3,111900,5,med,1,30,7,1,자녀 동반 여행,2.0,41.0,3.0,111900.0,5.0,0,0,0.006177667085561921
2,6,23100,9,low,2,30,6,3,자녀 동반 여행,3.0,42.0,3.0,11550.0,4.5,0,0,0.15340451389864035
2,8,43400,9,low,2,30,6,2,2인 여행(가족 외),1.0,41.0,4.0,21700.0,4.5,0,0,0.3632993441518479
3,9,180450,14,high,2,30,7,2,2인 여행(가족 외),1.0,11.0,3.0,60150.0,4.666666666666667,0,0,0.3042020618036692
3,8,168690,10,high,2,40,6,1,자녀 동반 여행,1.0,41.0,2.6666666666666665,56230.0,3.333333333333333,0,0,0.05421173262035132
2,6,71000,6,med,1,60,7,7,2인 가족 여행,1.0,11.0,3.0,35500.0,3.0,0,0,0.07704097420167251
2,6,152100,7,high,2,30,12,6,3인 이상 여행(가족 외),3.0,41.0,3.0,76050.0,3.5,0,0,0.34989126294109835
2,12,92500,11,med,2,20,7,1,2인 여행(가족 외),1.0,11.0,6.0,46250.0,5.5,0,0,0.3077690896340989
1,4,50000,5,med,2,20,4,2,2인 여행(가족 외),1.0,26.0,4.0,50000.0,5.0,0,0,0.019699496856198595
2,11,131100,13,med,1,20,3,1,2인 여행(가족 외),1.0,11.0,5.5,65550.0,6.5,0,0,0.07524193399316687
1,7,37000,6,low,1,20,3,7,나홀로 여행,0.0,42.0,7.0,37000.0,6.0,0,0,0.1013033623553695
2,10,49350,10,med,1,30,6,3,자녀 동반 여행,2.0,41.0,5.0,24675.0,5.0,0,0,0.08843716579893116
3,12,9000,21,low,2,30,7,2,나홀로 여행,0.0,11.0,4.0,3000.0,7.0,0,0,0.17724023332336208
2,12,33000,10,low,1,30,5,7,2인 여행(가족 외),1.0,11.0,6.0,16500.0,5.0,0,0,0.0521989729751282
3,11,96200,12,med,2,20,7,3,2인 여행(가족 외),1.0,11.0,3.6666666666666665,32066.666666666668,4.0,0,0,0.058322701527815435
2,4,142300,5,med,1,30,7,9,2인 가족 여행,1.0,11.0,2.0,71150.0,2.5,0,0,0.3615705962086238
3,6,73980,10,med,1,20,4,3,3인 이상 여행(가족 외),3.0,11.0,2.0,24660.0,3.333333333333333,0,0,0.018028608155642258
2,5,19500,6,low,2,40,12,7,3인 이상 여행(가족 외),3.0,41.0,2.5,9750.0,3.0,0,0,0.27328128439747074
2,3,84000,5,med,2,50,5,3,2인 여행(가족 외),1.0,11.0,1.5,42000.0,2.5,0,0,0.053661465545104946
2,3,34500,6,low,2,40,5,3,3대 동반 여행(친척 포함),3.0,11.0,1.5,17250.0,3.0,0,0,0.017984934279702533
1,4,51100,5,med,2,30,7,2,나홀로 여행,0.0,11.0,4.0,51100.0,5.0,0,0,0.011631442587506332
2,3,400300,3,high,2,30,11,5,2인 여행(가족 외),1.0,11.0,1.5,200150.0,1.5,0,0,0.19492092176129358
2,7,122750,7,med,2,40,7,3,자녀 동반 여행,2.0,36.0,3.5,61375.0,3.5,0,0,0.24637900658367526
2,15,159400,18,high,2,30,7,3,정보없음,1.0,36.0,7.5,79700.0,9.0,0,0,0.13119991900308242
4,11,378001,13,high,2,30,7,3,정보없음,1.0,36.0,2.75,94500.25,3.25,0,0,0.026610474186350715
3,6,246850,7,high,2,30,7,3,정보없음,1.0,36.0,2.0,82283.33333333333,2.333333333333333,0,0,0.03141406626429466
2,6,47000,6,med,1,30,7,8,2인 여행(가족 외),1.0,11.0,3.0,23500.0,3.0,0,0,0.1593468358408393
2,3,134300,6,med,1,30,7,3,2인 여행(가족 외),1.0,11.0,1.5,67150.0,3.0,0,0,0.12675425935654452
2,9,16700,14,low,1,30,7,7,나홀로 여행,0.0,11.0,4.5,8350.0,7.0,0,0,0.29992226533933125
4,17,100400,18,med,2,40,9,8,자녀 동반 여행,4.0,41.0,4.25,25100.0,4.5,0,0,0.03619805172019888
2,5,46500,3,med,1,20,6,1,나홀로 여행,0.0,41.0,2.5,23250.0,1.5,0,0,0.3916948573794383
4,35,139640,38,med,2,20,3,7,나홀로 여행,0.0,29.0,8.75,34910.0,9.5,0,0,0.10670365312686773
4,16,434070,21,high,2,50,5,3,자녀 동반 여행,3.0,48.0,4.0,108517.5,5.25,0,0,0.18772985215903157
2,7,75955,6,med,2,20,3,1,2인 여행(가족 외),1.0,41.0,3.5,37977.5,3.0,0,0,0.34024660612646923
3,6,88700,10,med,1,30,6,9,3인 이상 여행(가족 외),2.0,27.0,2.0,29566.666666666668,3.333333333333333,0,0,0.0957738709195803
3,10,18300,7,low,2,20,7,5,나홀로 여행,0.0,41.0,3.333333333333333,6100.0,2.333333333333333,0,0,0.01326680803879147
2,4,196000,9,high,2,30,7,3,정보없음,1.0,36.0,2.0,98000.0,4.5,0,0,0.14066991589954192
3,12,152480,17,high,1,20,10,2,2인 여행(가족 외),1.0,41.0,4.0,50826.66666666666,5.666666666666667,0,0,0.037846665567055605
2,5,85400,3,med,1,50,12,3,3인 이상 여행(가족 외),2.0,41.0,2.5,42700.0,1.5,0,0,0.033705366711208565
2,6,39650,5,low,2,60,8,8,3대 동반 여행(친척 포함),4.0,27.0,3.0,19825.0,2.5,0,0,0.20561647130534721
4,20,171000,22,high,1,20,4,3,2인 여행(가족 외),1.0,30.0,5.0,42750.0,5.5,0,0,0.013552466006870873
2,5,57060,10,med,1,50,5,3,2인 가족 여행,1.0,11.0,2.5,28530.0,5.0,0,0,0.00937435360964447
4,16,1141320,24,high,2,20,10,1,2인 여행(가족 외),1.0,48.0,4.0,285330.0,6.0,0,0,0.3017230898423379
2,5,19000,4,low,2,40,7,6,2인 가족 여행,0.0,11.0,2.5,9500.0,2.0,0,0,0.203240894234286
4,9,55900,10,med,2,30,7,5,나홀로 여행,0.0,11.0,2.25,13975.0,2.5,0,0,0.12322077871563761
3,9,117600,23,med,1,30,12,1,2인 여행(가족 외),1.0,11.0,3.0,39200.0,7.666666666666667,0,0,0.027611645847825075
2,9,24800,6,low,1,20,5,2,나홀로 여행,0.0,41.0,4.5,12400.0,3.0,0,0,0.13385686639173408
4,9,75790,13,med,1,40,8,2,자녀 동반 여행,3.0,11.0,2.25,18947.5,3.25,0,0,0.0525360134977224
3,13,490400,12,high,1,30,5,5,2인 여행(가족 외),1.0,41.0,4.333333333333333,163466.66666666666,4.0,0,0,0.030624343861524576
4,14,162000,17,high,1,20,5,2,2인 여행(가족 외),1.0,30.0,3.5,40500.0,4.25,0,0,0.0036101870382115654
4,9,124000,7,med,2,30,7,3,정보없음,1.0,36.0,2.25,31000.0,1.75,0,0,0.25248055022306753
2,6,13400,8,low,2,30,6,5,나홀로 여행,0.0,41.0,3.0,6700.0,4.0,0,0,0.20597779649834297
2,6,55300,5,med,1,20,7,5,나홀로 여행,0.0,41.0,3.0,27650.0,2.5,0,0,0.17562834017729392
3,10,28600,8,low,2,30,9,3,2인 여행(가족 외),1.0,27.0,3.333333333333333,9533.333333333334,2.6666666666666665,0,0,0.026001758411735753
3,13,104300,12,med,2,20,7,1,나홀로 여행,0.0,42.0,4.333333333333333,34766.666666666664,4.0,0,0,0.0827636096847694
2,13,127500,12,med,1,30,7,2,2인 여행(가족 외),1.0,30.0,6.5,63750.0,6.0,0,0,0.06377098334197033
2,5,65500,7,med,2,30,11,1,나홀로 여행,0.0,41.0,2.5,32750.0,3.5,0,0,0.21732202231345038
2,6,16000,6,low,2,30,7,7,나홀로 여행,0.0,27.0,3.0,8000.0,3.0,0,0,0.2684141381115968
2,5,79500,7,med,2,30,7,7,3인 이상 여행(가족 외),3.0,11.0,2.5,39750.0,3.5,0,0,0.08465579431145509
3,11,143900,10,med,2,30,7,10,2인 가족 여행,1.0,11.0,3.6666666666666665,47966.66666666666,3.333333333333333,0,0,0.1587775097334067
2,10,198960,11,high,2,30,4,2,3인 이상 여행(가족 외),3.0,41.0,5.0,99480.0,5.5,0,0,0.26719184070015745
3,15,171900,18,high,1,30,4,1,3인 이상 여행(가족 외),4.0,48.0,5.0,57300.0,6.0,0,0,0.1522234570279516
2,7,101800,8,med,1,20,7,2,2인 여행(가족 외),1.0,11.0,3.5,50900.0,4.0,0,0,0.11132907545777426
3,8,128400,11,med,1,20,7,2,2인 여행(가족 외),1.0,11.0,2.6666666666666665,42800.0,3.6666666666666665,0,0,0.028641072306486326
3,10,401460,10,high,1,20,6,1,3인 이상 여행(가족 외),5.0,30.0,3.333333333333333,133820.0,3.333333333333333,0,0,0.05292085446835884
3,7,272290,8,high,1,30,8,2,2인 가족 여행,1.0,11.0,2.333333333333333,90763.33333333331,2.6666666666666665,0,0,0.27042095305820407
3,10,133900,12,med,2,40,12,1,자녀 동반 여행,3.0,28.0,3.333333333333333,44633.333333333336,4.0,0,0,0.0057867502268035475
2,5,141400,8,med,1,30,8,1,자녀 동반 여행,3.0,11.0,2.5,70700.0,4.0,0,0,0.003550561847708604
3,9,294750,13,high,1,30,7,1,2인 여행(가족 외),1.0,41.0,3.0,98250.0,4.333333333333333,0,0,0.043922642711943856
3,18,91600,12,med,2,30,7,4,나홀로 여행,0.0,28.0,6.0,30533.33333333333,4.0,0,0,0.06818740226523763
3,10,103000,8,med,2,20,5,3,2인 여행(가족 외),1.0,41.0,3.333333333333333,34333.333333333336,2.6666666666666665,0,0,0.05986480073491575
3,14,119700,19,med,1,20,7,3,2인 가족 여행,1.0,44.0,4.666666666666667,39900.0,6.333333333333333,0,0,0.07401478177983858
3,10,378300,9,high,1,30,6,2,3인 이상 여행(가족 외),4.0,11.0,3.333333333333333,126100.0,3.0,0,0,0.3538126488558828
1,4,243100,4,high,1,30,5,3,자녀 동반 여행,5.0,11.0,4.0,243100.0,4.0,0,0,0.08034995346680186
2,11,70200,11,med,2,60,6,2,3대 동반 여행(친척 포함),3.0,41.0,5.5,35100.0,5.5,0,0,0.051599987596613134
3,4,10800,7,low,2,60,3,3,3대 동반 여행(친척 포함),2.0,11.0,1.3333333333333333,3600.0,2.333333333333333,0,0,0.012273383364719125
2,5,84000,8,med,2,30,7,8,2인 여행(가족 외),1.0,41.0,2.5,42000.0,4.0,0,0,0.33508836406797
2,14,87900,15,med,2,20,7,7,2인 여행(가족 외),1.0,43.0,7.0,43950.0,7.5,0,0,0.13069728827459323
3,28,91400,31,med,1,20,11,1,나홀로 여행,0.0,28.0,9.333333333333334,30466.666666666668,10.333333333333334,0,0,0.2484801792713687
2,10,69490,12,med,1,30,8,1,나홀로 여행,0.0,41.0,5.0,34745.0,6.0,0,0,0.10878679414767954
2,5,156490,6,high,1,60,11,7,2인 가족 여행,1.0,11.0,2.5,78245.0,3.0,0,0,0.21495062724455272
5,18,740300,24,high,2,30,10,8,자녀 동반 여행,2.0,30.0,3.6,148060.0,4.8,0,0,0.10198703971138541
4,13,84000,11,med,1,30,7,7,나홀로 여행,0.0,43.0,3.25,21000.0,2.75,0,0,0.2589461278339893
2,5,42000,5,low,2,20,7,1,2인 여행(가족 외),1.0,41.0,2.5,21000.0,2.5,0,0,0.22852165500191193
5,20,122900,30,med,1,20,7,3,3인 이상 여행(가족 외),3.0,48.0,4.0,24580.0,6.0,0,0,0.14407374249339824
2,4,291500,10,high,1,40,4,1,나홀로 여행,0.0,27.0,2.0,145750.0,5.0,0,0,0.012540926475525684
3,10,142400,15,med,2,30,7,3,정보없음,1.0,36.0,3.333333333333333,47466.66666666666,5.0,0,0,0.10425080973791183
2,6,16000,12,low,2,20,7,4,나홀로 여행,0.0,11.0,3.0,8000.0,6.0,0,0,0.04424421263971408
4,7,69200,10,med,1,30,7,1,2인 가족 여행,1.0,11.0,1.75,17300.0,2.5,0,0,0.008277130690091897
2,7,98900,6,med,1,20,6,3,2인 여행(가족 외),1.0,41.0,3.5,49450.0,3.0,0,0,0.0704600308106318
3,14,48400,18,med,2,30,7,7,나홀로 여행,0.0,41.0,4.666666666666667,16133.333333333334,6.0,0,0,0.01962934287244769
4,20,42300,35,low,1,30,7,5,나홀로 여행,0.0,27.0,5.0,10575.0,8.75,0,0,0.005312957535644604
2,3,38700,6,low,2,30,5,5,나홀로 여행,1.0,28.0,1.5,19350.0,3.0,0,0,0.0569048577413429
2,11,73500,13,med,2,20,7,7,나홀로 여행,0.0,11.0,5.5,36750.0,6.5,0,0,0.019028210653437985
2,8,80200,8,med,1,50,9,3,3인 이상 여행(가족 외),3.0,41.0,4.0,40100.0,4.0,0,0,0.18435053667195886
3,11,322950,12,high,2,30,7,1,나홀로 여행,0.0,29.0,3.6666666666666665,107650.0,4.0,0,0,0.011040463555188831
1,3,58400,8,med,2,20,8,2,나홀로 여행,0.0,28.0,3.0,58400.0,8.0,0,0,0.1232525129166561
3,8,551720,10,high,2,20,7,3,3인 이상 여행(가족 외),7.0,41.0,2.6666666666666665,183906.66666666663,3.333333333333333,0,0,0.03028179974390905
2,8,77000,8,med,2,30,8,2,나홀로 여행,0.0,41.0,4.0,38500.0,4.0,0,0,0.15168604666146648
3,13,256700,16,high,2,60,9,9,자녀 동반 여행,1.0,26.0,4.333333333333333,85566.66666666667,5.333333333333333,0,0,0.016475583627664523
3,4,63200,14,med,2,30,4,3,부모 동반 여행,3.0,41.0,1.3333333333333333,21066.666666666668,4.666666666666667,0,0,0.002428998975223813
1,3,34000,3,low,2,20,7,8,2인 여행(가족 외),1.0,11.0,3.0,34000.0,3.0,0,0,0.3453750356713469
4,16,245800,22,high,2,40,7,8,나홀로 여행,0.0,42.0,4.0,61450.0,5.5,0,0,0.011676348757349232
2,6,3000,5,low,2,30,7,3,정보없음,1.0,36.0,3.0,1500.0,2.5,0,0,0.3222424575584195
3,5,79500,6,med,1,40,7,1,나홀로 여행,0.0,42.0,1.6666666666666667,26500.0,2.0,0,0,0.14575939530638451
3,9,276500,7,high,2,30,5,2,나홀로 여행,0.0,45.0,3.0,92166.66666666669,2.333333333333333,0,0,0.19914766811738158
2,16,153700,21,high,2,30,7,3,3인 이상 여행(가족 외),2.0,30.0,8.0,76850.0,10.5,0,0,0.3085017574123478
2,8,64800,7,med,2,60,4,6,2인 가족 여행,1.0,11.0,4.0,32400.0,3.5,0,0,0.19132978927462363
3,9,71900,9,med,2,20,7,1,나홀로 여행,0.0,41.0,3.0,23966.666666666668,3.0,0,0,0.18960084316376158
4,8,99200,5,med,1,30,12,9,자녀 동반 여행,3.0,41.0,2.0,24800.0,1.25,0,0,0.08181544694717689
2,6,56000,6,med,2,20,12,1,나홀로 여행,0.0,28.0,3.0,28000.0,3.0,0,0,0.3266887486073298
2,7,295080,11,high,2,30,7,3,2인 가족 여행,1.0,41.0,3.5,147540.0,5.5,0,0,0.08269913191638038
2,5,119600,7,med,1,20,7,8,2인 여행(가족 외),1.0,41.0,2.5,59800.0,3.5,0,0,0.02832874785746203
3,16,134400,23,med,2,20,9,3,2인 여행(가족 외),1.0,27.0,5.333333333333333,44800.0,7.666666666666667,0,0,0.12087693501617972
2,4,50100,5,med,2,20,7,1,나홀로 여행,0.0,28.0,2.0,25050.0,2.5,0,0,0.21458644820582884
2,19,89000,20,med,1,20,7,3,2인 여행(가족 외),1.0,41.0,9.5,44500.0,10.0,0,0,0.0286047515169725
1,10,58000,11,med,2,30,7,3,정보없음,1.0,36.0,10.0,58000.0,11.0,0,0,0.047306627814615844
4,16,623860,20,high,1,30,7,2,2인 여행(가족 외),1.0,11.0,4.0,155965.0,5.0,0,0,0.15645862606951727
2,11,46800,11,med,2,20,5,7,나홀로 여행,0.0,11.0,5.5,23400.0,5.5,0,0,0.017600064721393194
2,12,225500,15,high,2,20,7,3,2인 여행(가족 외),1.0,11.0,6.0,112750.0,7.5,0,0,0.1002483392454814
3,7,301160,12,high,2,30,9,3,자녀 동반 여행,1.0,41.0,2.333333333333333,100386.66666666669,4.0,0,0,0.013109810137937907
3,8,100000,8,med,2,20,8,1,2인 여행(가족 외),1.0,41.0,2.6666666666666665,33333.333333333336,2.6666666666666665,0,0,0.14822414096524122
3,17,100000,17,med,2,30,5,8,2인 가족 여행,1.0,41.0,5.666666666666667,33333.333333333336,5.666666666666667,0,0,0.33825276202270077
3,11,158820,14,high,1,40,11,8,3인 이상 여행(가족 외),2.0,11.0,3.6666666666666665,52940.0,4.666666666666667,0,0,0.03816700596301055
2,7,84000,10,med,2,40,10,8,나홀로 여행,0.0,11.0,3.5,42000.0,5.0,0,0,0.012487949053347732
3,11,270800,18,high,2,30,8,2,자녀 동반 여행,4.0,11.0,3.6666666666666665,90266.66666666669,6.0,0,0,0.030533350194236926
2,9,261540,14,high,2,20,4,3,2인 여행(가족 외),1.0,41.0,4.5,130770.0,7.0,0,0,0.022214493005436573
2,6,294000,7,high,1,40,8,3,자녀 동반 여행,2.0,11.0,3.0,147000.0,3.5,0,0,0.2768529282053805
2,11,159200,9,high,2,20,5,3,2인 여행(가족 외),1.0,41.0,5.5,79600.0,4.5,0,0,0.06242578442030921
3,20,248200,19,high,2,30,7,2,나홀로 여행,0.0,11.0,6.666666666666667,82733.33333333333,6.333333333333333,0,0,0.051063988807275425
4,9,262900,11,high,2,20,4,3,2인 여행(가족 외),1.0,11.0,2.25,65725.0,2.75,0,0,0.3970143590592627
3,11,74950,19,med,2,20,7,7,2인 여행(가족 외),1.0,28.0,3.6666666666666665,24983.33333333333,6.333333333333333,0,0,0.04681256217738439
2,4,17500,3,low,2,50,11,2,나홀로 여행,0.0,11.0,2.0,8750.0,1.5,0,0,0.13935910917608363
3,16,110170,20,med,1,40,8,2,2인 여행(가족 외),1.0,11.0,5.333333333333333,36723.333333333336,6.666666666666667,0,0,0.022344499187891612
4,11,179500,13,high,2,20,12,5,부모 동반 여행,3.0,44.0,2.75,44875.0,3.25,0,0,0.2691710815190269
2,5,24700,4,low,2,20,7,7,2인 가족 여행,1.0,11.0,2.5,12350.0,2.0,0,0,0.0804970823616731
2,8,23800,8,low,2,50,6,1,나홀로 여행,0.0,41.0,4.0,11900.0,4.0,0,0,0.2581817898520029
2,6,59800,9,med,2,30,9,6,2인 가족 여행,1.0,41.0,3.0,29900.0,4.5,0,0,0.08489156715493425
4,9,181700,7,high,2,30,6,6,자녀 동반 여행,3.0,28.0,2.25,45425.0,1.75,0,0,0.056339132773055633
3,6,136200,12,med,1,20,4,7,3인 이상 여행(가족 외),3.0,11.0,2.0,45400.0,4.0,0,0,0.023515202777913146
3,15,126100,15,med,2,30,7,1,나홀로 여행,0.0,41.0,5.0,42033.333333333336,5.0,0,0,0.08128021894119669
2,8,80800,10,med,2,30,7,8,나홀로 여행,0.0,41.0,4.0,40400.0,5.0,0,0,0.15295874167959206
2,4,169100,4,high,2,20,7,1,나홀로 여행,0.0,41.0,2.0,84550.0,2.0,0,0,0.05206526017323777
3,18,121450,26,med,2,30,7,4,나홀로 여행,0.0,45.0,6.0,40483.333333333336,8.666666666666666,0,0,0.18189011439231864
2,5,103700,11,med,2,30,9,1,2인 여행(가족 외),1.0,11.0,2.5,51850.0,5.5,0,0,0.0035439217480410725
3,12,616840,16,high,2,20,7,3,2인 여행(가족 외),1.0,11.0,4.0,205613.3333333333,5.333333333333333,0,0,0.2051036597371602
3,10,69000,12,med,2,20,7,2,나홀로 여행,0.0,11.0,3.333333333333333,23000.0,4.0,0,0,0.04381124842366562
2,12,260100,9,high,2,30,9,1,2인 가족 여행,1.0,50.0,6.0,130050.0,4.5,0,0,0.009901366240023867
2,5,20400,5,low,2,20,7,1,나홀로 여행,0.0,41.0,2.5,10200.0,2.5,0,0,0.02762817776025232
3,7,103000,7,med,2,30,7,5,나홀로 여행,0.0,26.0,2.333333333333333,34333.333333333336,2.333333333333333,0,0,0.10830641555043513
2,6,84000,4,med,2,30,7,3,정보없음,1.0,36.0,3.0,42000.0,2.0,0,0,0.16807186152848627
3,11,54900,11,med,1,30,12,8,2인 여행(가족 외),1.0,41.0,3.6666666666666665,18300.0,3.6666666666666665,0,0,0.021108296378272863
3,13,191900,19,high,2,30,7,7,2인 여행(가족 외),1.0,11.0,4.333333333333333,63966.66666666666,6.333333333333333,0,0,0.0786955832521925
2,9,108100,7,med,2,30,8,3,2인 여행(가족 외),1.0,41.0,4.5,54050.0,3.5,0,0,0.3983892327237811
3,16,83000,17,med,1,40,7,8,2인 여행(가족 외),1.0,11.0,5.333333333333333,27666.666666666668,5.666666666666667,0,0,0.007003298283138636
3,15,301950,22,high,2,30,7,3,정보없음,1.0,36.0,5.0,100650.0,7.333333333333333,0,0,0.12337605233370075
2,7,31000,7,low,2,20,10,2,나홀로 여행,0.0,41.0,3.5,15500.0,3.5,0,0,0.18409899157783718
3,10,182770,11,high,1,30,7,5,나홀로 여행,0.0,11.0,3.333333333333333,60923.333333333336,3.6666666666666665,0,0,0.07432183142064198
3,8,36000,5,low,1,20,7,1,나홀로 여행,0.0,41.0,2.6666666666666665,12000.0,1.6666666666666667,0,0,0.10344411806489347
2,3,7500,4,low,2,60,2,1,3대 동반 여행(친척 포함),2.0,28.0,1.5,3750.0,2.0,0,0,0.11362475903333366
3,22,87526,24,med,2,20,5,3,2인 여행(가족 외),1.0,27.0,7.333333333333333,29175.33333333333,8.0,0,0,0.11881494269139874
2,7,38500,13,low,2,30,7,3,정보없음,1.0,36.0,3.5,19250.0,6.5,0,0,0.2801797928660638
2,3,64500,4,med,2,30,12,2,나홀로 여행,0.0,11.0,1.5,32250.0,2.0,0,0,0.09459287117045516
3,15,522400,22,high,2,20,5,2,2인 여행(가족 외),1.0,27.0,5.0,174133.33333333334,7.333333333333333,0,0,0.060828085803798365
3,10,69400,13,med,2,30,7,3,2인 여행(가족 외),1.0,11.0,3.333333333333333,23133.33333333333,4.333333333333333,0,0,0.38292669716954186
2,6,75570,11,med,2,30,9,3,2인 여행(가족 외),1.0,11.0,3.0,37785.0,5.5,0,0,0.031125129521202177
2,7,42600,4,low,2,20,8,1,나홀로 여행,0.0,41.0,3.5,21300.0,2.0,0,0,0.3011765791002418
2,3,59000,5,med,2,20,10,2,부모 동반 여행,3.0,11.0,1.5,29500.0,2.5,0,0,0.24983997461837756
2,7,182000,4,high,2,50,5,2,3인 이상 여행(가족 외),2.0,41.0,3.5,91000.0,2.0,0,0,0.2656987821737545
2,7,96900,15,med,2,30,7,3,정보없음,1.0,36.0,3.5,48450.0,7.5,0,0,0.14068176567665946
2,10,81600,11,med,2,30,5,10,나홀로 여행,0.0,50.0,5.0,40800.0,5.5,0,0,0.08600601789521932
3,12,504020,17,high,1,30,11,7,부모 동반 여행,3.0,29.0,4.0,168006.66666666666,5.666666666666667,0,0,0.1486316316580864
4,17,220900,10,high,1,20,9,2,나홀로 여행,0.0,41.0,4.25,55225.0,2.5,0,0,0.07305057555686105
2,11,62800,12,med,2,20,7,3,2인 여행(가족 외),1.0,41.0,5.5,31400.0,6.0,0,0,0.17513008220137127
3,8,28500,4,low,2,50,9,4,나홀로 여행,0.0,41.0,2.6666666666666665,9500.0,1.3333333333333333,0,0,0.032582558778867086
3,9,65200,16,med,2,40,7,7,자녀 동반 여행,3.0,41.0,3.0,21733.33333333333,5.333333333333333,0,0,0.010862908887058388
2,5,114400,7,med,2,20,6,1,2인 여행(가족 외),1.0,41.0,2.5,57200.0,3.5,0,0,0.044901621400528655
2,9,36000,7,low,1,20,7,7,나홀로 여행,0.0,41.0,4.5,18000.0,3.5,0,0,0.07082157105177367
2,5,98000,6,med,1,20,7,1,2인 여행(가족 외),1.0,11.0,2.5,49000.0,3.0,0,0,0.05802746003140045
6,25,902100,30,high,2,30,8,8,나홀로 여행,2.0,26.0,4.166666666666667,150350.0,5.0,0,0,0.30514463257681174
3,14,46900,12,med,1,20,7,7,나홀로 여행,0.0,41.0,4.666666666666667,15633.333333333334,4.0,0,0,0.010821124597267256
2,5,84000,7,med,1,40,6,4,나홀로 여행,0.0,41.0,2.5,42000.0,3.5,0,0,0.04059975470423633
2,6,84700,8,med,2,30,10,1,나홀로 여행,0.0,41.0,3.0,42350.0,4.0,0,0,0.20084735262387546
2,5,84600,5,med,2,20,7,3,2인 여행(가족 외),1.0,41.0,2.5,42300.0,2.5,0,0,0.24577929432174878
4,10,103500,9,med,2,20,7,2,나홀로 여행,0.0,11.0,2.5,25875.0,2.25,0,0,0.026792275733531445
2,8,77000,18,med,2,50,12,5,나홀로 여행,0.0,41.0,4.0,38500.0,9.0,0,0,0.030440964601857294
3,15,342400,11,high,2,20,11,2,2인 여행(가족 외),1.0,48.0,5.0,114133.33333333331,3.6666666666666665,0,0,0.10784953425111227
2,10,23000,20,low,1,40,7,4,나홀로 여행,0.0,28.0,5.0,11500.0,10.0,0,0,0.026514507029728157
2,5,43000,4,low,1,30,8,1,자녀 동반 여행,2.0,41.0,2.5,21500.0,2.0,0,0,0.39812671378452624
3,11,42300,14,low,2,20,8,1,2인 여행(가족 외),1.0,11.0,3.6666666666666665,14100.0,4.666666666666667,0,0,0.1032158123744013
3,15,287890,19,high,2,20,8,1,2인 가족 여행,1.0,30.0,5.0,95963.33333333331,6.333333333333333,0,0,0.08579225766263082
3,12,179610,13,high,2,30,6,3,3인 이상 여행(가족 외),2.0,11.0,4.0,59870.0,4.333333333333333,0,0,0.1291197354095878
2,6,48500,7,med,2,30,7,3,정보없음,1.0,36.0,3.0,24250.0,3.5,0,0,0.23527766063698483
4,18,285700,23,high,2,20,7,7,나홀로 여행,0.0,41.0,4.5,71425.0,5.75,0,0,0.07986644965611013
2,9,139000,7,med,2,20,7,2,2인 여행(가족 외),1.0,41.0,4.5,69500.0,3.5,0,0,0.3474868485161164
3,5,280700,8,high,2,20,12,7,나홀로 여행,0.0,41.0,1.6666666666666667,93566.66666666669,2.6666666666666665,0,0,0.09152033352410935
2,9,114100,7,med,1,20,11,3,2인 여행(가족 외),1.0,41.0,4.5,57050.0,3.5,0,0,0.17809041388041896
2,8,119500,9,med,2,20,7,1,나홀로 여행,0.0,28.0,4.0,59750.0,4.5,0,0,0.06502062804174567
3,6,13860,6,low,1,30,8,2,자녀 동반 여행,3.0,41.0,2.0,4620.0,2.0,0,0,0.3784654351993877
3,9,264000,7,high,2,30,7,3,2인 여행(가족 외),1.0,47.0,3.0,88000.0,2.333333333333333,0,0,0.2268106946678236
2,5,64000,5,med,2,30,6,6,2인 여행(가족 외),1.0,41.0,2.5,32000.0,2.5,0,0,0.2949240819973441
2,11,99800,13,med,2,60,7,1,2인 여행(가족 외),1.0,11.0,5.5,49900.0,6.5,0,0,0.09295246857815373
2,28,134600,35,med,2,30,8,2,나홀로 여행,0.0,11.0,14.0,67300.0,17.5,0,0,0.01868663716117047
1,17,64900,21,med,2,20,5,8,나홀로 여행,0.0,11.0,17.0,64900.0,21.0,0,0,0.0008431505016507772
3,10,66100,9,med,1,20,7,5,2인 여행(가족 외),1.0,28.0,3.333333333333333,22033.33333333333,3.0,0,0,0.08146106252663968
2,7,55000,9,med,1,30,7,1,나홀로 여행,0.0,41.0,3.5,27500.0,4.5,0,0,0.39907424175444384
3,11,4900,11,low,2,30,8,3,자녀 동반 여행,3.0,28.0,3.6666666666666665,1633.3333333333333,3.6666666666666665,0,0,0.05506723538066485
3,3,253150,5,high,2,40,7,2,자녀 동반 여행,3.0,41.0,1.0,84383.33333333333,1.6666666666666667,0,0,0.3475460892498463
2,4,71000,6,med,2,20,7,3,2인 여행(가족 외),1.0,11.0,2.0,35500.0,3.0,0,0,0.3224587949843673
2,5,185500,4,high,1,20,3,3,3인 이상 여행(가족 외),3.0,11.0,2.5,92750.0,2.0,0,0,0.3301136120444252
3,9,86660,12,med,1,20,9,2,2인 여행(가족 외),1.0,44.0,3.0,28886.666666666668,4.0,0,0,0.06840510121344955
2,4,76000,5,med,1,50,5,3,2인 여행(가족 외),1.0,41.0,2.0,38000.0,2.5,0,0,0.04577411448931196
2,8,45000,12,low,2,30,9,3,2인 여행(가족 외),1.0,41.0,4.0,22500.0,6.0,0,0,0.2553349165405489
3,13,164300,19,high,2,30,7,3,정보없음,1.0,36.0,4.333333333333333,54766.66666666666,6.333333333333333,0,0,0.05632939687341564
3,9,467800,11,high,2,20,12,2,나홀로 여행,0.0,41.0,3.0,155933.33333333334,3.6666666666666665,0,0,0.036486796762769856
4,11,159900,9,high,2,50,7,2,3인 이상 여행(가족 외),3.0,28.0,2.75,39975.0,2.25,0,0,0.0982524226078078
2,6,52700,5,med,2,20,12,5,2인 여행(가족 외),1.0,41.0,3.0,26350.0,2.5,0,0,0.22506214883572223
2,4,74400,6,med,2,40,12,1,자녀 동반 여행,2.0,28.0,2.0,37200.0,3.0,0,0,0.07908463369460343
1,4,49000,5,med,1,40,12,8,자녀 동반 여행,3.0,27.0,4.0,49000.0,5.0,0,0,0.006972357990574288
3,13,149800,14,med,1,30,7,3,2인 여행(가족 외),1.0,44.0,4.333333333333333,49933.333333333336,4.666666666666667,0,0,0.1443311738448081
2,8,82300,12,med,1,20,7,1,3인 이상 여행(가족 외),3.0,42.0,4.0,41150.0,6.0,0,0,0.011087918737372715
2,12,104500,14,med,1,20,10,2,나홀로 여행,0.0,26.0,6.0,52250.0,7.0,0,0,0.0547285735418139
3,6,201760,8,high,2,30,7,3,정보없음,1.0,36.0,2.0,67253.33333333333,2.6666666666666665,0,0,0.12013519605893347
2,6,52000,4,med,2,30,7,2,부모 동반 여행,2.0,11.0,3.0,26000.0,2.0,0,0,0.222080450648074
2,5,56000,4,med,1,40,11,8,자녀 동반 여행,3.0,28.0,2.5,28000.0,2.0,0,0,0.19288973845339638
4,14,163700,11,high,1,20,4,3,2인 여행(가족 외),1.0,50.0,3.5,40925.0,2.75,0,0,0.011903877798656657
2,11,129400,11,med,1,40,7,10,자녀 동반 여행,3.0,41.0,5.5,64700.0,5.5,0,0,0.07384282651792577
4,17,567800,17,high,2,20,9,1,2인 여행(가족 외),1.0,31.0,4.25,141950.0,4.25,0,0,0.06731409404673148
3,15,154600,14,high,2,20,8,1,2인 여행(가족 외),1.0,42.0,5.0,51533.333333333336,4.666666666666667,0,0,0.24000987580924127
1,11,86000,14,med,2,30,7,3,정보없음,1.0,36.0,11.0,86000.0,14.0,0,0,0.1351781671437885
5,30,421850,32,high,2,20,6,2,3인 이상 여행(가족 외),3.0,26.0,6.0,84370.0,6.4,0,0,0.0904865511016328
3,9,133400,14,med,2,20,7,5,2인 여행(가족 외),1.0,43.0,3.0,44466.66666666666,4.666666666666667,0,0,0.18371213254777785
2,6,172000,10,high,1,60,11,1,3인 이상 여행(가족 외),2.0,11.0,3.0,86000.0,5.0,0,0,0.027750300956375155
2,4,25600,4,low,1,20,7,3,2인 가족 여행,1.0,28.0,2.0,12800.0,2.0,0,0,0.33984372674749386
2,8,76000,6,med,1,20,5,3,2인 여행(가족 외),1.0,41.0,4.0,38000.0,3.0,0,0,0.20148341290841273
3,9,153300,11,high,2,30,6,3,3인 이상 여행(가족 외),3.0,11.0,3.0,51100.0,3.6666666666666665,0,0,0.1433388486771014
3,14,273900,14,high,2,40,7,2,자녀 동반 여행,3.0,11.0,4.666666666666667,91300.0,4.666666666666667,0,0,0.07909725335451542
3,9,132000,15,med,1,40,9,2,자녀 동반 여행,2.0,11.0,3.0,44000.0,5.0,0,0,0.03275808711720084
3,11,60000,13,med,2,30,7,3,정보없음,1.0,36.0,3.6666666666666665,20000.0,4.333333333333333,0,0,0.26518775974722436
2,6,181500,8,high,2,60,5,2,자녀 동반 여행,2.0,11.0,3.0,90750.0,4.0,0,0,0.13106244912969184
2,2,117000,7,med,2,40,7,7,자녀 동반 여행,2.0,11.0,1.0,58500.0,3.5,0,0,0.2631843531150657
3,10,114400,15,med,2,50,5,2,3인 이상 여행(가족 외),1.0,11.0,3.333333333333333,38133.333333333336,5.0,0,0,0.03215716199807758
3,8,93720,9,med,2,30,7,3,2인 가족 여행,1.0,28.0,2.6666666666666665,31240.0,3.0,0,0,0.3447793763891335
4,10,87200,8,med,2,30,7,3,정보없음,1.0,36.0,2.5,21800.0,2.0,0,0,0.08654688611267944
2,4,71460,4,med,2,20,12,5,나홀로 여행,0.0,11.0,2.0,35730.0,2.0,0,0,0.0915095719121867
3,7,18200,6,low,2,30,7,3,정보없음,1.0,36.0,2.333333333333333,6066.666666666667,2.0,0,0,0.04106975237022709
2,9,28000,16,low,1,30,6,2,나홀로 여행,0.0,11.0,4.5,14000.0,8.0,0,0,0.07550883635628493
3,8,106300,8,med,2,30,7,3,정보없음,1.0,36.0,2.6666666666666665,35433.333333333336,2.6666666666666665,0,0,0.23007497760568668
2,6,97700,10,med,2,20,11,3,2인 여행(가족 외),1.0,28.0,3.0,48850.0,5.0,0,0,0.13882472823774206
4,22,253900,28,high,1,20,7,6,나홀로 여행,0.0,26.0,5.5,63475.0,7.0,0,0,0.05338466190818603
3,6,428100,6,high,2,30,10,7,자녀 동반 여행,3.0,28.0,2.0,142700.0,2.0,0,0,0.036517503425713374
2,9,6000,12,low,2,60,7,4,2인 여행(가족 외),1.0,41.0,4.5,3000.0,6.0,0,0,0.004508789000104023
6,22,327200,33,high,2,30,6,7,2인 여행(가족 외),1.0,26.0,3.6666666666666665,54533.333333333336,5.5,0,0,0.19639806157392645
3,10,119500,16,med,2,20,6,2,2인 여행(가족 외),1.0,44.0,3.333333333333333,39833.333333333336,5.333333333333333,0,0,0.30840571529159744
3,9,84700,11,med,1,20,8,2,2인 여행(가족 외),1.0,41.0,3.0,28233.33333333333,3.6666666666666665,0,0,0.051430209526895095
3,5,172820,7,high,2,30,7,1,2인 여행(가족 외),1.0,11.0,1.6666666666666667,57606.66666666666,2.333333333333333,0,0,0.19793738652932916
4,11,29500,11,low,1,30,7,1,나홀로 여행,0.0,44.0,2.75,7375.0,2.75,0,0,0.027097073194352266
3,6,78900,11,med,1,30,7,9,2인 여행(가족 외),1.0,43.0,2.0,26300.0,3.6666666666666665,0,0,0.18267136946300983
4,11,215900,22,high,2,30,7,3,정보없음,1.0,36.0,2.75,53975.0,5.5,0,0,0.01094640122525434
2,5,89630,6,med,1,30,7,1,2인 여행(가족 외),1.0,28.0,2.5,44815.0,3.0,0,0,0.17461802911338792
1,5,14390,9,low,1,20,6,1,나홀로 여행,0.0,41.0,5.0,14390.0,9.0,0,0,0.008072720403134686
5,22,311310,26,high,1,30,4,8,나홀로 여행,0.0,47.0,4.4,62262.0,5.2,0,0,0.21711513121291126
2,8,142900,7,med,2,20,4,1,2인 여행(가족 외),1.0,41.0,4.0,71450.0,3.5,0,0,0.13390522164385393
3,5,12500,8,low,1,40,6,3,3인 이상 여행(가족 외),4.0,41.0,1.6666666666666667,4166.666666666667,2.6666666666666665,0,0,0.0058613417785688925
2,6,17900,2,low,1,20,7,2,나홀로 여행,0.0,11.0,3.0,8950.0,1.0,0,0,0.20268968471443258
2,5,42000,5,low,1,60,9,4,2인 여행(가족 외),1.0,41.0,2.5,21000.0,2.5,0,0,0.11181523542753766
2,12,69300,14,med,2,30,7,3,정보없음,1.0,36.0,6.0,34650.0,7.0,0,0,0.14636939597600748
4,14,764300,16,high,2,60,7,3,3인 이상 여행(가족 외),3.0,48.0,3.5,191075.0,4.0,0,0,0.23980150957402338
3,6,358160,8,high,2,30,7,3,정보없음,1.0,36.0,2.0,119386.66666666669,2.6666666666666665,0,0,0.04290036041541016
2,7,5500,5,low,2,30,7,3,정보없음,1.0,36.0,3.5,2750.0,2.5,0,0,0.24358658113249437
2,11,82600,11,med,2,20,7,2,나홀로 여행,0.0,41.0,5.5,41300.0,5.5,0,0,0.0559127053543729
1,3,172100,4,high,2,30,10,1,2인 여행(가족 외),1.0,41.0,3.0,172100.0,4.0,0,0,0.36811209994420696
2,4,143300,4,med,1,20,5,1,나홀로 여행,0.0,41.0,2.0,71650.0,2.0,0,0,0.1285241315356906
4,7,103000,6,med,2,30,7,3,정보없음,1.0,36.0,1.75,25750.0,1.5,0,0,0.10738194659612274
3,8,212520,16,high,2,30,7,7,나홀로 여행,0.0,41.0,2.6666666666666665,70840.0,5.333333333333333,0,0,0.0788921356506089
4,20,117300,23,med,2,30,5,1,나홀로 여행,0.0,27.0,5.0,29325.0,5.75,0,0,0.1371634104454155
4,16,202300,15,high,1,30,3,1,2인 여행(가족 외),1.0,41.0,4.0,50575.0,3.75,0,0,0.028399952089183406
3,12,77400,13,med,2,20,5,5,나홀로 여행,0.0,11.0,4.0,25800.0,4.333333333333333,0,0,0.005892375375651066
3,7,76500,10,med,1,40,10,3,자녀 동반 여행,3.0,28.0,2.333333333333333,25500.0,3.333333333333333,0,0,0.1572873755408766
2,5,65000,6,med,1,20,11,3,2인 여행(가족 외),1.0,41.0,2.5,32500.0,3.0,0,0,0.1304602645922926
2,14,84300,12,med,2,30,8,2,부모 동반 여행,3.0,41.0,7.0,42150.0,6.0,0,0,0.02686339151983617
2,4,34000,6,low,2,30,7,3,정보없음,1.0,36.0,2.0,17000.0,3.0,0,0,0.2840516616059542
2,4,11050,5,low,2,30,7,10,나홀로 여행,0.0,11.0,2.0,5525.0,2.5,0,0,0.36758976011334293
2,6,26300,6,low,2,30,6,6,나홀로 여행,0.0,11.0,3.0,13150.0,3.0,0,0,0.21010592988467222
2,10,21000,16,low,2,30,7,3,정보없음,1.0,36.0,5.0,10500.0,8.0,0,0,0.15311160278279728
2,11,105900,13,med,1,20,7,5,나홀로 여행,0.0,11.0,5.5,52950.0,6.5,0,0,0.25128830331839086
3,9,109200,23,med,2,20,10,2,2인 여행(가족 외),1.0,11.0,3.0,36400.0,7.666666666666667,0,0,0.0087720382522201
3,7,84000,12,med,2,60,5,2,자녀 동반 여행,1.0,11.0,2.333333333333333,28000.0,4.0,0,0,0.040438956690899704
5,21,7649050,22,high,2,50,7,7,3인 이상 여행(가족 외),2.0,50.0,4.2,1529810.0,4.4,0,0,0.3457438583710205
2,8,51800,8,med,2,40,7,3,3인 이상 여행(가족 외),1.0,11.0,4.0,25900.0,4.0,0,0,0.06265486797412914
3,14,184500,14,high,2,20,7,1,2인 여행(가족 외),1.0,11.0,4.666666666666667,61500.0,4.666666666666667,0,0,0.09366477470334462
2,6,117400,10,med,2,30,7,7,2인 여행(가족 외),1.0,11.0,3.0,58700.0,5.0,0,0,0.1304569393765245
3,6,84000,11,med,1,30,10,2,자녀 동반 여행,3.0,11.0,2.0,28000.0,3.6666666666666665,0,0,0.035513599473852665
2,9,12000,11,low,1,20,8,2,2인 여행(가족 외),1.0,41.0,4.5,6000.0,5.5,0,0,0.04358172445343824
2,5,64000,7,med,1,30,7,3,자녀 동반 여행,2.0,41.0,2.5,32000.0,3.5,0,0,0.23518719510398908
2,9,28500,10,low,2,40,11,1,나홀로 여행,0.0,11.0,4.5,14250.0,5.0,0,0,0.2701137964052194
2,7,43600,9,low,2,60,7,7,나홀로 여행,0.0,41.0,3.5,21800.0,4.5,0,0,0.28744593667445295
2,10,127900,10,med,2,20,5,8,나홀로 여행,0.0,41.0,5.0,63950.0,5.0,0,0,0.09522006876006361
2,7,7100,10,low,2,20,9,2,나홀로 여행,0.0,41.0,3.5,3550.0,5.0,0,0,0.06798377365315289
1,2,84000,2,med,1,20,4,3,2인 여행(가족 외),1.0,28.0,2.0,84000.0,2.0,0,0,0.13240974686204834
1,2,84000,5,med,2,40,4,3,자녀 동반 여행,3.0,11.0,2.0,84000.0,5.0,0,0,0.004006921168041078
3,10,143200,9,med,2,30,7,3,2인 가족 여행,1.0,11.0,3.333333333333333,47733.333333333336,3.0,0,0,0.1413146774962726
5,21,403800,23,high,1,20,8,7,나홀로 여행,0.0,29.0,4.2,80760.0,4.6,0,0,0.02629038085546467
2,6,84000,5,med,2,30,7,3,정보없음,1.0,36.0,3.0,42000.0,2.5,0,0,0.22117870989136337
3,15,24550,22,low,1,40,8,2,나홀로 여행,0.0,41.0,5.0,8183.333333333333,7.333333333333333,0,0,0.01618453044120381
3,25,522100,27,high,1,30,7,3,3인 이상 여행(가족 외),2.0,31.0,8.333333333333334,174033.33333333334,9.0,0,0,0.09734823517383075
2,5,21100,5,low,2,30,7,3,정보없음,1.0,36.0,2.5,10550.0,2.5,0,0,0.2659380711177276
3,6,84000,6,med,2,50,8,1,2인 여행(가족 외),1.0,11.0,2.0,28000.0,2.0,0,0,0.365676775372991
3,14,161200,11,high,2,20,7,3,2인 여행(가족 외),1.0,45.0,4.666666666666667,53733.333333333336,3.6666666666666665,0,0,0.06336041089357443
2,8,43500,11,low,2,30,5,3,자녀 동반 여행,1.0,41.0,4.0,21750.0,5.5,0,0,0.31277865555033646
2,3,67900,5,med,2,20,7,7,2인 여행(가족 외),1.0,11.0,1.5,33950.0,2.5,0,0,0.19951990754720242
2,8,311500,11,high,1,20,7,1,나홀로 여행,0.0,28.0,4.0,155750.0,5.5,0,0,0.05865656976285088
4,10,240650,13,high,2,30,7,3,정보없음,1.0,36.0,2.5,60162.5,3.25,0,0,0.038392978460833636
1,5,23000,7,low,2,20,5,7,2인 여행(가족 외),1.0,28.0,5.0,23000.0,7.0,0,0,0.06978981553694927
2,7,147600,10,med,2,20,9,1,2인 여행(가족 외),1.0,11.0,3.5,73800.0,5.0,0,0,0.20703438400986326
2,6,111000,5,med,1,40,9,3,자녀 동반 여행,3.0,41.0,3.0,55500.0,2.5,0,0,0.243653919634528
2,12,28800,12,low,2,40,7,8,나홀로 여행,0.0,28.0,6.0,14400.0,6.0,0,0,0.013143277376739445
3,6,140000,13,med,2,40,4,1,3인 이상 여행(가족 외),4.0,11.0,2.0,46666.66666666666,4.333333333333333,0,0,0.005796484553578478
4,15,157100,13,high,1,40,10,9,2인 가족 여행,1.0,26.0,3.75,39275.0,3.25,0,0,0.025949858080531487
2,9,54400,9,med,1,40,12,8,3인 이상 여행(가족 외),2.0,11.0,4.5,27200.0,4.5,0,0,0.0028119564949424655
1,2,3900,3,low,2,30,7,3,정보없음,1.0,36.0,2.0,3900.0,3.0,0,0,0.33166830435331474
2,11,68200,12,med,2,20,8,7,2인 여행(가족 외),1.0,41.0,5.5,34100.0,6.0,0,0,0.03753375852359244
4,12,280220,12,high,2,40,9,2,3인 이상 여행(가족 외),3.0,11.0,3.0,70055.0,3.0,0,0,0.3728258163232818
3,15,189500,14,high,2,20,7,5,2인 여행(가족 외),1.0,31.0,5.0,63166.66666666666,4.666666666666667,0,0,0.04460197888978871
2,6,13900,5,low,1,30,5,2,3인 이상 여행(가족 외),2.0,44.0,3.0,6950.0,2.5,0,0,0.1689082664376459
2,4,160950,10,high,2,30,5,3,자녀 동반 여행,2.0,28.0,2.0,80475.0,5.0,0,0,0.10243332305595941
2,11,58860,15,med,2,30,4,6,나홀로 여행,0.0,27.0,5.5,29430.0,7.5,0,0,0.04842086725578555
2,7,699600,11,high,2,40,11,3,자녀 동반 여행,3.0,41.0,3.5,349800.0,5.5,0,0,0.01603488458246355
2,7,12500,7,low,1,30,7,3,2인 여행(가족 외),1.0,41.0,3.5,6250.0,3.5,0,0,0.30493065635079697
2,5,76400,8,med,2,30,7,2,나홀로 여행,2.0,11.0,2.5,38200.0,4.0,0,0,0.03467465508613468
2,5,130000,5,med,2,20,7,1,2인 여행(가족 외),1.0,41.0,2.5,65000.0,2.5,0,0,0.22574516881606557
5,12,316450,7,high,1,20,12,1,나홀로 여행,0.0,41.0,2.4,63290.0,1.4,0,0,0.1589839874830551
2,9,29200,9,low,1,30,7,6,나홀로 여행,0.0,41.0,4.5,14600.0,4.5,0,0,0.34529643932819387
1,2,47950,6,med,2,30,7,3,정보없음,1.0,36.0,2.0,47950.0,6.0,0,0,0.2722776680874725
3,12,213530,12,high,1,20,12,1,2인 여행(가족 외),1.0,41.0,4.0,71176.66666666667,4.0,0,0,0.014784934456842265
3,10,81000,12,med,2,30,7,3,정보없음,1.0,36.0,3.333333333333333,27000.0,4.0,0,0,0.09692082474078775
2,18,63100,26,med,2,20,6,2,나홀로 여행,0.0,11.0,9.0,31550.0,13.0,0,0,0.03949624117797746
2,10,43900,10,low,1,30,6,3,3인 이상 여행(가족 외),3.0,11.0,5.0,21950.0,5.0,0,0,0.0484638231829923
2,7,234600,15,high,1,30,11,1,2인 가족 여행,1.0,43.0,3.5,117300.0,7.5,0,0,0.00044001136704220747
3,12,926900,15,high,1,20,7,7,3인 이상 여행(가족 외),6.0,11.0,4.0,308966.6666666667,5.0,0,0,0.28130204748788656
3,7,63900,10,med,2,30,9,1,3인 이상 여행(가족 외),6.0,11.0,2.333333333333333,21300.0,3.333333333333333,0,0,0.013124086803093904
2,9,197600,10,high,2,20,7,1,나홀로 여행,0.0,31.0,4.5,98800.0,5.0,0,0,0.13162270994497355
2,9,34500,13,low,2,30,9,1,나홀로 여행,0.0,26.0,4.5,17250.0,6.5,0,0,0.224512249721321
5,16,71800,19,med,2,20,4,1,나홀로 여행,4.0,48.0,3.2,14360.0,3.8,0,0,0.0016568757657227683
2,6,49500,13,med,2,40,3,1,나홀로 여행,0.0,41.0,3.0,24750.0,6.5,0,0,0.01104693186753279
3,10,157360,11,high,2,30,7,2,2인 여행(가족 외),1.0,11.0,3.333333333333333,52453.333333333336,3.6666666666666665,0,0,0.033670964348012804
4,14,201600,18,high,2,30,7,3,정보없음,1.0,36.0,3.5,50400.0,4.5,0,0,0.028176815946953995
2,8,101200,9,med,2,30,7,3,정보없음,1.0,36.0,4.0,50600.0,4.5,0,0,0.1875786678582233
2,6,149700,9,med,2,50,5,7,나홀로 여행,0.0,41.0,3.0,74850.0,4.5,0,0,0.17438327222506284
2,8,84000,8,med,1,40,7,4,나홀로 여행,0.0,41.0,4.0,42000.0,4.0,0,0,0.09193713270808976
2,7,84000,7,med,2,30,7,3,정보없음,1.0,36.0,3.5,42000.0,3.5,0,0,0.1985548299880926
4,24,339000,26,high,2,20,6,9,3인 이상 여행(가족 외),2.0,41.0,6.0,84750.0,6.5,0,0,0.21723031869545453
3,7,13600,7,low,1,30,8,9,2인 가족 여행,1.0,28.0,2.333333333333333,4533.333333333333,2.333333333333333,0,0,0.009443416600096599
3,13,151300,22,high,2,30,5,1,나홀로 여행,0.0,48.0,4.333333333333333,50433.333333333336,7.333333333333333,0,0,0.03377101150986216
3,12,100100,15,med,2,40,4,9,자녀 동반 여행,2.0,27.0,4.0,33366.666666666664,5.0,0,0,0.02053691637231674
2,4,70000,4,med,1,30,9,6,2인 가족 여행,1.0,11.0,2.0,35000.0,2.0,0,0,0.050163549988847936
2,4,712200,3,high,2,30,11,1,2인 가족 여행,1.0,11.0,2.0,356100.0,1.5,0,0,0.1704163174275382
2,8,58800,6,med,1,20,7,3,2인 여행(가족 외),1.0,41.0,4.0,29400.0,3.0,0,0,0.17038911670549095
2,4,266350,4,high,1,40,12,2,3인 이상 여행(가족 외),2.0,11.0,2.0,133175.0,2.0,0,0,0.2045683249687778
4,14,38300,11,low,2,30,8,2,나홀로 여행,0.0,41.0,3.5,9575.0,2.75,0,0,0.027647990975767058
3,6,197200,10,high,2,30,7,3,정보없음,1.0,36.0,2.0,65733.33333333333,3.333333333333333,0,0,0.06895085416717153
2,3,5500,3,low,2,30,7,3,정보없음,1.0,36.0,1.5,2750.0,1.5,0,0,0.17825299994493743
2,6,16500,5,low,2,50,8,3,2인 여행(가족 외),1.0,41.0,3.0,8250.0,2.5,0,0,0.15778720379112546
2,7,47300,8,med,1,20,9,1,2인 여행(가족 외),1.0,11.0,3.5,23650.0,4.0,0,0,0.37561939101995284
2,3,13000,2,low,2,30,7,3,정보없음,1.0,36.0,1.5,6500.0,1.0,0,0,0.30755952481195825
3,7,68800,11,med,1,30,3,3,2인 여행(가족 외),1.0,11.0,2.333333333333333,22933.33333333333,3.6666666666666665,0,0,0.02359618351031909
2,7,68000,9,med,2,20,5,3,2인 가족 여행,1.0,28.0,3.5,34000.0,4.5,0,0,0.0969571301796778
3,13,296130,14,high,1,20,7,10,2인 여행(가족 외),1.0,11.0,4.333333333333333,98710.0,4.666666666666667,0,0,0.012001081080075483
2,10,109000,10,med,2,30,7,2,2인 여행(가족 외),1.0,27.0,5.0,54500.0,5.0,0,0,0.36812695419917796
2,5,18700,9,low,2,20,12,2,나홀로 여행,0.0,41.0,2.5,9350.0,4.5,0,0,0.03702029122876669
2,3,35000,5,low,2,30,7,1,나홀로 여행,0.0,41.0,1.5,17500.0,2.5,0,0,0.3289632264481929
3,10,53270,15,med,2,20,12,2,나홀로 여행,0.0,11.0,3.333333333333333,17756.666666666668,5.0,0,0,0.009062273028880479
4,12,316900,22,high,1,30,9,9,2인 가족 여행,1.0,41.0,3.0,79225.0,5.5,0,0,0.01929675264223419
3,14,76000,14,med,2,20,7,2,나홀로 여행,0.0,29.0,4.666666666666667,25333.33333333333,4.666666666666667,0,0,0.039616475798512865
2,4,84100,5,med,1,30,7,3,자녀 동반 여행,3.0,44.0,2.0,42050.0,2.5,0,0,0.0437991183678365
4,6,249010,12,high,2,30,7,3,정보없음,1.0,36.0,1.5,62252.5,3.0,0,0,0.02572513611011165
2,3,69900,6,med,2,40,8,3,3인 이상 여행(가족 외),3.0,11.0,1.5,34950.0,3.0,0,0,0.053676856925472145
2,6,40000,7,low,1,40,8,6,2인 가족 여행,1.0,41.0,3.0,20000.0,3.5,0,0,0.10093898967911309
2,8,711900,6,high,2,40,12,1,3인 이상 여행(가족 외),3.0,41.0,4.0,355950.0,3.0,0,0,0.28269072894779657
2,4,63100,8,med,2,30,7,3,정보없음,1.0,36.0,2.0,31550.0,4.0,0,0,0.18051861136060054
4,19,157300,20,high,2,40,4,6,나홀로 여행,0.0,50.0,4.75,39325.0,5.0,0,0,0.03966808216546586
2,8,16100,8,low,2,30,7,8,나홀로 여행,0.0,44.0,4.0,8050.0,4.0,0,0,0.38393661139524005
2,4,84000,1,med,2,30,7,3,정보없음,1.0,36.0,2.0,42000.0,0.5,0,0,0.1285674528074702
3,7,263550,12,high,2,20,4,2,2인 여행(가족 외),3.0,41.0,2.333333333333333,87850.0,4.0,0,0,0.08046145940498846
2,11,181000,12,high,2,60,12,1,2인 여행(가족 외),1.0,30.0,5.5,90500.0,6.0,0,0,0.011849146535629441
4,15,629200,14,high,1,30,7,3,2인 여행(가족 외),1.0,26.0,3.75,157300.0,3.5,0,0,0.1372990401162787
2,5,52000,5,med,1,30,8,3,2인 가족 여행,1.0,41.0,2.5,26000.0,2.5,0,0,0.1219803002993243
2,18,85500,22,med,2,30,7,1,2인 여행(가족 외),1.0,26.0,9.0,42750.0,11.0,0,0,0.1877883978665234
2,8,68400,12,med,2,60,4,1,3대 동반 여행(친척 포함),4.0,28.0,4.0,34200.0,6.0,0,0,0.002874397907010148
3,18,241400,17,high,1,20,2,1,나홀로 여행,0.0,26.0,6.0,80466.66666666667,5.666666666666667,0,0,0.022967410927909618
2,5,73000,7,med,1,20,7,1,2인 여행(가족 외),1.0,11.0,2.5,36500.0,3.5,0,0,0.028984233777747323
1,3,275100,2,high,1,40,4,3,3대 동반 여행(친척 포함),5.0,11.0,3.0,275100.0,2.0,0,0,0.047614359784462414
2,5,22100,4,low,2,60,7,3,자녀 동반 여행,2.0,28.0,2.5,11050.0,2.0,0,0,0.2692912882746017
4,17,91300,22,med,1,30,7,3,2인 여행(가족 외),1.0,48.0,4.25,22825.0,5.5,0,0,0.2674543578276879
3,9,100000,8,med,2,20,5,2,2인 여행(가족 외),1.0,28.0,3.0,33333.333333333336,2.6666666666666665,0,0,0.07762726016952794
4,19,133000,17,med,1,30,7,1,나홀로 여행,0.0,29.0,4.75,33250.0,4.25,0,0,0.033328763775106254
3,8,122900,12,med,2,20,7,1,2인 여행(가족 외),0.0,11.0,2.6666666666666665,40966.66666666666,4.0,0,0,0.009452632040096505
2,5,121200,6,med,2,30,7,2,2인 여행(가족 외),1.0,41.0,2.5,60600.0,3.0,0,0,0.29105323705199143
2,6,71400,10,med,1,60,9,2,2인 여행(가족 외),1.0,41.0,3.0,35700.0,5.0,0,0,0.13497053643834314
3,7,165000,4,high,1,20,4,2,부모 동반 여행,2.0,41.0,2.333333333333333,55000.0,1.3333333333333333,0,0,0.20979372391773068
4,9,97450,17,med,2,30,7,1,나홀로 여행,0.0,11.0,2.25,24362.5,4.25,0,0,0.020431216924739246
1,8,84000,8,med,1,20,6,1,나홀로 여행,0.0,41.0,8.0,84000.0,8.0,0,0,0.05407072336192173
2,7,127500,8,med,2,30,7,3,정보없음,1.0,36.0,3.5,63750.0,4.0,0,0,0.3218450727191516
3,13,114600,10,med,1,30,7,4,2인 여행(가족 외),1.0,41.0,4.333333333333333,38200.0,3.333333333333333,0,0,0.21031493671349222
3,14,295200,16,high,2,30,8,2,부모 동반 여행,2.0,41.0,4.666666666666667,98400.0,5.333333333333333,0,0,0.04939238624290683
2,11,88000,11,med,2,20,7,3,2인 여행(가족 외),1.0,43.0,5.5,44000.0,5.5,0,0,0.2414473219757118
1,6,226100,6,high,2,30,7,3,정보없음,1.0,36.0,6.0,226100.0,6.0,0,0,0.10509266767277348
2,6,195100,5,high,2,20,7,10,나홀로 여행,0.0,30.0,3.0,97550.0,2.5,0,0,0.01575170430327215
3,15,237640,21,high,2,50,12,1,3대 동반 여행(친척 포함),3.0,11.0,5.0,79213.33333333333,7.0,0,0,0.0040237198463949206
2,8,80300,8,med,1,30,7,2,나홀로 여행,0.0,43.0,4.0,40150.0,4.0,0,0,0.13756859750708955
1,2,3500,3,low,2,30,4,1,자녀 동반 여행,3.0,41.0,2.0,3500.0,3.0,0,0,0.051664268512127215
3,18,284200,22,high,1,20,7,4,2인 여행(가족 외),1.0,43.0,6.0,94733.33333333331,7.333333333333333,0,0,0.01513152922223821
2,3,63380,3,med,2,30,7,3,2인 여행(가족 외),1.0,11.0,1.5,31690.0,1.5,0,0,0.14976781400147723
2,12,330770,16,high,1,20,7,1,2인 여행(가족 외),1.0,11.0,6.0,165385.0,8.0,0,0,0.22874624413558695
2,6,235000,7,high,2,40,7,3,3대 동반 여행(친척 포함),4.0,11.0,3.0,117500.0,3.5,0,0,0.12292699436029983
3,10,132600,9,med,1,30,7,2,3인 이상 여행(가족 외),1.0,11.0,3.333333333333333,44200.0,3.0,0,0,0.18623338293005132
3,18,380700,25,high,2,30,4,9,3인 이상 여행(가족 외),3.0,26.0,6.0,126900.0,8.333333333333334,0,0,0.12243540665591099
4,15,112500,15,med,2,20,7,8,2인 여행(가족 외),1.0,43.0,3.75,28125.0,3.75,0,0,0.2806331853274259
2,7,61900,15,med,2,30,7,1,나홀로 여행,0.0,11.0,3.5,30950.0,7.5,0,0,0.02441259708277706
2,7,49733,9,med,2,20,8,1,2인 여행(가족 외),1.0,41.0,3.5,24866.5,4.5,0,0,0.37128146109630045
2,9,92200,17,med,2,20,1,3,2인 여행(가족 외),1.0,44.0,4.5,46100.0,8.5,0,0,0.11978959819645131
2,4,125000,5,med,1,30,7,1,나홀로 여행,0.0,30.0,2.0,62500.0,2.5,0,0,0.08288973440967089
2,4,84000,9,med,1,60,7,6,나홀로 여행,1.0,11.0,2.0,42000.0,4.5,0,0,0.030851123950259574
2,4,6300,5,low,1,20,5,2,나홀로 여행,0.0,41.0,2.0,3150.0,2.5,0,0,0.16136655135495473
3,8,150500,8,med,2,20,10,2,2인 여행(가족 외),1.0,41.0,2.6666666666666665,50166.66666666666,2.6666666666666665,0,0,0.3934484236951983
2,6,120180,7,med,1,30,5,3,2인 여행(가족 외),1.0,11.0,3.0,60090.0,3.5,0,0,0.3570670887003275
2,3,101800,5,med,2,40,5,7,자녀 동반 여행,2.0,11.0,1.5,50900.0,2.5,0,0,0.22476369007943509
2,7,70500,8,med,2,20,7,10,나홀로 여행,0.0,41.0,3.5,35250.0,4.0,0,0,0.0899640305931454
2,4,26500,8,low,1,30,9,3,자녀 동반 여행,3.0,11.0,2.0,13250.0,4.0,0,0,0.022205881893871664
1,2,96700,4,med,1,30,8,1,나홀로 여행,0.0,41.0,2.0,96700.0,4.0,0,0,0.030308248022402767
2,5,77200,6,med,1,30,6,8,자녀 동반 여행,2.0,28.0,2.5,38600.0,3.0,0,0,0.2963631478859147
3,7,300500,13,high,1,30,8,8,3인 이상 여행(가족 외),3.0,30.0,2.333333333333333,100166.66666666669,4.333333333333333,0,0,0.047116065940134795
