TRAVEL_ID,TRAVELER_ID,TRAVEL_LENGTH
a_a014262,a014262,2
a_a006728,a006728,2
a_a015745,a015745,4
a_a010544,a010544,2
a_a012058,a012058,2
a_a001826,a001826,3
a_a002687,a002687,3
a_a001405,a001405,3
a_a008173,a008173,3
a_a005503,a005503,3
a_a014026,a014026,2
a_a006743,a006743,2
a_a001240,a001240,4
a_a018188,a018188,2
a_a001129,a001129,3
a_a007389,a007389,2
a_a000024,a000024,3
a_a017969,a017969,2
a_a012188,a012188,2
a_a006668,a006668,2
a_a006714,a006714,2
a_a002989,a002989,3
a_a018209,a018209,2
a_a006101,a006101,3
a_a008209,a008209,2
a_a005593,a005593,2
a_a001157,a001157,4
a_a000637,a000637,3
a_a005806,a005806,2
a_a000277,a000277,3
a_a000428,a000428,4
a_a018074,a018074,2
a_a004431,a004431,2
a_a003282,a003282,2
a_a000307,a000307,3
a_a000980,a000980,2
a_a010475,a010475,3
a_a008206,a008206,2
a_a008349,a008349,3
a_a005195,a005195,2
a_a005824,a005824,3
a_a013871,a013871,4
a_a000286,a000286,4
a_a005562,a005562,2
a_a006278,a006278,2
a_a018134,a018134,2
a_a000618,a000618,3
a_a004497,a004497,2
a_a005182,a005182,2
a_a008024,a008024,2
a_a003352,a003352,2
a_a003024,a003024,3
a_a006065,a006065,2
a_a011533,a011533,2
a_a002251,a002251,2
a_a006371,a006371,2
a_a001954,a001954,4
a_a004399,a004399,4
a_a003305,a003305,3
a_a004307,a004307,2
a_a017685,a017685,2
a_a006833,a006833,2
a_a006260,a006260,3
a_a004223,a004223,3
a_a003779,a003779,5
a_a001955,a001955,3
a_a002761,a002761,4
a_a005650,a005650,2
a_a003697,a003697,2
a_a001244,a001244,4
a_a002245,a002245,4
a_a007884,a007884,2
a_a000877,a000877,4
a_a002159,a002159,3
a_a001226,a001226,3
a_a001595,a001595,3
a_a002056,a002056,3
a_a005324,a005324,2
a_a006674,a006674,2
a_a002737,a002737,2
a_a002979,a002979,3
a_a003599,a003599,4
a_a006656,a006656,2
a_a018000,a018000,2
a_a006976,a006976,2
a_a004818,a004818,2
a_a010193,a010193,2
a_a000822,a000822,3
a_a011614,a011614,3
a_a002410,a002410,3
a_a009817,a009817,2
a_a006410,a006410,2
a_a013672,a013672,3
a_a010301,a010301,2
a_a007878,a007878,2
a_a000714,a000714,4
a_a013867,a013867,2
a_a001264,a001264,5
a_a004178,a004178,3
a_a003426,a003426,4
a_a006562,a006562,2
a_a003901,a003901,2
a_a000780,a000780,3
a_a007436,a007436,2
a_a000342,a000342,4
a_a005139,a005139,2
a_a005193,a005193,2
a_a006750,a006750,2
a_a014948,a014948,3
a_a000056,a000056,4
c_c005920,c005920,2
a_a015245,a015245,2
a_a007424,a007424,2
a_a001623,a001623,4
a_a002426,a002426,4
a_a000924,a000924,5
a_a006636,a006636,2
a_a003715,a003715,4
a_a004767,a004767,2
a_a003666,a003666,3
a_a003517,a003517,3
b_b006889,b006889,2
a_a010333,a010333,3
a_a007533,a007533,2
a_a007370,a007370,2
a_a018006,a018006,2
d_d007564,d007564,2
a_a000018,a000018,3
a_a006045,a006045,2
a_a006026,a006026,2
a_a007941,a007941,2
a_a006184,a006184,3
a_a004282,a004282,2
a_a007058,a007058,2
a_a001730,a001730,2
a_a002704,a002704,2
a_a007351,a007351,2
a_a007894,a007894,2
a_a006799,a006799,2
a_a007322,a007322,2
a_a007399,a007399,2
a_a015109,a015109,2
a_a005458,a005458,2
a_a018008,a018008,2
a_a004519,a004519,3
a_a002782,a002782,4
a_a009615,a009615,3
a_a010365,a010365,3
a_a007194,a007194,2
a_a005302,a005302,3
a_a007264,a007264,2
a_a012085,a012085,2
a_a002004,a002004,3
a_a007138,a007138,2
a_a002652,a002652,2
a_a006263,a006263,2
a_a005705,a005705,2
a_a001927,a001927,3
a_a017915,a017915,2
a_a000503,a000503,6
a_a003653,a003653,3
a_a001532,a001532,4
a_a001107,a001107,3
a_a002155,a002155,2
a_a007348,a007348,2
a_a004683,a004683,2
a_a018147,a018147,2
a_a005095,a005095,2
a_a017957,a017957,2
a_a002219,a002219,3
a_a000407,a000407,4
a_a001677,a001677,3
a_a005702,a005702,3
a_a003372,a003372,2
a_a007100,a007100,2
a_a002722,a002722,4
a_a017480,a017480,2
a_a003643,a003643,2
a_a003229,a003229,4
a_a000942,a000942,2
a_a007607,a007607,2
a_a006002,a006002,2
a_a004093,a004093,4
a_a005397,a005397,2
a_a018046,a018046,2
a_a007866,a007866,2
a_a006719,a006719,2
a_a007017,a007017,2
a_a000030,a000030,4
a_a001998,a001998,3
a_a007658,a007658,2
a_a001866,a001866,3
a_a004417,a004417,3
a_a006134,a006134,2
a_a007924,a007924,2
a_a001039,a001039,3
a_a005845,a005845,4
a_a005246,a005246,2
a_a002276,a002276,2
a_a001278,a001278,4
a_a000600,a000600,2
a_a009947,a009947,2
b_b006351,b006351,2
a_a003244,a003244,2
a_a000100,a000100,4
a_a000386,a000386,3
a_a009643,a009643,3
a_a000647,a000647,3
c_c014246,c014246,2
a_a005038,a005038,2
a_a003164,a003164,4
a_a001080,a001080,5
a_a000635,a000635,4
a_a008109,a008109,2
a_a012091,a012091,2
a_a005603,a005603,2
a_a000196,a000196,4
c_c000072,c000072,3
a_a005899,a005899,2
a_a000469,a000469,3
a_a004092,a004092,4
a_a017256,a017256,3
a_a003274,a003274,4
a_a002616,a002616,2
a_a009629,a009629,3
a_a001187,a001187,3
a_a007219,a007219,2
a_a000573,a000573,3
a_a002726,a002726,2
a_a000655,a000655,4
a_a014171,a014171,2
a_a006725,a006725,2
a_a001500,a001500,3
a_a006020,a006020,2
a_a006638,a006638,2
a_a006254,a006254,3
a_a002830,a002830,3
a_a002239,a002239,3
a_a003135,a003135,3
a_a009427,a009427,2
a_a017942,a017942,2
a_a003449,a003449,4
a_a001283,a001283,3
a_a003822,a003822,2
a_a007415,a007415,2
a_a002037,a002037,3
a_a005258,a005258,3
a_a003965,a003965,2
a_a009595,a009595,2
a_a002270,a002270,2
a_a003994,a003994,3
a_a007936,a007936,2
a_a004171,a004171,3
a_a018220,a018220,2
a_a003692,a003692,4
a_a012482,a012482,3
a_a002604,a002604,4
b_b013622,b013622,2
a_a001702,a001702,3
a_a017555,a017555,2
a_a007414,a007414,2
a_a000104,a000104,4
a_a001296,a001296,3
a_a011113,a011113,2
a_a003345,a003345,3
a_a014032,a014032,2
a_a017667,a017667,2
a_a013785,a013785,2
a_a015114,a015114,2
a_a000124,a000124,5
a_a001447,a001447,2
a_a005969,a005969,2
a_a002209,a002209,3
a_a004771,a004771,2
a_a002668,a002668,2
a_a007192,a007192,2
a_a003309,a003309,2
a_a014374,a014374,2
a_a011873,a011873,2
a_a007603,a007603,2
a_a007267,a007267,2
a_a003144,a003144,3
a_a008052,a008052,2
a_a001736,a001736,2
a_a017889,a017889,2
a_a000797,a000797,2
a_a004637,a004637,2
a_a004915,a004915,2
a_a001492,a001492,4
a_a009822,a009822,3
a_a000898,a000898,4
a_a003370,a003370,4
a_a006463,a006463,2
a_a014518,a014518,2
a_a008580,a008580,4
b_b012272,b012272,3
a_a007144,a007144,2
a_a010137,a010137,2
a_a006575,a006575,2
a_a017871,a017871,2
a_a008115,a008115,3
a_a018155,a018155,2
a_a017959,a017959,2
a_a008616,a008616,4
a_a004611,a004611,3
a_a004227,a004227,3
a_a007929,a007929,2
a_a009775,a009775,2
a_a000260,a000260,4
a_a014409,a014409,2
a_a005215,a005215,3
a_a007378,a007378,2
a_a008446,a008446,3
a_a001805,a001805,3
a_a002378,a002378,5
a_a006001,a006001,2
a_a006545,a006545,2
a_a002758,a002758,3
a_a014894,a014894,2
a_a005644,a005644,2
a_a004970,a004970,2
a_a002019,a002019,3
a_a004288,a004288,2
a_a000605,a000605,4
a_a017822,a017822,2
a_a018225,a018225,2
a_a002530,a002530,3
a_a007727,a007727,2
a_a001931,a001931,4
a_a005190,a005190,2
a_a000975,a000975,4
a_a000788,a000788,4
b_b004636,b004636,2
a_a004071,a004071,4
a_a003399,a003399,4
a_a007418,a007418,2
a_a004501,a004501,4
a_a003949,a003949,2
a_a017805,a017805,2
a_a007928,a007928,2
a_a017812,a017812,2
a_a006632,a006632,2
a_a011091,a011091,2
a_a005176,a005176,2
a_a004868,a004868,3
a_a001316,a001316,5
a_a007240,a007240,2
a_a007106,a007106,2
a_a006985,a006985,2
a_a011541,a011541,2
a_a010436,a010436,2
a_a009760,a009760,3
a_a005701,a005701,3
a_a000181,a000181,3
a_a002034,a002034,2
c_c008854,c008854,2
a_a002105,a002105,3
a_a008018,a008018,2
a_a014715,a014715,2
a_a001657,a001657,3
a_a000265,a000265,4
b_b009669,b009669,2
a_a007234,a007234,2
a_a017939,a017939,2
b_b012022,b012022,3
a_a014619,a014619,3
a_a013865,a013865,3
a_a010202,a010202,2
a_a005366,a005366,2
a_a000789,a000789,3
a_a018236,a018236,2
a_a008116,a008116,3
a_a003435,a003435,2
a_a006448,a006448,2
a_a014214,a014214,2
a_a000901,a000901,4
a_a002468,a002468,3
a_a002167,a002167,3
a_a017689,a017689,2
a_a017926,a017926,2
a_a006143,a006143,2
a_a006837,a006837,2
a_a003621,a003621,4
a_a003445,a003445,3
a_a001573,a001573,3
a_a006989,a006989,2
a_a003798,a003798,4
a_a018217,a018217,2
a_a002011,a002011,3
a_a004780,a004780,3
a_a012102,a012102,3
a_a005059,a005059,2
a_a001271,a001271,3
a_a000369,a000369,3
a_a001778,a001778,3
a_a005493,a005493,2
a_a004788,a004788,3
a_a003803,a003803,4
a_a015340,a015340,2
a_a017661,a017661,2
a_a007655,a007655,2
a_a005619,a005619,2
a_a001070,a001070,3
a_a003117,a003117,3
a_a003510,a003510,2
a_a008721,a008721,3
a_a004279,a004279,2
a_a006965,a006965,2
a_a002008,a002008,5
b_b011059,b011059,2
a_a006808,a006808,2
a_a018096,a018096,2
a_a013936,a013936,2
a_a009413,a009413,2
a_a003709,a003709,4
a_a003308,a003308,3
a_a003546,a003546,2
a_a015335,a015335,2
a_a009439,a009439,2
a_a001612,a001612,4
b_b003330,b003330,3
a_a000728,a000728,3
a_a014688,a014688,2
a_a008090,a008090,4
a_a003068,a003068,3
a_a009655,a009655,2
a_a007602,a007602,2
a_a005832,a005832,2
a_a011212,a011212,3
a_a001627,a001627,2
a_a007280,a007280,2
a_a006054,a006054,3
a_a011248,a011248,2
a_a018132,a018132,2
a_a002841,a002841,3
a_a003947,a003947,3
a_a000221,a000221,2
a_a018036,a018036,2
a_a000884,a000884,2
a_a003242,a003242,4
a_a002202,a002202,3
a_a005693,a005693,3
a_a010415,a010415,3
a_a001308,a001308,3
a_a007127,a007127,2
a_a000933,a000933,3
a_a006280,a006280,2
a_a008007,a008007,2
a_a001509,a001509,3
a_a009466,a009466,3
a_a003374,a003374,4
a_a011531,a011531,2
a_a006401,a006401,2
a_a006998,a006998,2
a_a005677,a005677,2
a_a000189,a000189,3
a_a005417,a005417,2
a_a009627,a009627,2
a_a017753,a017753,2
a_a004933,a004933,2
a_a012194,a012194,3
a_a002010,a002010,2
a_a002585,a002585,2
a_a011587,a011587,3
a_a004208,a004208,3
a_a013695,a013695,2
a_a001898,a001898,3
a_a011803,a011803,4
a_a015319,a015319,2
a_a005205,a005205,2
a_a005135,a005135,2
a_a010285,a010285,4
a_a003487,a003487,2
a_a000544,a000544,2
a_a003291,a003291,2
a_a007026,a007026,2
a_a005492,a005492,3
a_a017683,a017683,2
a_a011190,a011190,2
a_a000116,a000116,4
a_a003124,a003124,4
a_a007027,a007027,2
a_a018049,a018049,2
a_a010072,a010072,2
a_a001978,a001978,3
a_a002662,a002662,2
a_a010456,a010456,2
a_a017858,a017858,2
a_a015373,a015373,2
a_a011616,a011616,2
a_a004305,a004305,2
a_a018224,a018224,2
a_a018116,a018116,2
a_a000864,a000864,3
a_a001464,a001464,2
a_a004308,a004308,2
b_b006538,b006538,2
a_a010287,a010287,3
a_a002640,a002640,2
a_a004348,a004348,4
a_a007079,a007079,2
a_a018162,a018162,2
a_a000097,a000097,5
a_a000136,a000136,3
a_a002666,a002666,4
a_a001516,a001516,3
a_a002192,a002192,3
a_a000019,a000019,3
a_a007205,a007205,2
a_a017538,a017538,2
a_a002425,a002425,4
a_a011646,a011646,2
a_a004008,a004008,3
c_c005343,c005343,2
a_a002494,a002494,2
a_a001305,a001305,3
a_a005285,a005285,3
a_a003848,a003848,2
a_a006590,a006590,2
a_a000491,a000491,3
a_a009411,a009411,2
a_a001282,a001282,3
a_a012173,a012173,2
a_a006712,a006712,2
a_a000051,a000051,4
a_a004807,a004807,3
a_a008049,a008049,2
a_a001892,a001892,3
a_a003320,a003320,2
b_b006838,b006838,2
a_a002205,a002205,2
a_a006803,a006803,2
a_a004547,a004547,3
a_a012357,a012357,3
a_a017991,a017991,2
a_a001981,a001981,5
a_a015346,a015346,2
a_a001810,a001810,3
a_a005748,a005748,2
a_a014057,a014057,3
a_a002165,a002165,3
a_a017814,a017814,2
a_a004088,a004088,2
a_a017808,a017808,2
a_a009766,a009766,2
a_a014461,a014461,2
a_a017844,a017844,2
a_a010215,a010215,2
a_a018011,a018011,2
a_a010009,a010009,4
a_a008060,a008060,2
a_a000706,a000706,3
a_a001199,a001199,3
a_a000485,a000485,4
a_a000212,a000212,4
a_a005158,a005158,2
a_a010127,a010127,3
a_a001584,a001584,4
a_a000050,a000050,2
a_a003750,a003750,3
a_a004696,a004696,2
a_a015295,a015295,2
a_a001483,a001483,3
a_a001130,a001130,3
a_a000982,a000982,3
a_a001949,a001949,3
a_a001216,a001216,4
a_a003156,a003156,2
a_a005986,a005986,2
a_a007290,a007290,2
a_a008044,a008044,2
a_a001971,a001971,3
a_a005956,a005956,3
a_a005485,a005485,2
a_a002091,a002091,3
a_a000820,a000820,2
a_a004420,a004420,4
a_a002701,a002701,3
b_b007021,b007021,2
a_a001352,a001352,3
a_a014301,a014301,2
a_a018221,a018221,2
a_a000978,a000978,4
a_a005487,a005487,2
a_a007180,a007180,2
a_a006449,a006449,2
a_a003694,a003694,3
a_a017989,a017989,2
a_a005643,a005643,2
a_a005675,a005675,2
a_a009740,a009740,4
a_a001295,a001295,3
a_a005994,a005994,2
a_a005616,a005616,2
a_a007333,a007333,2
a_a001428,a001428,3
a_a001699,a001699,3
a_a005992,a005992,2
a_a014856,a014856,2
a_a006352,a006352,2
a_a001350,a001350,4
a_a004909,a004909,2
a_a015837,a015837,5
a_a001123,a001123,3
a_a000506,a000506,11
a_a002679,a002679,3
a_a005962,a005962,2
a_a012127,a012127,2
d_d004639,d004639,4
a_a001082,a001082,2
a_a002713,a002713,3
a_a000172,a000172,5
a_a017687,a017687,2
a_a010237,a010237,3
a_a000824,a000824,3
a_a006232,a006232,2
a_a018002,a018002,2
a_a013608,a013608,3
a_a001421,a001421,3
a_a007167,a007167,2
a_a014835,a014835,6
a_a012155,a012155,2
a_a017831,a017831,2
a_a007408,a007408,2
a_a001079,a001079,3
a_a000891,a000891,2
a_a006457,a006457,2
a_a007309,a007309,2
a_a006557,a006557,2
a_a001982,a001982,3
a_a002756,a002756,3
a_a017998,a017998,2
a_a010010,a010010,2
a_a001311,a001311,3
a_a007609,a007609,2
a_a017943,a017943,2
a_a018126,a018126,2
a_a014164,a014164,2
a_a001608,a001608,2
a_a002509,a002509,3
a_a006835,a006835,2
a_a009424,a009424,2
a_a000520,a000520,3
a_a006709,a006709,2
a_a003430,a003430,3
a_a006679,a006679,2
a_a012198,a012198,3
a_a018068,a018068,2
a_a003658,a003658,4
a_a002344,a002344,4
a_a014920,a014920,2
a_a002373,a002373,3
a_a002895,a002895,4
a_a004310,a004310,2
a_a002196,a002196,2
a_a006018,a006018,2
a_a014657,a014657,3
a_a002121,a002121,3
a_a002417,a002417,4
a_a003390,a003390,3
a_a004211,a004211,5
a_a001508,a001508,3
a_a002567,a002567,3
a_a010138,a010138,2
a_a003006,a003006,3
a_a003778,a003778,2
a_a001957,a001957,4
a_a017684,a017684,2
a_a014724,a014724,4
a_a001753,a001753,3
a_a006822,a006822,2
a_a006748,a006748,2
a_a000174,a000174,2
a_a017997,a017997,2
a_a007272,a007272,2
a_a006685,a006685,2
a_a007102,a007102,2
a_a017850,a017850,2
a_a000565,a000565,2
a_a002760,a002760,3
a_a003825,a003825,3
a_a003073,a003073,2
a_a006290,a006290,2
a_a003784,a003784,2
a_a002211,a002211,3
a_a017945,a017945,2
a_a003576,a003576,2
a_a013696,a013696,3
a_a004862,a004862,3
a_a006778,a006778,2
a_a005424,a005424,3
a_a000509,a000509,3
a_a002727,a002727,3
a_a005287,a005287,2
a_a000215,a000215,2
a_a001895,a001895,2
a_a018189,a018189,2
a_a001802,a001802,3
a_a012494,a012494,4
a_a004982,a004982,3
a_a003297,a003297,2
a_a018070,a018070,2
a_a010192,a010192,2
a_a007599,a007599,2
a_a003181,a003181,3
a_a000795,a000795,3
a_a008211,a008211,4
a_a001090,a001090,5
a_a006938,a006938,2
a_a012337,a012337,2
a_a000058,a000058,4
a_a002835,a002835,3
a_a005698,a005698,3
a_a002493,a002493,3
a_a004937,a004937,2
a_a001380,a001380,3
a_a009924,a009924,4
a_a006820,a006820,2
a_a000373,a000373,4
a_a007013,a007013,2
a_a000593,a000593,3
a_a005606,a005606,2
a_a007595,a007595,2
a_a006444,a006444,2
a_a003257,a003257,2
a_a007316,a007316,2
a_a010431,a010431,3
a_a006375,a006375,2
a_a000266,a000266,3
a_a001709,a001709,3
a_a007919,a007919,2
a_a005568,a005568,3
a_a002880,a002880,2
a_a005232,a005232,2
a_a007157,a007157,2
a_a000012,a000012,4
a_a017704,a017704,2
a_a003626,a003626,3
a_a009956,a009956,3
a_a003077,a003077,2
a_a002824,a002824,2
a_a014008,a014008,2
a_a001368,a001368,3
a_a001881,a001881,3
a_a007332,a007332,2
a_a012183,a012183,2
a_a005001,a005001,2
a_a003132,a003132,3
a_a012133,a012133,3
a_a005409,a005409,2
a_a004507,a004507,2
a_a002853,a002853,3
a_a000074,a000074,4
a_a005709,a005709,2
a_a006772,a006772,2
a_a000111,a000111,4
a_a008108,a008108,3
a_a007969,a007969,2
a_a007890,a007890,2
a_a002491,a002491,2
a_a004603,a004603,2
a_a006028,a006028,2
a_a003093,a003093,3
a_a013734,a013734,2
a_a015272,a015272,3
a_a004106,a004106,2
a_a005303,a005303,2
a_a006660,a006660,2
a_a014858,a014858,3
a_a002115,a002115,2
a_a012192,a012192,2
a_a002414,a002414,3
a_a006066,a006066,2
a_a007702,a007702,2
a_a001837,a001837,3
a_a006718,a006718,2
a_a000744,a000744,2
a_a004076,a004076,4
a_a006542,a006542,2
a_a002908,a002908,3
a_a001168,a001168,3
a_a002526,a002526,2
a_a002153,a002153,2
a_a007349,a007349,2
a_a007641,a007641,2
a_a010570,a010570,3
a_a015329,a015329,2
a_a005795,a005795,3
a_a005639,a005639,2
a_a007578,a007578,2
a_a006818,a006818,2
a_a015771,a015771,4
a_a009690,a009690,3
a_a000207,a000207,2
a_a000670,a000670,3
a_a005360,a005360,2
a_a017962,a017962,2
a_a001208,a001208,4
a_a000028,a000028,3
a_a010226,a010226,2
a_a013738,a013738,2
a_a005147,a005147,2
a_a000180,a000180,3
a_a006963,a006963,2
a_a008146,a008146,3
a_a006411,a006411,2
a_a011737,a011737,2
a_a002458,a002458,4
a_a001514,a001514,2
a_a000147,a000147,3
a_a003185,a003185,3
a_a003192,a003192,4
a_a002638,a002638,2
a_a006581,a006581,2
a_a017935,a017935,2
a_a013762,a013762,2
a_a017665,a017665,2
a_a007373,a007373,2
a_a007179,a007179,2
a_a018206,a018206,2
a_a002985,a002985,3
a_a014921,a014921,2
a_a006659,a006659,2
a_a000796,a000796,3
a_a002966,a002966,2
a_a010085,a010085,3
a_a003033,a003033,2
a_a017260,a017260,2
a_a005961,a005961,3
a_a004150,a004150,3
a_a007209,a007209,2
a_a002398,a002398,3
a_a000336,a000336,4
a_a004301,a004301,2
a_a007221,a007221,2
a_a015734,a015734,4
a_a017965,a017965,2
a_a006613,a006613,2
a_a004896,a004896,3
a_a002400,a002400,3
a_a002388,a002388,3
a_a018131,a018131,2
a_a003762,a003762,2
a_a007337,a007337,2
a_a007042,a007042,2
a_a006213,a006213,2
a_a007304,a007304,2
a_a014770,a014770,3
a_a002138,a002138,3
a_a003490,a003490,2
a_a014096,a014096,2
a_a006628,a006628,2
a_a008715,a008715,4
a_a011104,a011104,3
a_a006336,a006336,2
a_a006468,a006468,2
a_a009543,a009543,2
a_a008048,a008048,2
a_a006551,a006551,2
a_a003557,a003557,3
a_a002025,a002025,3
d_d004427,d004427,4
a_a006798,a006798,2
a_a004963,a004963,2
a_a010954,a010954,3
a_a000322,a000322,3
a_a017705,a017705,2
a_a010387,a010387,2
a_a000440,a000440,4
a_a000309,a000309,2
a_a003441,a003441,3
a_a007593,a007593,2
a_a006351,a006351,2
a_a014022,a014022,4
a_a002367,a002367,4
a_a000112,a000112,3
a_a010574,a010574,2
a_a001281,a001281,3
a_a001366,a001366,4
a_a017869,a017869,2
a_a012514,a012514,4
a_a004075,a004075,3
a_a002201,a002201,3
a_a004198,a004198,4
a_a000990,a000990,4
a_a001591,a001591,3
a_a000130,a000130,2
a_a002260,a002260,3
a_a001729,a001729,3
a_a004296,a004296,2
a_a007185,a007185,2
a_a007865,a007865,2
a_a004335,a004335,2
a_a006889,a006889,2
a_a000177,a000177,2
a_a013688,a013688,4
a_a008092,a008092,2
b_b002933,b002933,3
a_a017657,a017657,2
a_a017513,a017513,2
a_a000134,a000134,4
c_c005193,c005193,2
a_a017941,a017941,2
a_a006814,a006814,2
a_a003525,a003525,3
a_a000471,a000471,3
a_a001976,a001976,3
a_a005137,a005137,2
a_a007382,a007382,2
a_a011575,a011575,3
a_a005633,a005633,2
a_a004089,a004089,3
a_a008121,a008121,3
a_a012193,a012193,3
a_a009685,a009685,3
a_a002558,a002558,2
a_a002699,a002699,3
a_a003160,a003160,2
a_a009646,a009646,2
a_a002324,a002324,2
a_a007559,a007559,2
a_a007584,a007584,2
a_a006114,a006114,2
a_a002246,a002246,3
a_a007473,a007473,2
a_a001057,a001057,3
a_a011577,a011577,2
a_a000293,a000293,4
a_a004146,a004146,3
a_a006435,a006435,2
a_a002040,a002040,2
a_a004291,a004291,2
a_a003693,a003693,4
a_a008491,a008491,4
a_a017653,a017653,2
a_a003636,a003636,2
a_a002984,a002984,3
a_a011446,a011446,3
a_a017916,a017916,2
a_a014228,a014228,3
a_a000268,a000268,4
a_a007959,a007959,2
a_a002941,a002941,4
a_a002128,a002128,2
a_a007204,a007204,2
a_a002162,a002162,2
a_a000448,a000448,4
a_a000736,a000736,2
a_a005214,a005214,2
c_c003316,c003316,3
a_a004246,a004246,3
a_a001351,a001351,4
a_a004990,a004990,2
a_a005777,a005777,2
a_a001513,a001513,4
a_a018149,a018149,2
a_a005703,a005703,2
a_a003014,a003014,4
a_a002819,a002819,4
a_a004527,a004527,2
a_a002331,a002331,2
a_a003380,a003380,2
a_a002864,a002864,2
d_d000959,d000959,4
a_a009501,a009501,2
a_a003659,a003659,4
a_a002892,a002892,3
a_a000851,a000851,3
a_a000383,a000383,3
a_a004265,a004265,2
a_a002752,a002752,2
a_a000740,a000740,3
a_a010249,a010249,3
c_c005060,c005060,2
a_a000201,a000201,4
a_a001649,a001649,3
a_a002108,a002108,3
a_a018158,a018158,2
a_a004726,a004726,2
a_a000279,a000279,4
a_a003317,a003317,4
a_a001750,a001750,3
a_a017841,a017841,2
a_a004711,a004711,2
a_a002157,a002157,2
a_a015323,a015323,3
a_a006487,a006487,2
a_a007770,a007770,2
a_a010558,a010558,2
a_a010288,a010288,4
a_a009428,a009428,4
a_a003394,a003394,2
a_a006809,a006809,2
a_a006434,a006434,2
a_a007344,a007344,2
a_a004318,a004318,2
a_a000574,a000574,4
a_a002070,a002070,2
a_a006293,a006293,2
a_a017876,a017876,2
a_a007652,a007652,2
a_a011069,a011069,3
a_a006821,a006821,2
a_a017570,a017570,2
a_a014234,a014234,4
a_a004821,a004821,2
a_a000444,a000444,3
a_a000150,a000150,3
a_a006022,a006022,2
a_a004669,a004669,2
a_a008050,a008050,2
a_a000930,a000930,3
a_a000793,a000793,5
a_a004321,a004321,2
a_a006408,a006408,2
a_a007651,a007651,2
a_a007774,a007774,2
a_a001546,a001546,3
a_a002366,a002366,3
a_a000396,a000396,4
a_a011777,a011777,3
a_a003921,a003921,4
a_a004061,a004061,4
a_a000014,a000014,3
a_a017870,a017870,2
a_a012504,a012504,3
a_a003927,a003927,4
a_a006574,a006574,2
a_a006498,a006498,2
a_a005924,a005924,2
a_a012042,a012042,2
a_a007035,a007035,2
a_a017835,a017835,2
a_a006438,a006438,2
a_a005399,a005399,3
a_a001901,a001901,3
a_a000657,a000657,3
a_a008084,a008084,4
a_a008134,a008134,2
a_a011641,a011641,2
a_a000082,a000082,4
a_a006296,a006296,2
a_a017855,a017855,2
a_a006499,a006499,2
a_a015683,a015683,3
a_a009440,a009440,4
a_a000338,a000338,3
a_a005784,a005784,2
a_a006949,a006949,2
a_a006979,a006979,2
a_a005608,a005608,2
a_a003329,a003329,3
a_a007336,a007336,2
a_a000351,a000351,2
a_a007768,a007768,2
a_a007829,a007829,2
a_a005546,a005546,3
a_a008096,a008096,3
a_a005165,a005165,2
a_a001105,a001105,3
a_a006472,a006472,2
a_a014139,a014139,2
a_a002691,a002691,3
a_a007325,a007325,2
a_a004755,a004755,2
a_a002833,a002833,2
a_a002279,a002279,2
a_a017874,a017874,2
a_a002571,a002571,2
a_a004756,a004756,3
a_a004976,a004976,2
a_a007268,a007268,2
a_a000935,a000935,3
a_a001371,a001371,2
a_a000296,a000296,3
a_a002826,a002826,3
a_a002978,a002978,2
a_a003183,a003183,3
a_a007653,a007653,2
a_a005320,a005320,2
a_a000951,a000951,4
a_a004273,a004273,2
a_a010985,a010985,2
a_a000314,a000314,7
a_a003543,a003543,3
a_a000334,a000334,3
a_a000912,a000912,3
a_a005166,a005166,2
a_a002902,a002902,3
a_a002055,a002055,3
a_a013881,a013881,4
a_a000122,a000122,4
a_a003919,a003919,3
a_a018218,a018218,2
a_a000080,a000080,9
a_a006027,a006027,2
a_a007124,a007124,2
a_a001923,a001923,3
a_a011423,a011423,3
a_a002301,a002301,2
a_a002018,a002018,3
a_a005204,a005204,2
a_a008166,a008166,2
a_a017976,a017976,2
a_a017776,a017776,2
a_a011392,a011392,3
a_a017931,a017931,2
a_a003016,a003016,4
a_a017818,a017818,2
a_a006768,a006768,2
a_a001997,a001997,3
a_a003812,a003812,4
a_a005654,a005654,2
a_a004535,a004535,2
a_a006716,a006716,2
a_a018142,a018142,2
a_a003336,a003336,2
a_a000949,a000949,4
a_a001712,a001712,3
a_a005678,a005678,2
a_a000588,a000588,4
a_a002602,a002602,4
a_a006479,a006479,2
a_a017819,a017819,2
a_a002674,a002674,2
a_a004298,a004298,2
a_a001871,a001871,2
c_c006073,c006073,2
a_a002930,a002930,3
a_a006279,a006279,2
a_a004787,a004787,2
a_a006554,a006554,2
a_a010145,a010145,2
a_a006412,a006412,2
a_a002282,a002282,2
a_a009660,a009660,2
a_a005161,a005161,2
a_a014377,a014377,2
a_a002711,a002711,3
a_a005141,a005141,2
a_a001103,a001103,4
a_a005247,a005247,4
a_a006467,a006467,2
a_a017825,a017825,2
a_a017837,a017837,2
a_a005610,a005610,2
a_a017827,a017827,2
a_a006578,a006578,2
a_a002718,a002718,4
a_a002053,a002053,2
a_a002377,a002377,3
a_a005244,a005244,3
a_a009809,a009809,3
a_a007649,a007649,2
a_a004639,a004639,3
a_a010222,a010222,2
a_a004973,a004973,3
a_a001983,a001983,2
a_a005370,a005370,2
a_a003114,a003114,3
a_a006815,a006815,2
a_a001757,a001757,3
a_a005156,a005156,2
a_a004727,a004727,3
a_a007965,a007965,2
a_a002785,a002785,4
a_a004987,a004987,3
a_a001945,a001945,2
a_a002024,a002024,3
a_a001353,a001353,3
a_a004994,a004994,2
a_a001486,a001486,3
a_a017692,a017692,2
a_a011900,a011900,2
a_a015033,a015033,2
a_a005854,a005854,2
a_a006643,a006643,2
a_a004000,a004000,2
a_a014308,a014308,2
a_a006446,a006446,2
a_a010159,a010159,2
b_b006472,b006472,2
a_a005989,a005989,3
a_a017921,a017921,2
a_a008124,a008124,4
a_a010385,a010385,2
a_a018152,a018152,2
a_a001600,a001600,3
a_a003837,a003837,3
a_a008026,a008026,2
a_a003188,a003188,3
a_a001605,a001605,4
a_a018048,a018048,2
a_a001431,a001431,2
a_a003289,a003289,4
a_a001747,a001747,3
a_a002732,a002732,2
a_a017639,a017639,2
a_a008556,a008556,2
a_a002814,a002814,4
a_a010070,a010070,2
a_a000852,a000852,3
a_a002673,a002673,2
a_a005365,a005365,2
a_a005750,a005750,2
a_a000729,a000729,4
a_a003323,a003323,2
a_a007358,a007358,2
a_a008658,a008658,4
a_a001515,a001515,2
a_a018098,a018098,2
a_a012502,a012502,3
a_a003179,a003179,3
b_b010290,b010290,2
b_b007694,b007694,2
a_a017601,a017601,2
a_a012495,a012495,3
a_a002302,a002302,2
a_a017964,a017964,2
a_a005238,a005238,2
a_a003495,a003495,2
a_a005418,a005418,2
a_a005648,a005648,2
a_a001338,a001338,3
a_a001828,a001828,3
a_a011223,a011223,2
a_a005152,a005152,2
a_a003980,a003980,5
a_a007585,a007585,2
a_a000669,a000669,3
c_c008840,c008840,2
a_a002960,a002960,2
a_a005173,a005173,2
a_a001732,a001732,3
a_a013587,a013587,2
a_a002275,a002275,2
a_a004309,a004309,2
a_a004662,a004662,5
a_a000633,a000633,2
a_a005730,a005730,2
a_a009674,a009674,2
a_a011486,a011486,4
a_a018235,a018235,2
c_c006112,c006112,2
a_a014100,a014100,2
a_a008455,a008455,3
a_a000974,a000974,4
a_a001741,a001741,3
a_a000251,a000251,4
a_a011188,a011188,3
a_a003799,a003799,4
a_a006287,a006287,2
a_a006384,a006384,2
a_a018201,a018201,2
a_a002969,a002969,4
a_a007921,a007921,2
a_a004316,a004316,2
a_a003489,a003489,3
a_a005222,a005222,3
a_a007821,a007821,2
a_a018122,a018122,2
a_a006424,a006424,2
a_a011120,a011120,3
a_a014526,a014526,3
b_b002868,b002868,2
a_a007612,a007612,2
a_a007938,a007938,2
a_a018168,a018168,2
a_a009812,a009812,4
a_a004382,a004382,4
a_a005167,a005167,2
a_a009706,a009706,2
a_a002369,a002369,3
a_a004674,a004674,2
a_a002590,a002590,3
a_a001728,a001728,3
a_a000094,a000094,4
a_a013680,a013680,2
a_a002993,a002993,2
a_a000430,a000430,3
a_a003707,a003707,2
a_a017522,a017522,2
a_a002447,a002447,3
a_a002445,a002445,3
a_a009619,a009619,2
a_a010489,a010489,3
a_a002166,a002166,3
a_a000568,a000568,3
a_a000517,a000517,3
a_a006582,a006582,2
a_a003383,a003383,3
a_a005726,a005726,2
a_a015313,a015313,2
a_a006209,a006209,3
a_a006770,a006770,2
a_a003450,a003450,2
a_a007359,a007359,2
a_a000413,a000413,4
a_a000013,a000013,4
a_a005991,a005991,2
a_a006080,a006080,3
a_a006559,a006559,2
a_a004454,a004454,3
a_a007253,a007253,2
a_a004009,a004009,2
a_a002042,a002042,3
a_a007198,a007198,2
a_a002566,a002566,3
a_a005346,a005346,3
a_a001935,a001935,3
a_a006350,a006350,2
a_a001904,a001904,4
a_a001624,a001624,4
a_a000085,a000085,4
a_a003003,a003003,3
a_a004732,a004732,3
a_a017643,a017643,2
a_a001817,a001817,3
a_a005297,a005297,2
a_a018087,a018087,2
a_a003138,a003138,3
a_a017744,a017744,2
c_c002932,c002932,2
b_b005996,b005996,2
a_a004269,a004269,2
a_a017867,a017867,2
a_a007163,a007163,2
a_a007950,a007950,2
a_a014783,a014783,2
a_a014205,a014205,3
a_a002221,a002221,3
c_c002983,c002983,4
a_a017840,a017840,2
a_a001425,a001425,6
a_a002234,a002234,3
a_a003794,a003794,3
a_a006990,a006990,2
a_a006218,a006218,2
a_a005638,a005638,2
a_a009903,a009903,4
a_a003139,a003139,3
a_a008359,a008359,3
a_a005160,a005160,2
a_a006133,a006133,3
a_a007260,a007260,2
a_a006914,a006914,2
a_a001823,a001823,2
a_a007966,a007966,2
a_a001321,a001321,3
a_a002456,a002456,4
a_a000536,a000536,4
a_a002184,a002184,3
a_a010296,a010296,2
a_a003447,a003447,2
a_a004157,a004157,2
a_a005432,a005432,2
a_a005191,a005191,2
a_a005707,a005707,3
a_a017994,a017994,2
a_a013755,a013755,2
a_a018015,a018015,2
a_a000896,a000896,3
a_a014782,a014782,3
a_a007784,a007784,2
a_a007398,a007398,2
a_a001026,a001026,3
b_b006189,b006189,2
a_a005669,a005669,2
a_a004575,a004575,2
a_a011569,a011569,3
a_a018143,a018143,2
a_a003642,a003642,3
a_a003796,a003796,3
a_a015211,a015211,3
a_a000290,a000290,3
a_a004539,a004539,3
a_a001933,a001933,2
a_a001964,a001964,3
a_a007942,a007942,2
a_a005607,a005607,2
a_a004281,a004281,2
a_a002580,a002580,2
a_a003429,a003429,3
a_a004026,a004026,2
a_a002345,a002345,2
a_a006390,a006390,2
a_a018119,a018119,2
a_a009815,a009815,2
a_a002440,a002440,3
a_a006602,a006602,2
a_a008073,a008073,2
a_a014923,a014923,2
a_a017919,a017919,2
a_a002471,a002471,4
a_a006528,a006528,2
a_a006406,a006406,2
a_a010370,a010370,2
a_a003288,a003288,2
a_a008471,a008471,2
a_a002131,a002131,2
a_a008418,a008418,2
a_a009402,a009402,4
a_a002881,a002881,4
a_a005186,a005186,2
a_a013709,a013709,3
a_a003605,a003605,3
a_a011565,a011565,2
a_a000415,a000415,4
a_a003298,a003298,4
a_a004314,a004314,2
a_a001827,a001827,3
a_a000809,a000809,4
a_a006603,a006603,2
a_a010391,a010391,2
c_c006746,c006746,3
a_a000139,a000139,2
a_a006771,a006771,2
a_a009689,a009689,3
a_a006700,a006700,2
a_a007388,a007388,2
a_a002832,a002832,2
a_a002587,a002587,2
a_a018110,a018110,2
a_a010294,a010294,4
b_b011659,b011659,9
a_a002896,a002896,2
a_a007335,a007335,2
a_a001383,a001383,3
a_a010502,a010502,4
a_a006443,a006443,2
a_a017745,a017745,2
a_a006268,a006268,2
a_a007274,a007274,2
a_a007412,a007412,2
a_a018215,a018215,2
a_a004841,a004841,3
a_a006306,a006306,2
a_a002238,a002238,4
a_a000163,a000163,2
a_a007296,a007296,2
a_a000299,a000299,4
a_a008086,a008086,4
a_a007089,a007089,2
a_a017842,a017842,2
a_a009447,a009447,2
a_a003726,a003726,3
a_a017892,a017892,2
a_a002543,a002543,5
a_a013940,a013940,2
a_a013879,a013879,2
a_a008261,a008261,3
a_a009400,a009400,3
a_a006402,a006402,2
a_a010967,a010967,3
a_a007640,a007640,2
a_a002624,a002624,2
a_a003704,a003704,4
a_a005524,a005524,2
a_a000389,a000389,4
a_a015325,a015325,3
a_a002280,a002280,3
a_a006854,a006854,2
a_a017795,a017795,2
a_a002568,a002568,2
a_a002005,a002005,3
a_a002740,a002740,4
a_a002210,a002210,3
a_a017691,a017691,2
a_a008405,a008405,2
a_a002253,a002253,3
a_a006270,a006270,2
a_a008325,a008325,4
a_a011200,a011200,3
a_a006626,a006626,2
a_a003667,a003667,3
a_a005154,a005154,2
a_a002269,a002269,2
a_a002441,a002441,3
a_a002991,a002991,2
a_a007294,a007294,2
a_a008110,a008110,3
a_a007596,a007596,2
b_b006688,b006688,2
a_a009697,a009697,3
a_a003385,a003385,2
a_a010977,a010977,2
a_a006644,a006644,2
a_a005647,a005647,2
a_a004256,a004256,3
a_a006049,a006049,2
d_d000936,d000936,2
b_b007934,b007934,2
a_a000997,a000997,4
a_a001676,a001676,3
a_a002866,a002866,2
a_a004205,a004205,2
a_a003290,a003290,2
a_a004031,a004031,4
a_a018114,a018114,2
a_a000817,a000817,3
a_a002502,a002502,4
a_a000344,a000344,3
a_a009770,a009770,4
a_a005785,a005785,2
a_a001306,a001306,4
a_a002104,a002104,3
a_a001356,a001356,3
a_a008194,a008194,2
a_a017706,a017706,2
a_a018094,a018094,2
a_a006816,a006816,2
a_a007639,a007639,2
a_a010043,a010043,3
a_a011368,a011368,3
a_a017882,a017882,2
a_a005239,a005239,2
a_a001493,a001493,3
a_a002212,a002212,3
a_a001869,a001869,2
a_a002596,a002596,3
a_a011203,a011203,3
a_a000828,a000828,3
a_a001052,a001052,3
a_a006255,a006255,2
a_a014278,a014278,3
a_a001861,a001861,3
a_a010346,a010346,3
a_a018103,a018103,2
a_a017502,a017502,2
a_a007428,a007428,2
a_a004524,a004524,2
a_a015257,a015257,2
a_a002650,a002650,3
a_a004838,a004838,3
a_a007002,a007002,2
a_a001127,a001127,4
a_a015694,a015694,5
a_a015776,a015776,4
a_a004768,a004768,2
a_a002992,a002992,2
a_a002855,a002855,4
a_a007231,a007231,2
a_a001037,a001037,4
a_a006348,a006348,2
a_a000187,a000187,5
a_a007376,a007376,2
a_a017982,a017982,2
a_a013996,a013996,2
a_a005553,a005553,2
a_a008138,a008138,2
a_a007112,a007112,2
a_a003075,a003075,3
a_a000152,a000152,3
a_a000218,a000218,3
a_a006800,a006800,2
a_a011422,a011422,2
a_a000393,a000393,3
a_a002293,a002293,3
a_a002316,a002316,5
a_a005188,a005188,2
a_a000029,a000029,3
a_a018234,a018234,2
a_a002545,a002545,3
a_a003839,a003839,4
a_a004164,a004164,3
a_a004421,a004421,2
a_a007261,a007261,2
a_a009429,a009429,4
a_a000973,a000973,4
a_a007247,a007247,2
a_a017890,a017890,2
a_a003574,a003574,5
a_a006995,a006995,2
a_a008102,a008102,2
b_b015090,b015090,2
a_a001671,a001671,4
a_a007777,a007777,2
a_a010152,a010152,3
c_c004652,c004652,2
a_a006326,a006326,2
a_a001504,a001504,2
a_a007918,a007918,2
a_a005400,a005400,3
a_a014249,a014249,3
a_a008663,a008663,4
a_a001525,a001525,4
a_a007271,a007271,2
a_a002618,a002618,3
a_a010118,a010118,3
a_a006332,a006332,2
a_a005347,a005347,2
a_a003061,a003061,3
a_a009657,a009657,2
a_a005299,a005299,3
a_a007301,a007301,2
a_a006201,a006201,3
a_a000315,a000315,2
a_a008222,a008222,3
a_a018231,a018231,2
a_a005621,a005621,2
b_b004527,b004527,4
a_a008027,a008027,2
a_a002198,a002198,3
a_a017891,a017891,2
a_a004592,a004592,3
a_a008543,a008543,3
a_a001434,a001434,3
a_a005738,a005738,3
a_a009639,a009639,2
a_a002956,a002956,4
a_a001716,a001716,3
a_a003249,a003249,5
a_a005134,a005134,2
a_a003230,a003230,3
a_a006541,a006541,2
a_a006477,a006477,2
a_a005520,a005520,3
a_a005200,a005200,2
a_a006825,a006825,2
a_a007879,a007879,2
a_a017690,a017690,2
a_a009997,a009997,2
a_a007967,a007967,2
a_a001910,a001910,3
a_a005148,a005148,2
a_a011759,a011759,2
a_a009683,a009683,4
a_a007305,a007305,2
a_a001258,a001258,3
a_a010239,a010239,3
a_a002335,a002335,2
a_a000223,a000223,2
a_a006796,a006796,2
a_a009433,a009433,3
a_a017937,a017937,2
a_a008474,a008474,4
a_a006364,a006364,2
a_a014732,a014732,2
a_a006304,a006304,2
b_b006969,b006969,2
a_a001953,a001953,2
a_a005623,a005623,2
a_a007719,a007719,2
a_a002684,a002684,2
a_a013665,a013665,2
a_a011596,a011596,2
a_a003123,a003123,3
a_a005421,a005421,2
a_a006274,a006274,2
a_a008006,a008006,2
a_a000556,a000556,4
a_a006890,a006890,2
a_a010181,a010181,4
a_a005281,a005281,3
a_a001615,a001615,2
a_a002303,a002303,3
a_a011301,a011301,3
a_a001065,a001065,2
a_a000801,a000801,3
a_a011090,a011090,2
a_a007854,a007854,2
a_a015688,a015688,3
a_a006044,a006044,2
a_a006850,a006850,2
a_a000483,a000483,4
a_a006376,a006376,2
a_a000358,a000358,3
a_a008522,a008522,3
a_a003227,a003227,3
a_a018102,a018102,2
a_a018056,a018056,2
b_b006816,b006816,2
a_a002001,a002001,3
a_a006081,a006081,2
a_a018133,a018133,2
a_a004797,a004797,3
a_a001333,a001333,5
a_a011721,a011721,3
b_b000146,b000146,2
a_a004562,a004562,3
a_a003285,a003285,2
a_a007391,a007391,2
a_a002957,a002957,5
a_a017703,a017703,2
a_a017922,a017922,2
a_a018137,a018137,2
a_a002857,a002857,4
a_a002401,a002401,3
a_a004565,a004565,3
a_a005674,a005674,2
a_a018124,a018124,2
a_a014913,a014913,2
a_a005655,a005655,2
a_a000751,a000751,4
a_a004472,a004472,2
a_a000035,a000035,2
a_a006321,a006321,2
a_a002372,a002372,3
a_a007254,a007254,2
a_a012288,a012288,3
a_a014786,a014786,2
a_a000756,a000756,3
a_a005625,a005625,2
a_a004395,a004395,3
a_a014996,a014996,3
a_a017912,a017912,2
a_a005614,a005614,2
a_a001462,a001462,4
c_c011520,c011520,2
a_a004023,a004023,3
a_a010281,a010281,4
a_a007870,a007870,2
a_a006039,a006039,2
a_a001617,a001617,4
a_a001367,a001367,4
a_a012289,a012289,3
a_a017933,a017933,2
a_a003346,a003346,3
a_a006475,a006475,2
d_d004088,d004088,4
a_a008496,a008496,3
a_a003598,a003598,2
a_a002277,a002277,2
a_a002180,a002180,2
a_a000513,a000513,3
a_a001991,a001991,3
a_a000184,a000184,3
a_a003306,a003306,2
a_a002944,a002944,2
a_a005184,a005184,2
a_a003212,a003212,4
a_a004542,a004542,3
a_a014815,a014815,2
a_a002849,a002849,4
a_a000766,a000766,3
a_a016159,a016159,4
a_a002541,a002541,3
a_a005364,a005364,3
a_a006531,a006531,2
a_a002971,a002971,5
a_a001704,a001704,2
a_a001575,a001575,3
a_a014333,a014333,4
a_a012433,a012433,3
a_a007310,a007310,2
a_a003368,a003368,3
a_a009680,a009680,2
a_a006305,a006305,2
a_a008553,a008553,2
a_a001932,a001932,2
a_a006034,a006034,2
a_a001992,a001992,3
a_a002739,a002739,4
a_a006548,a006548,2
a_a012275,a012275,4
a_a005563,a005563,2
a_a015803,a015803,5
a_a000673,a000673,2
a_a005241,a005241,2
a_a002889,a002889,3
a_a001435,a001435,3
a_a003371,a003371,2
a_a003236,a003236,3
a_a007827,a007827,2
a_a007367,a007367,2
a_a013750,a013750,3
a_a007685,a007685,2
a_a011117,a011117,4
a_a003062,a003062,3
a_a003823,a003823,2
c_c002139,c002139,3
a_a015406,a015406,3
a_a001989,a001989,3
a_a018111,a018111,2
a_a009717,a009717,4
a_a002259,a002259,5
a_a002233,a002233,5
a_a006303,a006303,2
a_a002077,a002077,2
a_a018191,a018191,2
a_a002795,a002795,2
a_a011185,a011185,3
a_a002176,a002176,3
a_a017512,a017512,2
a_a000011,a000011,3
a_a010155,a010155,3
a_a005368,a005368,2
a_a006540,a006540,2
a_a004098,a004098,3
a_a001206,a001206,3
a_a009716,a009716,2
a_a008638,a008638,3
a_a006178,a006178,2
a_a012117,a012117,2
a_a006549,a006549,2
a_a000149,a000149,3
a_a003713,a003713,2
a_a005594,a005594,2
a_a010563,a010563,2
a_a015206,a015206,2
a_a017928,a017928,2
a_a002043,a002043,3
a_a006510,a006510,2
a_a006342,a006342,2
a_a000424,a000424,2
a_a003089,a003089,2
a_a002886,a002886,3
a_a002817,a002817,2
a_a010430,a010430,3
a_a010132,a010132,3
a_a000984,a000984,6
a_a009626,a009626,2
a_a002613,a002613,3
a_a002940,a002940,4
a_a001377,a001377,3
a_a007600,a007600,2
a_a000667,a000667,2
a_a003586,a003586,3
a_a004819,a004819,2
a_a012356,a012356,3
a_a006030,a006030,2
a_a000272,a000272,4
a_a004173,a004173,3
a_a017723,a017723,2
a_a007249,a007249,2
a_a003810,a003810,4
a_a001406,a001406,3
a_a002061,a002061,2
a_a005118,a005118,2
a_a002408,a002408,2
a_a001548,a001548,4
a_a000412,a000412,3
a_a013660,a013660,3
a_a006015,a006015,2
a_a003048,a003048,2
a_a017885,a017885,2
a_a008247,a008247,4
a_a017754,a017754,2
a_a000213,a000213,3
a_a007787,a007787,2
a_a012171,a012171,2
a_a017743,a017743,2
a_a000021,a000021,3
a_a007007,a007007,2
a_a008413,a008413,2
a_a007385,a007385,2
a_a006046,a006046,2
a_a000231,a000231,3
a_a000715,a000715,3
a_a006987,a006987,2
a_a009425,a009425,2
a_a004811,a004811,2
a_a017688,a017688,2
a_a002258,a002258,3
a_a003074,a003074,2
a_a001839,a001839,3
a_a017952,a017952,2
a_a005766,a005766,2
a_a006316,a006316,2
a_a010254,a010254,2
a_a003134,a003134,2
a_a017820,a017820,2
a_a007940,a007940,2
a_a008227,a008227,3
a_a018146,a018146,2
a_a004528,a004528,3
a_a002714,a002714,2
a_a001054,a001054,2
a_a018078,a018078,2
a_a004168,a004168,4
a_a002273,a002273,3
a_a009658,a009658,3
a_a005651,a005651,2
a_a018051,a018051,2
a_a005390,a005390,2
a_a007218,a007218,2
a_a004570,a004570,2
a_a006662,a006662,2
a_a005803,a005803,2
a_a005375,a005375,3
a_a005714,a005714,2
a_a005322,a005322,2
a_a000661,a000661,3
a_a010519,a010519,3
a_a015356,a015356,2
a_a001448,a001448,4
a_a017910,a017910,2
a_a018093,a018093,2
a_a001418,a001418,3
a_a008460,a008460,2
a_a001896,a001896,3
a_a010966,a010966,3
a_a007694,a007694,2
a_a001856,a001856,3
a_a007757,a007757,2
a_a004974,a004974,3
a_a008059,a008059,2
a_a005354,a005354,2
a_a008083,a008083,3
a_a007338,a007338,2
a_a015091,a015091,2
a_a010948,a010948,2
a_a001280,a001280,3
a_a010241,a010241,2
a_a002942,a002942,3
a_a003189,a003189,2
a_a000357,a000357,4
a_a018083,a018083,2
a_a010559,a010559,2
a_a005442,a005442,3
a_a002753,a002753,2
a_a005611,a005611,2
a_a011495,a011495,2
a_a017792,a017792,2
d_d009226,d009226,2
a_a005100,a005100,2
a_a009608,a009608,2
a_a014706,a014706,2
a_a014133,a014133,2
a_a010435,a010435,2
a_a006264,a006264,2
a_a005676,a005676,2
a_a010052,a010052,2
a_a005537,a005537,2
a_a018127,a018127,2
a_a004680,a004680,2
a_a002831,a002831,2
a_a002794,a002794,2
a_a005261,a005261,2
a_a005084,a005084,2
a_a018055,a018055,2
a_a010197,a010197,2
a_a004172,a004172,4
a_a010267,a010267,3
a_a001638,a001638,3
a_a003341,a003341,3
a_a012300,a012300,3
a_a014876,a014876,2
a_a003141,a003141,4
a_a000108,a000108,4
a_a007381,a007381,2
a_a004779,a004779,2
a_a010000,a010000,2
a_a000560,a000560,3
a_a005221,a005221,3
a_a006409,a006409,2
a_a000989,a000989,3
c_c011907,c011907,2
a_a004490,a004490,2
a_a007920,a007920,2
a_a003793,a003793,2
a_a005153,a005153,2
a_a002536,a002536,2
a_a007837,a007837,2
a_a002759,a002759,3
a_a003204,a003204,4
a_a002379,a002379,2
a_a001687,a001687,3
a_a009756,a009756,3
a_a011147,a011147,3
a_a002171,a002171,3
a_a005657,a005657,2
a_a000339,a000339,4
a_a007456,a007456,2
a_a003938,a003938,3
a_a002118,a002118,3
a_a003829,a003829,4
a_a004859,a004859,2
a_a014793,a014793,2
a_a017817,a017817,2
a_a002923,a002923,4
a_a007643,a007643,2
a_a004319,a004319,2
a_a008320,a008320,3
a_a009605,a009605,3
a_a006128,a006128,2
a_a004387,a004387,2
a_a009555,a009555,3
a_a007411,a007411,2
a_a010134,a010134,5
a_a005659,a005659,2
a_a000302,a000302,4
a_a009870,a009870,3
a_a007047,a007047,2
a_a000468,a000468,3
a_a012496,a012496,3
a_a001034,a001034,2
b_b009428,b009428,3
a_a005781,a005781,2
a_a000237,a000237,3
a_a004627,a004627,2
a_a012456,a012456,3
a_a000552,a000552,6
a_a008114,a008114,3
a_a003853,a003853,5
a_a004360,a004360,2
c_c006042,c006042,2
a_a006478,a006478,2
a_a001940,a001940,3
a_a017903,a017903,2
a_a003098,a003098,3
a_a001440,a001440,4
a_a003071,a003071,3
a_a000623,a000623,3
a_a006726,a006726,2
a_a017884,a017884,2
a_a017741,a017741,2
a_a018027,a018027,2
a_a006620,a006620,2
a_a007624,a007624,2
a_a017914,a017914,2
a_a004641,a004641,2
a_a000458,a000458,2
a_a006017,a006017,2
a_a006353,a006353,2
a_a007824,a007824,2
a_a005130,a005130,2
a_a006522,a006522,2
a_a003672,a003672,2
a_a003000,a003000,3
a_a011215,a011215,3
c_c005714,c005714,2
a_a011241,a011241,2
a_a000960,a000960,3
a_a005423,a005423,3
a_a000461,a000461,4
a_a003603,a003603,3
a_a006308,a006308,2
a_a005164,a005164,2
a_a010568,a010568,2
a_a004019,a004019,3
a_a001939,a001939,2
a_a010337,a010337,2
a_a010028,a010028,2
a_a002099,a002099,2
a_a018237,a018237,2
a_a018021,a018021,2
a_a010150,a010150,2
a_a007699,a007699,2
a_a001248,a001248,4
a_a007299,a007299,2
a_a002396,a002396,2
a_a007033,a007033,2
a_a018054,a018054,2
b_b006624,b006624,2
a_a010064,a010064,2
a_a004224,a004224,4
a_a004678,a004678,2
a_a004293,a004293,2
a_a015348,a015348,2
a_a006043,a006043,2
a_a004571,a004571,3
a_a007583,a007583,2
a_a018108,a018108,2
a_a003506,a003506,2
a_a007654,a007654,2
a_a017815,a017815,2
a_a007184,a007184,2
a_a002671,a002671,4
a_a000915,a000915,3
a_a007568,a007568,2
a_a005006,a005006,3
a_a007200,a007200,2
a_a012515,a012515,3
a_a007114,a007114,2
a_a006646,a006646,2
a_a008330,a008330,3
a_a006285,a006285,2
a_a002086,a002086,3
a_a007014,a007014,2
a_a007425,a007425,2
a_a009703,a009703,2
d_d004175,d004175,3
a_a017859,a017859,2
a_a000034,a000034,4
a_a006431,a006431,2
a_a002063,a002063,3
c_c007425,c007425,3
a_a000065,a000065,3
a_a007523,a007523,2
a_a007298,a007298,2
a_a009671,a009671,3
a_a008047,a008047,2
b_b006822,b006822,2
a_a001450,a001450,3
a_a008702,a008702,3
a_a005652,a005652,2
a_a000341,a000341,4
a_a005536,a005536,2
a_a003721,a003721,4
a_a009988,a009988,3
a_a018169,a018169,2
a_a000815,a000815,3
a_a002612,a002612,4
c_c011906,c011906,2
a_a002786,a002786,5
a_a009668,a009668,4
a_a004541,a004541,3
a_a000425,a000425,2
a_a001840,a001840,3
a_a002878,a002878,3
a_a005696,a005696,2
a_a005389,a005389,2
a_a010425,a010425,2
a_a006664,a006664,2
a_a000972,a000972,2
a_a001261,a001261,7
a_a010533,a010533,2
a_a007403,a007403,2
a_a011761,a011761,4
a_a002096,a002096,3
a_a003082,a003082,3
a_a011870,a011870,2
a_a006324,a006324,2
a_a007078,a007078,2
a_a014823,a014823,3
a_a001914,a001914,3
a_a003044,a003044,2
a_a017911,a017911,2
a_a007597,a007597,2
a_a002573,a002573,4
a_a005013,a005013,3
a_a002906,a002906,2
a_a006972,a006972,3
a_a007171,a007171,2
d_d004784,d004784,2
a_a018183,a018183,2
a_a000550,a000550,4
a_a000832,a000832,2
a_a000678,a000678,2
a_a007214,a007214,2
a_a005136,a005136,2
a_a007606,a007606,2
a_a006071,a006071,2
a_a002476,a002476,3
a_a003046,a003046,2
a_a008285,a008285,3
a_a001937,a001937,3
a_a005474,a005474,2
a_a018045,a018045,2
a_a014102,a014102,2
a_a000928,a000928,3
a_a005334,a005334,3
a_a007365,a007365,2
a_a001297,a001297,3
a_a003712,a003712,3
a_a007328,a007328,2
a_a001132,a001132,5
a_a002504,a002504,3
a_a002810,a002810,3
a_a005681,a005681,2
a_a002027,a002027,3
a_a014789,a014789,2
a_a010242,a010242,3
a_a000705,a000705,3
a_a003353,a003353,2
a_a007429,a007429,2
a_a010466,a010466,3
a_a001648,a001648,3
a_a005206,a005206,2
a_a006933,a006933,2
a_a006011,a006011,2
a_a001392,a001392,3
a_a006197,a006197,2
a_a003924,a003924,3
a_a008178,a008178,3
a_a011647,a011647,2
a_a007943,a007943,2
a_a006067,a006067,3
a_a002089,a002089,3
a_a003926,a003926,2
a_a007220,a007220,2
a_a003568,a003568,2
a_a016174,a016174,2
a_a015292,a015292,3
a_a000145,a000145,2
a_a004504,a004504,3
a_a012165,a012165,3
a_a014937,a014937,2
a_a006565,a006565,2
a_a006141,a006141,2
a_a008175,a008175,2
a_a004370,a004370,4
a_a012023,a012023,3
a_a001543,a001543,3
a_a006740,a006740,2
a_a008648,a008648,3
a_a013710,a013710,4
a_a007347,a007347,2
a_a011025,a011025,3
a_a017992,a017992,2
a_a004793,a004793,2
a_a015162,a015162,2
a_a004036,a004036,3
a_a013866,a013866,2
a_a002459,a002459,4
a_a002891,a002891,2
a_a007759,a007759,2
a_a004304,a004304,2
c_c005843,c005843,2
a_a001027,a001027,3
a_a018205,a018205,2
a_a002936,a002936,3
a_a015112,a015112,2
a_a004029,a004029,3
a_a001926,a001926,3
a_a001056,a001056,4
a_a007288,a007288,2
a_a006312,a006312,2
a_a001233,a001233,4
a_a001453,a001453,2
a_a004537,a004537,4
a_a005105,a005105,2
a_a001794,a001794,3
a_a003162,a003162,3
a_a017681,a017681,2
a_a003698,a003698,2
a_a010406,a010406,3
a_a003419,a003419,2
a_a004939,a004939,3
a_a018125,a018125,2
a_a009473,a009473,4
a_a003388,a003388,2
a_a002254,a002254,2
a_a017839,a017839,2
a_a001761,a001761,3
b_b003037,b003037,3
a_a004957,a004957,3
a_a002117,a002117,2
a_a002719,a002719,3
a_a003363,a003363,2
a_a004682,a004682,2
a_a000682,a000682,3
a_a003163,a003163,4
a_a015318,a015318,2
a_a002054,a002054,3
a_a003622,a003622,3
a_a017999,a017999,2
a_a008053,a008053,2
a_a000142,a000142,3
a_a008365,a008365,5
a_a003008,a003008,4
a_a017995,a017995,2
a_a001919,a001919,3
a_a006924,a006924,2
a_a001382,a001382,2
a_a000700,a000700,4
a_a004483,a004483,2
a_a006492,a006492,2
a_a015389,a015389,2
b_b009429,b009429,3
a_a002033,a002033,3
a_a006005,a006005,2
a_a003281,a003281,3
d_d005429,d005429,4
a_a017866,a017866,2
a_a001749,a001749,2
a_a002780,a002780,3
a_a000421,a000421,4
a_a004270,a004270,17
a_a012437,a012437,3
a_a004924,a004924,3
a_a012344,a012344,2
a_a001899,a001899,3
a_a017977,a017977,2
a_a004237,a004237,3
a_a005864,a005864,2
b_b007029,b007029,2
a_a008463,a008463,2
a_a004698,a004698,3
a_a011096,a011096,3
b_b007922,b007922,2
a_a000853,a000853,3
a_a002002,a002002,3
a_a004540,a004540,3
a_a006286,a006286,2
a_a005577,a005577,3
a_a007622,a007622,2
a_a003146,a003146,4
a_a000016,a000016,3
a_a004311,a004311,2
a_a017950,a017950,2
a_a010053,a010053,2
a_a001375,a001375,4
a_a018233,a018233,2
c_c004837,c004837,3
a_a003907,a003907,2
b_b010113,b010113,2
a_a003223,a003223,3
c_c011878,c011878,2
a_a000318,a000318,3
a_a006507,a006507,2
a_a000420,a000420,3
a_a004271,a004271,2
a_a013687,a013687,3
a_a000562,a000562,3
a_a007270,a007270,2
a_a005715,a005715,2
a_a005243,a005243,2
a_a004222,a004222,4
a_a017784,a017784,2
a_a003397,a003397,4
a_a006675,a006675,2
a_a002784,a002784,3
a_a005212,a005212,2
a_a006295,a006295,2
a_a003751,a003751,2
a_a017971,a017971,2
a_a007395,a007395,2
b_b000086,b000086,3
a_a005768,a005768,3
a_a003556,a003556,2
a_a017951,a017951,2
a_a014965,a014965,3
a_a008176,a008176,2
a_a006813,a006813,2
a_a001390,a001390,3
a_a005697,a005697,2
a_a000493,a000493,6
a_a017913,a017913,2
a_a010504,a010504,3
a_a003028,a003028,2
a_a007441,a007441,2
a_a009550,a009550,4
a_a001674,a001674,3
a_a017968,a017968,2
a_a017451,a017451,2
a_a006358,a006358,2
a_a000186,a000186,3
a_a002321,a002321,2
a_a006023,a006023,2
a_a001734,a001734,3
a_a005207,a005207,2
a_a014536,a014536,4
a_a007175,a007175,2
a_a001549,a001549,2
b_b006925,b006925,2
d_d000562,d000562,3
a_a003316,a003316,4
a_a005685,a005685,2
a_a005316,a005316,2
a_a003104,a003104,2
a_a015411,a015411,3
a_a002664,a002664,3
a_a003011,a003011,2
a_a002097,a002097,3
a_a001502,a001502,3
a_a000653,a000653,4
a_a000577,a000577,3
a_a002593,a002593,3
a_a003069,a003069,3
a_a007656,a007656,2
a_a001764,a001764,2
a_a011358,a011358,4
a_a003090,a003090,3
b_b006540,b006540,2
a_a017280,a017280,3
a_a014216,a014216,2
a_a005083,a005083,2
a_a006539,a006539,2
a_a000784,a000784,2
a_a004048,a004048,4
a_a012199,a012199,2
a_a004251,a004251,4
a_a000123,a000123,6
a_a006653,a006653,2
a_a002290,a002290,3
a_a001473,a001473,2
a_a005660,a005660,2
a_a003433,a003433,2
a_a007615,a007615,2
a_a003665,a003665,2
a_a000427,a000427,3
a_a005682,a005682,2
a_a006518,a006518,2
a_a007764,a007764,2
a_a006239,a006239,2
a_a001163,a001163,4
a_a006967,a006967,2
a_a006423,a006423,2
a_a000203,a000203,6
a_a012450,a012450,2
a_a003248,a003248,4
a_a018053,a018053,2
a_a005645,a005645,2
a_a016512,a016512,4
a_a005129,a005129,2
a_a000910,a000910,3
b_b001071,b001071,4
a_a003125,a003125,3
a_a006024,a006024,2
a_a008017,a008017,2
a_a018192,a018192,2
a_a007591,a007591,2
a_a004894,a004894,2
a_a001791,a001791,2
a_a013698,a013698,3
a_a003656,a003656,3
a_a000557,a000557,4
a_a006633,a006633,2
a_a006165,a006165,3
a_a004509,a004509,3
a_a017516,a017516,2
a_a001894,a001894,2
a_a001780,a001780,3
a_a006149,a006149,2
a_a006014,a006014,2
a_a000787,a000787,4
a_a000538,a000538,3
a_a000516,a000516,3
a_a005797,a005797,3
a_a010334,a010334,2
a_a007668,a007668,2
a_a013850,a013850,3
a_a003373,a003373,3
a_a018017,a018017,2
a_a006841,a006841,2
a_a014196,a014196,2
a_a011768,a011768,2
a_a003060,a003060,3
a_a006029,a006029,2
a_a001661,a001661,3
a_a000502,a000502,8
a_a003945,a003945,3
a_a002745,a002745,2
a_a003585,a003585,4
a_a003753,a003753,3
a_a000662,a000662,4
a_a001930,a001930,3
a_a001081,a001081,3
a_a005857,a005857,3
a_a015379,a015379,2
a_a014411,a014411,2
a_a004632,a004632,3
a_a002710,a002710,2
a_a014792,a014792,3
a_a004277,a004277,2
a_a006120,a006120,3
a_a002026,a002026,3
a_a002206,a002206,3
a_a005665,a005665,2
a_a007191,a007191,2
a_a004815,a004815,2
a_a017544,a017544,2
a_a002480,a002480,3
a_a002123,a002123,2
a_a005605,a005605,2
a_a007410,a007410,2
c_c002958,c002958,2
a_a005861,a005861,2
a_a006611,a006611,2
a_a007357,a007357,2
a_a015273,a015273,2
a_a007407,a007407,2
a_a009620,a009620,3
a_a000712,a000712,3
a_a004354,a004354,2
a_a005831,a005831,3
a_a002949,a002949,4
a_a010165,a010165,2
a_a005840,a005840,3
a_a007888,a007888,2
a_a000061,a000061,4
a_a004740,a004740,3
a_a007243,a007243,2
a_a011234,a011234,3
c_c005067,c005067,2
a_a005203,a005203,2
a_a008212,a008212,2
a_a010374,a010374,2
a_a002437,a002437,2
a_a010106,a010106,3
a_a005353,a005353,2
a_a000620,a000620,4
a_a002145,a002145,2
a_a004717,a004717,2
a_a006329,a006329,2
a_a005028,a005028,2
a_a007061,a007061,2
a_a002882,a002882,3
a_a007610,a007610,2
a_a000376,a000376,5
a_a014500,a014500,2
a_a003367,a003367,3
a_a008058,a008058,2
a_a017925,a017925,2
a_a004458,a004458,3
a_a005337,a005337,2
a_a001138,a001138,2
a_a001621,a001621,3
a_a006560,a006560,2
a_a000535,a000535,3
a_a001393,a001393,4
a_a002292,a002292,3
a_a018026,a018026,2
c_c002949,c002949,2
a_a000222,a000222,4
a_a005012,a005012,3
a_a005149,a005149,2
a_a005120,a005120,3
a_a002532,a002532,3
a_a001210,a001210,2
a_a018005,a018005,2
a_a003937,a003937,4
a_a003215,a003215,2
a_a001164,a001164,3
a_a000327,a000327,3
a_a003056,a003056,3
a_a001900,a001900,2
a_a009730,a009730,2
a_a010571,a010571,3
a_a002888,a002888,4
a_a002481,a002481,4
a_a001498,a001498,3
a_a002874,a002874,2
a_a002933,a002933,2
a_a001415,a001415,4
a_a000902,a000902,3
a_a000554,a000554,4
a_a001944,a001944,2
a_a002829,a002829,2
a_a009448,a009448,3
a_a001109,a001109,4
a_a000399,a000399,3
a_a004526,a004526,2
a_a006374,a006374,2
a_a006519,a006519,2
a_a012208,a012208,2
a_a002520,a002520,3
a_a012251,a012251,3
a_a007423,a007423,2
a_a001541,a001541,3
a_a007189,a007189,2
a_a006346,a006346,2
a_a018154,a018154,2
a_a003072,a003072,2
a_a001263,a001263,4
a_a003207,a003207,3
a_a002183,a002183,2
a_a007394,a007394,2
a_a001872,a001872,2
a_a018057,a018057,2
a_a004275,a004275,2
a_a013915,a013915,2
a_a004261,a004261,4
a_a000834,a000834,3
a_a000164,a000164,3
a_a003413,a003413,2
a_a008269,a008269,4
a_a003109,a003109,4
a_a005998,a005998,2
a_a004716,a004716,3
a_a002129,a002129,3
a_a008693,a008693,4
c_c003328,c003328,4
a_a004834,a004834,3
a_a007393,a007393,2
a_a009584,a009584,2
a_a000738,a000738,4
a_a003013,a003013,2
a_a005673,a005673,2
a_a006344,a006344,2
a_a018061,a018061,2
a_a006033,a006033,2
a_a008466,a008466,2
a_a005189,a005189,2
a_a010016,a010016,3
a_a017828,a017828,2
a_a007353,a007353,2
a_a005151,a005151,2
a_a015333,a015333,2
a_a005301,a005301,2
a_a000603,a000603,2
a_a011386,a011386,3
a_a004559,a004559,2
a_a005369,a005369,3
a_a003237,a003237,3
a_a001694,a001694,3
a_a005744,a005744,3
a_a001097,a001097,2
a_a001310,a001310,3
a_a006405,a006405,2
a_a002360,a002360,2
a_a003100,a003100,4
a_a013594,a013594,2
a_a000675,a000675,4
a_a002376,a002376,2
a_a000198,a000198,4
a_a002286,a002286,4
a_a004930,a004930,2
a_a002387,a002387,3
a_a004719,a004719,3
a_a003573,a003573,3
a_a000956,a000956,4
a_a002778,a002778,3
a_a008579,a008579,3
a_a003995,a003995,6
a_a005679,a005679,2
a_a010143,a010143,2
a_a009700,a009700,2
a_a000940,a000940,4
a_a005429,a005429,2
a_a018052,a018052,2
a_a002076,a002076,2
a_a005463,a005463,3
a_a007005,a007005,2
a_a003201,a003201,3
a_a015098,a015098,3
a_a000551,a000551,3
a_a000287,a000287,3
a_a004341,a004341,3
a_a001603,a001603,2
a_a018121,a018121,2
a_a002564,a002564,3
a_a017693,a017693,2
a_a004643,a004643,3
a_a008094,a008094,2
a_a008099,a008099,2
a_a000508,a000508,4
a_a002237,a002237,3
a_a008372,a008372,5
a_a017801,a017801,2
a_a018241,a018241,2
a_a001902,a001902,3
a_a005626,a005626,2
a_a015324,a015324,2
a_a004100,a004100,4
a_a004640,a004640,3
a_a018016,a018016,2
a_a005127,a005127,2
a_a002477,a002477,2
a_a000510,a000510,4
a_a018092,a018092,2
a_a007443,a007443,2
a_a002746,a002746,3
a_a001323,a001323,4
a_a006986,a006986,2
a_a007051,a007051,2
a_a008407,a008407,2
a_a000936,a000936,2
a_a014955,a014955,3
a_a006683,a006683,2
a_a010518,a010518,2
a_a003147,a003147,2
a_a004091,a004091,5
d_d012476,d012476,2
a_a003128,a003128,4
a_a002670,a002670,3
a_a018069,a018069,2
a_a006360,a006360,2
a_a007375,a007375,2
a_a005314,a005314,3
a_a006630,a006630,2
a_a006524,a006524,2
a_a001179,a001179,4
a_a001156,a001156,4
a_a006940,a006940,2
a_a018009,a018009,2
a_a018181,a018181,2
a_a004599,a004599,2
a_a005609,a005609,2
a_a013988,a013988,2
a_a018211,a018211,2
a_a008217,a008217,4
a_a002927,a002927,4
a_a001942,a001942,3
a_a011603,a011603,3
a_a002681,a002681,4
a_a007034,a007034,2
a_a001800,a001800,2
a_a017920,a017920,2
a_a002642,a002642,2
a_a017932,a017932,2
a_a018063,a018063,2
a_a018097,a018097,2
a_a006061,a006061,2
a_a005144,a005144,2
a_a007633,a007633,2
a_a004250,a004250,3
a_a001917,a001917,2
a_a006901,a006901,2
b_b001670,b001670,4
a_a000081,a000081,6
a_a017846,a017846,2
a_a006544,a006544,2
a_a001570,a001570,3
a_a009661,a009661,3
a_a011302,a011302,2
a_a017877,a017877,2
a_a006534,a006534,2
a_a007620,a007620,2
a_a017697,a017697,2
a_a007957,a007957,2
a_a001635,a001635,3
a_a002720,a002720,2
a_a014957,a014957,3
a_a003501,a003501,2
a_a008467,a008467,3
a_a006937,a006937,2
a_a012512,a012512,3
a_a006916,a006916,2
a_a007422,a007422,2
a_a006711,a006711,2
a_a015229,a015229,3
a_a007361,a007361,2
a_a011106,a011106,3
a_a010257,a010257,2
a_a007024,a007024,2
a_a006007,a006007,2
a_a001701,a001701,3
c_c005398,c005398,2
a_a001625,a001625,3
a_a002038,a002038,2
a_a012104,a012104,2
a_a007346,a007346,2
a_a007096,a007096,2
a_a017829,a017829,2
a_a007850,a007850,2
a_a001245,a001245,2
a_a005113,a005113,2
a_a008189,a008189,2
a_a005631,a005631,2
a_a004874,a004874,2
a_a015233,a015233,3
a_a006436,a006436,2
a_a000939,a000939,2
a_a002107,a002107,2
b_b004131,b004131,2
a_a018047,a018047,2
a_a002336,a002336,2
a_a001936,a001936,3
a_a018039,a018039,2
a_a005445,a005445,2
a_a008020,a008020,2
a_a000962,a000962,4
a_a007494,a007494,2
c_c011761,c011761,2
a_a002399,a002399,3
a_a003186,a003186,3
a_a001798,a001798,3
a_a003301,a003301,3
a_a004598,a004598,2
a_a000166,a000166,3
b_b006455,b006455,2
a_a004263,a004263,3
a_a006175,a006175,2
a_a017993,a017993,2
a_a007617,a007617,2
a_a004864,a004864,2
a_a001875,a001875,3
a_a017946,a017946,2
c_c006214,c006214,2
a_a005913,a005913,2
c_c000580,c000580,3
a_a006893,a006893,2
a_a004745,a004745,2
a_a002021,a002021,3
a_a004332,a004332,2
a_a001934,a001934,3
b_b006019,b006019,2
a_a002193,a002193,3
a_a000135,a000135,3
a_a003362,a003362,3
a_a006288,a006288,2
a_a018100,a018100,2
a_a002844,a002844,4
a_a015175,a015175,3
a_a003219,a003219,3
a_a011866,a011866,3
a_a002204,a002204,3
c_c004037,c004037,2
a_a015266,a015266,2
a_a001354,a001354,2
a_a014727,a014727,4
a_a000537,a000537,2
a_a002698,a002698,2
a_a008046,a008046,2
a_a005034,a005034,3
a_a000084,a000084,4
a_a002531,a002531,3
a_a003747,a003747,2
a_a005159,a005159,2
a_a005039,a005039,2
a_a002381,a002381,2
a_a000306,a000306,5
a_a005828,a005828,3
a_a001785,a001785,3
a_a002702,a002702,2
a_a007621,a007621,2
a_a003657,a003657,4
a_a011510,a011510,2
a_a006041,a006041,2
a_a017655,a017655,2
a_a002317,a002317,2
a_a018012,a018012,2
a_a005419,a005419,2
a_a018010,a018010,2
a_a002859,a002859,4
a_a001475,a001475,4
a_a006202,a006202,2
a_a006051,a006051,2
a_a002988,a002988,3
a_a006013,a006013,2
a_a007364,a007364,2
a_a011479,a011479,3
a_a007345,a007345,2
a_a009651,a009651,2
a_a002890,a002890,3
a_a007307,a007307,2
a_a006651,a006651,2
a_a010240,a010240,2
a_a015383,a015383,2
a_a011237,a011237,2
a_a005348,a005348,2
a_a003066,a003066,2
a_a001801,a001801,2
a_a007939,a007939,2
a_a015136,a015136,2
a_a001213,a001213,2
c_c003912,c003912,2
a_a002050,a002050,2
a_a007182,a007182,2
a_a012377,a012377,3
a_a001636,a001636,3
a_a014380,a014380,3
a_a010396,a010396,2
a_a017863,a017863,2
a_a006993,a006993,2
a_a000545,a000545,3
a_a001774,a001774,3
a_a010227,a010227,3
a_a003729,a003729,2
a_a017517,a017517,2
a_a004184,a004184,2
a_a006547,a006547,2
a_a007645,a007645,2
b_b015583,b015583,2
a_a002380,a002380,2
a_a017772,a017772,2
a_a006394,a006394,2
a_a001835,a001835,3
a_a000658,a000658,4
a_a002735,a002735,2
a_a003905,a003905,2
a_a003226,a003226,2
a_a007258,a007258,2
a_a000771,a000771,3
a_a005273,a005273,2
a_a007379,a007379,2
a_a010291,a010291,4
a_a006282,a006282,2
a_a007483,a007483,2
a_a005107,a005107,2
a_a014874,a014874,3
a_a017709,a017709,2
c_c004673,c004673,2
a_a003668,a003668,2
a_a001867,a001867,2
a_a010060,a010060,2
a_a000954,a000954,3
a_a008107,a008107,2
a_a000276,a000276,4
a_a004274,a004274,2
a_a015818,a015818,3
a_a003593,a003593,3
a_a017900,a017900,2
a_a001170,a001170,3
a_a004884,a004884,3
a_a004186,a004186,3
a_a018109,a018109,2
a_a003127,a003127,4
a_a000746,a000746,4
a_a003735,a003735,3
a_a005292,a005292,2
a_a008034,a008034,2
a_a003952,a003952,2
a_a005126,a005126,2
a_a007224,a007224,2
a_a000613,a000613,4
a_a014484,a014484,2
b_b005303,b005303,2
a_a005717,a005717,2
a_a005460,a005460,3
a_a010131,a010131,2
a_a004349,a004349,3
c_c005232,c005232,22
a_a007321,a007321,2
a_a004099,a004099,2
a_a001384,a001384,2
a_a008701,a008701,2
a_a000087,a000087,3
a_a005469,a005469,2
a_a018112,a018112,2
a_a014163,a014163,2
a_a002848,a002848,2
a_a001534,a001534,3
a_a002631,a002631,4
a_a005876,a005876,3
a_a013588,a013588,2
a_a007196,a007196,2
a_a005133,a005133,2
a_a003364,a003364,4
b_b005459,b005459,3
a_a006166,a006166,2
a_a002712,a002712,2
a_a007091,a007091,2
a_a005392,a005392,2
a_a003782,a003782,4
a_a007216,a007216,2
a_a002358,a002358,4
a_a017984,a017984,2
a_a017794,a017794,2
a_a003871,a003871,2
a_a000182,a000182,4
a_a006386,a006386,2
a_a002102,a002102,3
a_a009613,a009613,2
a_a018138,a018138,2
a_a004747,a004747,2
a_a017622,a017622,2
a_a005170,a005170,2
a_a011463,a011463,2
a_a010958,a010958,3
a_a002721,a002721,2
a_a005947,a005947,2
a_a005811,a005811,2
a_a017970,a017970,2
a_a009891,a009891,2
a_a017669,a017669,2
a_a010251,a010251,2
a_a010542,a010542,3
a_a001870,a001870,3
a_a007252,a007252,2
a_a006421,a006421,2
a_a000976,a000976,3
a_a003977,a003977,4
a_a004880,a004880,3
a_a004583,a004583,2
a_a008435,a008435,2
a_a006004,a006004,2
a_a005670,a005670,2
a_a004051,a004051,2
a_a004102,a004102,3
a_a005686,a005686,2
a_a007548,a007548,2
a_a000165,a000165,3
a_a000219,a000219,4
a_a004306,a004306,2
a_a007786,a007786,2
a_a001167,a001167,2
a_a001152,a001152,3
a_a006485,a006485,2
a_a002589,a002589,2
a_a007913,a007913,2
a_a003476,a003476,3
a_a007730,a007730,2
a_a002127,a002127,2
a_a007753,a007753,2
a_a003818,a003818,4
a_a009594,a009594,3
a_a002762,a002762,3
a_a014172,a014172,2
a_a002917,a002917,2
a_a012513,a012513,2
a_a010286,a010286,2
a_a002943,a002943,2
a_a007616,a007616,2
a_a002274,a002274,3
a_a006019,a006019,2
a_a000906,a000906,4
a_a015349,a015349,3
a_a002154,a002154,3
a_a002044,a002044,4
a_a006823,a006823,2
a_a011550,a011550,2
a_a014106,a014106,2
a_a003723,a003723,3
a_a007165,a007165,2
a_a014226,a014226,2
b_b006609,b006609,2
a_a007953,a007953,2
a_a007496,a007496,2
a_a007820,a007820,2
a_a017864,a017864,2
a_a008224,a008224,4
a_a006880,a006880,2
a_a006182,a006182,2
a_a006535,a006535,2
a_a004739,a004739,2
a_a001922,a001922,3
a_a007318,a007318,2
a_a007159,a007159,2
a_a015316,a015316,2
a_a017923,a017923,2
a_a017803,a017803,2
a_a015308,a015308,3
a_a001272,a001272,3
a_a007380,a007380,2
a_a004549,a004549,2
a_a000704,a000704,3
a_a007971,a007971,2
a_a007356,a007356,2
a_a001999,a001999,3
a_a002861,a002861,3
a_a006579,a006579,2
a_a002507,a002507,2
a_a002763,a002763,3
a_a006309,a006309,2
a_a012519,a012519,2
a_a017613,a017613,2
a_a004752,a004752,2
a_a001851,a001851,3
a_a015096,a015096,3
a_a014891,a014891,2
a_a003647,a003647,3
a_a002884,a002884,3
a_a000749,a000749,2
a_a003876,a003876,2
a_a011478,a011478,2
a_a007960,a007960,2
a_a007506,a007506,3
a_a004294,a004294,2
a_a017967,a017967,2
a_a007334,a007334,2
a_a009704,a009704,3
a_a007363,a007363,2
a_a000434,a000434,3
a_a011175,a011175,3
a_a003481,a003481,3
a_a006982,a006982,2
a_a018082,a018082,2
a_a001540,a001540,3
a_a017503,a017503,2
a_a003322,a003322,4
a_a000664,a000664,4
a_a001337,a001337,4
a_a010290,a010290,3
a_a006584,a006584,2
a_a017930,a017930,2
a_a015619,a015619,4
a_a006942,a006942,2
a_a013595,a013595,2
a_a000563,a000563,3
a_a007925,a007925,2
a_a001645,a001645,3
a_a018089,a018089,2
a_a008098,a008098,2
a_a010135,a010135,5
a_a009681,a009681,4
a_a000546,a000546,3
a_a017927,a017927,2
a_a000567,a000567,3
a_a014834,a014834,2
a_a005290,a005290,2
a_a002513,a002513,2
a_a010341,a010341,3
a_a006566,a006566,2
a_a004303,a004303,2
a_a018190,a018190,2
a_a015261,a015261,3
a_a002064,a002064,3
a_a004042,a004042,3
a_a017742,a017742,2
a_a017605,a017605,2
a_a005997,a005997,2
a_a005559,a005559,3
a_a007582,a007582,2
a_a004118,a004118,4
a_a000893,a000893,3
a_a000507,a000507,3
a_a018139,a018139,2
a_a007778,a007778,2
a_a009906,a009906,2
a_a004312,a004312,2
a_a001960,a001960,3
a_a005096,a005096,2
a_a001731,a001731,3
a_a009750,a009750,2
a_a013847,a013847,2
a_a003757,a003757,4
a_a006537,a006537,2
a_a005538,a005538,2
a_a002497,a002497,2
a_a002600,a002600,3
a_a002032,a002032,3
a_a006616,a006616,2
a_a004415,a004415,3
a_a000417,a000417,4
a_a006769,a006769,2
a_a017738,a017738,2
a_a012416,a012416,3
a_a017671,a017671,2
a_a001715,a001715,3
a_a010349,a010349,2
a_a000862,a000862,3
a_a010002,a010002,2
a_a006502,a006502,2
a_a002885,a002885,2
a_a001471,a001471,2
a_a009509,a009509,2
a_a005254,a005254,2
a_a008562,a008562,2
b_b011628,b011628,2
a_a004594,a004594,2
a_a004646,a004646,2
a_a006021,a006021,2
a_a002126,a002126,3
a_a014772,a014772,2
a_a005514,a005514,2
a_a018084,a018084,2
a_a018151,a018151,2
a_a004679,a004679,2
a_a003791,a003791,2
a_a002887,a002887,2
a_a005825,a005825,3
a_a006112,a006112,2
a_a001759,a001759,2
a_a009742,a009742,2
a_a014130,a014130,2
a_a007400,a007400,2
a_a002060,a002060,2
a_a005996,a005996,2
a_a017974,a017974,2
a_a002472,a002472,2
a_a006707,a006707,2
a_a006203,a006203,2
a_a002840,a002840,4
a_a011640,a011640,2
a_a000885,a000885,3
a_a017847,a017847,2
a_a000643,a000643,2
a_a001474,a001474,4
a_a011277,a011277,3
a_a000445,a000445,5
a_a000360,a000360,4
a_a007922,a007922,2
a_a003554,a003554,2
a_a008563,a008563,2
a_a007297,a007297,2
a_a000934,a000934,5
a_a004066,a004066,3
a_a009662,a009662,2
a_a007845,a007845,2
a_a008375,a008375,5
a_a002465,a002465,2
a_a003300,a003300,3
a_a007229,a007229,2
a_a004810,a004810,3
a_a006804,a006804,2
a_a002731,a002731,3
a_a000179,a000179,3
a_a005694,a005694,3
a_a009387,a009387,2
a_a003262,a003262,2
a_a010073,a010073,4
a_a000086,a000086,4
a_a011622,a011622,2
a_a003650,a003650,2
a_a005145,a005145,2
a_a008415,a008415,2
a_a007004,a007004,2
a_a001158,a001158,4
a_a006247,a006247,3
a_a012313,a012313,4
a_a007984,a007984,3
a_a015355,a015355,2
a_a005867,a005867,3
a_a001084,a001084,3
a_a001885,a001885,3
a_a010961,a010961,3
a_a011502,a011502,2
a_a002986,a002986,2
a_a006311,a006311,2
a_a004024,a004024,3
a_a002897,a002897,2
a_a006355,a006355,2
a_a001160,a001160,3
a_a001268,a001268,3
a_a002003,a002003,2
a_a009397,a009397,4
a_a007244,a007244,2
c_c002786,c002786,3
a_a000497,a000497,2
a_a001505,a001505,3
a_a001495,a001495,4
a_a010289,a010289,3
a_a014703,a014703,2
a_a001256,a001256,3
a_a010065,a010065,2
a_a003335,a003335,3
a_a003108,a003108,4
a_a006489,a006489,2
a_a003563,a003563,5
a_a002271,a002271,4
a_a003411,a003411,2
a_a008457,a008457,3
a_a007638,a007638,2
a_a002111,a002111,3
a_a007634,a007634,2
a_a007716,a007716,2
